species,genus,a,b,n_records,length_type,Lmin_cm,Lmax_cm,family,order,class
Pleuronectes platessa,Pleuronectes,0.00986,3.013,16,TL,1.145,70,Pleuronectidae,Pleuronectiformes,Teleostei
Oreochromis niloticus,Oreochromis,0.0299,2.9,37,TL,0.9,53,Cichlidae,Cichliformes,Teleostei
Oreochromis mossambicus,Oreochromis,0.03195,2.9601,24,TL,1.2,35.6,Cichlidae,Cichliformes,Teleostei
Engraulis ringens,Engraulis,0.0046,3.121,5,,,,Engraulidae,Clupeiformes,Teleostei
Orthopristis chrysoptera,Orthopristis,0.019,3.0005,10,SL,1.7,27.2,Haemulidae,Eupercaria/misc,Teleostei
Coryphaena equiselis,Coryphaena,0.019,2.767,4,FL,28.3,145.7,Coryphaenidae,Carangiformes,Teleostei
Abalistes stellatus,Abalistes,0.053735,2.73125,4,FL,7,53.5,Balistidae,Tetraodontiformes,Teleostei
Scyris indica,Scyris,0.0717,2.59,5,TL,11.4,69.5,Carangidae,Carangiformes,Teleostei
Cephalopholis cruentata,Cephalopholis,0.0121,3.082,3,TL,5,29,Epinephelidae,Perciformes/Serranoidei,Teleostei
Epinephelus adscensionis,Epinephelus,0.012905,3.202,4,TL,4,65,Epinephelidae,Perciformes/Serranoidei,Teleostei
Epinephelus guttatus,Epinephelus,0.01435,3.0495,6,FL,13.9,54.5,Epinephelidae,Perciformes/Serranoidei,Teleostei
Epinephelus itajara,Epinephelus,0.0131,3.056,1,,,,Epinephelidae,Perciformes/Serranoidei,Teleostei
Epinephelus morio,Epinephelus,0.02635,2.9595,4,SL,8.2,85,Epinephelidae,Perciformes/Serranoidei,Teleostei
Epinephelus striatus,Epinephelus,0.0097,3.13,11,TL,15,82,Epinephelidae,Perciformes/Serranoidei,Teleostei
Balistes vetula,Balistes,0.0334,2.86745,16,FL,12,65,Balistidae,Tetraodontiformes,Teleostei
Argentina sphyraena,Argentina,0.00413,3.10445,10,TL,2.7,45.5,Argentinidae,Argentiniformes,Teleostei
Benthosema glaciale,Benthosema,0.0106,3.076,17,SL,2,7.4,Myctophidae,Myctophiformes,Teleostei
Clupea harengus,Clupea,0.00633,3.037,117,TL,3.75,39.75,Clupeidae,Clupeiformes,Teleostei
Callionymus reticulatus,Callionymus,0.0178,2.55,5,TL,1,18.5,Callionymidae,Callionymiformes,Teleostei
Callionymus lyra,Callionymus,0.0126,2.6613,16,TL,2.6,30.5,Callionymidae,Callionymiformes,Teleostei
Glyptocephalus cynoglossus,Glyptocephalus,0.0024,3.299,9,TL,3.9,64,Pleuronectidae,Pleuronectiformes,Teleostei
Lepidorhombus boscii,Lepidorhombus,0.00385,3.1975,24,TL,1.4,52.5,Scophthalmidae,Pleuronectiformes,Teleostei
Lepidorhombus whiffiagonis,Lepidorhombus,0.00327,3.215,15,TL,2.5,58,Scophthalmidae,Pleuronectiformes,Teleostei
Merlangius merlangus,Merlangius,0.0067,3.0248,37,TL,3.35,91.5,Gadidae,Gadiformes,Teleostei
Merluccius merluccius,Merluccius,0.0046,3.124,111,TL,2.7,121,Merlucciidae,Gadiformes,Teleostei
Micromesistius poutassou,Micromesistius,0.0039,3.129,25,TL,3,55.5,Gadidae,Gadiformes,Teleostei
Microchirus variegatus,Microchirus,0.0089,3.079,11,TL,2.15,21,Soleidae,Pleuronectiformes,Teleostei
Molva molva,Molva,0.00348,3.1068,4,TL,18.5,172,Lotidae,Gadiformes,Teleostei
Pollachius pollachius,Pollachius,0.00883,2.9965,6,TL,4,94,Gadidae,Gadiformes,Teleostei
Anguilla anguilla,Anguilla,0.0011,3.15,67,TL,5.3,121.5,Anguillidae,Anguilliformes,Teleostei
Agonus cataphractus,Agonus,0.0104,2.8669,3,TL,2.1,18.5,Agonidae,Perciformes/Cottoidei,Teleostei
Ammodytes marinus,Ammodytes,0.00124,3.32,5,TL,3.5,19.25,Ammodytidae,Perciformes/Uranoscopoidei,Teleostei
Ammodytes tobianus,Ammodytes,0.00565,2.77135,6,TL,7.75,24.25,Ammodytidae,Perciformes/Uranoscopoidei,Teleostei
Aphia minuta,Aphia,0.00096,3.54,15,TL,1.2,6.9,Gobiidae,Gobiiformes,Teleostei
Argyropelecus affinis,Argyropelecus,0.01795,3,6,SL,1.5,7.8,Sternoptychidae,Stomiiformes,Teleostei
Arnoglossus laterna,Arnoglossus,0.0071,3.04,29,TL,1.6,24.2,Bothidae,Pleuronectiformes,Teleostei
Arnoglossus imperialis,Arnoglossus,0.0045,3.17,5,TL,8.3,18,Bothidae,Pleuronectiformes,Teleostei
Arnoglossus thori,Arnoglossus,0.006,3.1605,14,TL,3.8,18.8,Bothidae,Pleuronectiformes,Teleostei
Chelidonichthys cuculus,Chelidonichthys,0.007935,3.08985,18,TL,5.2,70,Triglidae,Perciformes/Scorpaenoidei,Teleostei
Atherina presbyter,Atherina,0.0064,3.05,5,TL,3,12.2,Atherinidae,Atheriniformes,Teleostei
Melanolagus bericoides,Melanolagus,0.0038,3.12,1,SL,12.8,16.7,Bathylagidae,Argentiniformes,Teleostei
Belone belone,Belone,9e-04,3.095,20,TL,1.05,91.6,Belonidae,Beloniformes,Teleostei
Parablennius gattorugine,Parablennius,0.0106,3.01,5,TL,3.2,16.1,Blenniidae,Blenniiformes,Teleostei
Blennius ocellaris,Blennius,0.0167,2.959,13,TL,4.1,20.6,Blenniidae,Blenniiformes,Teleostei
Brosme brosme,Brosme,0.009195,3.09,6,TL,6,104,Lotidae,Gadiformes,Teleostei
Buenia jeffreysii,Buenia,0.00521,3.271,1,TL,1.12,4.2,Gobiidae,Gobiiformes,Teleostei
Buglossidium luteum,Buglossidium,0.0091,3.06,15,TL,1.2,20,Soleidae,Pleuronectiformes,Teleostei
Capros aper,Capros,0.0264,2.82,14,TL,2,16.5,Caproidae,Acanthuriformes,Teleostei
Centrolabrus exoletus,Centrolabrus,0.004885,3.23,2,TL,,,Labridae,Eupercaria/misc,Teleostei
Cepola macrophthalma,Cepola,0.01535,2.031,19,TL,6.8,68.2,Cepolidae,Eupercaria/misc,Teleostei
Coris julis,Coris,0.006825,3.1144,14,TL,1.9,23,Labridae,Eupercaria/misc,Teleostei
Symphodus melops,Symphodus,0.00883,3.16,4,TL,4.5,18,Labridae,Eupercaria/misc,Teleostei
Ctenolabrus rupestris,Ctenolabrus,0.0123,3,1,TL,,,Labridae,Eupercaria/misc,Teleostei
Cyclopterus lumpus,Cyclopterus,0.063,2.91,5,TL,3.5,50.5,Cyclopteridae,Perciformes/Cottoidei,Teleostei
Dicentrarchus labrax,Dicentrarchus,0.00961,3.039,25,TL,1.6,88,Moronidae,Eupercaria/misc,Teleostei
Diplecogaster bimaculata,Diplecogaster,0.01413,2.737,1,TL,2,3.55,Gobiesocidae,Gobiesociformes,Teleostei
Echiodon drummondii,Echiodon,0.000625,3,2,SL,30,30,Carapidae,Ophidiiformes,Teleostei
Engraulis encrasicolus,Engraulis,0.0045,3.13,99,TL,1.8,21.25,Engraulidae,Clupeiformes,Teleostei
Entelurus aequoreus,Entelurus,0.00026,2.89035,2,TL,16.5,45.5,Syngnathidae,Syngnathiformes,Teleostei
Eutrigla gurnardus,Eutrigla,0.00615,3.079,20,TL,1.55,44,Triglidae,Perciformes/Scorpaenoidei,Teleostei
Gadus morhua,Gadus,0.00723,3.07265,52,TL,2.5,141,Gadidae,Gadiformes,Teleostei
Gobius niger,Gobius,0.008915,3.12495,20,TL,2,25.3,Gobiidae,Gobiiformes,Teleostei
Gobius paganellus,Gobius,0.00995,3.1705,6,TL,2.1,11.5,Gobiidae,Gobiiformes,Teleostei
Gymnammodytes semisquamatus,Gymnammodytes,6e-04,3.476,1,,,,Ammodytidae,Perciformes/Uranoscopoidei,Teleostei
Helicolenus dactylopterus,Helicolenus,0.011445,3.0985,24,TL,2,50,Sebastidae,Perciformes/Scorpaenoidei,Teleostei
Istiophorus albicans,Istiophorus,0.007,2.01,3,CO,107,288,Istiophoridae,Carangiformes,Teleostei
Istiophorus platypterus,Istiophorus,0.0182,2.685,12,OT,78,348,Istiophoridae,Carangiformes,Teleostei
Ctenopharyngodon idella,Ctenopharyngodon,0.0206,2.97,15,SL,2.9,82.6,Xenocyprididae,Cypriniformes,Teleostei
Chanos chanos,Chanos,0.009,3.02,19,FL,2.23,71.9,Chanidae,Gonorynchiformes,Teleostei
Aphareus furca,Aphareus,0.022195,2.9735,4,SL,13,47,Lutjanidae,Eupercaria/misc,Teleostei
Labeo rohita,Labeo,0.006015,3.216,30,TL,5,94,Cyprinidae,Cypriniformes,Teleostei
Aphareus rutilans,Aphareus,0.0218,2.77,7,FL,10,98,Lutjanidae,Eupercaria/misc,Teleostei
Aprion virescens,Aprion,0.0175,2.9275,10,FL,22.5,88,Lutjanidae,Eupercaria/misc,Teleostei
Apsilus dentatus,Apsilus,0.01495,3,2,,,,Lutjanidae,Eupercaria/misc,Teleostei
Apsilus fuscus,Apsilus,0.0049,3.2023,1,TL,18.3,52.7,Lutjanidae,Eupercaria/misc,Teleostei
Etelis carbunculus,Etelis,0.0216,2.95,7,FL,16.4,101,Lutjanidae,Eupercaria/misc,Teleostei
Lamna nasus,Lamna,0.0286,2.924,5,TL,91,236,Lamnidae,Lamniformes,Elasmobranchii
Acanthocybium solandri,Acanthocybium,0.00303,3.201,9,TL,82.6,176,Scombridae,Scombriformes,Teleostei
Allothunnus fallai,Allothunnus,0.0152,3,1,FL,92,92,Scombridae,Scombriformes,Teleostei
Acanthostracion quadricornis,Acanthostracion,0.033,2.41,5,TL,5,55,Ostraciidae,Tetraodontiformes,Teleostei
Auxis rochei,Auxis,0.0082,3.195,12,FL,28.5,51,Scombridae,Scombriformes,Teleostei
Auxis thazard,Auxis,0.00845,3.182,12,TL,18,61.1,Scombridae,Scombriformes,Teleostei
Cybiosarda elegans,Cybiosarda,0.00245,3.335,3,TL,41.5,41.5,Scombridae,Scombriformes,Teleostei
Euthynnus affinis,Euthynnus,0.0273,2.85285,12,TL,11,80,Scombridae,Scombriformes,Teleostei
Euthynnus alletteratus,Euthynnus,0.01505,3.0175,8,FL,20,101.3,Scombridae,Scombriformes,Teleostei
Euthynnus lineatus,Euthynnus,0.0242,3.018,1,,,,Scombridae,Scombriformes,Teleostei
Alepisaurus ferox,Alepisaurus,0.00465,3,1,TL,46,46,Alepisauridae,Aulopiformes,Teleostei
Gasterochisma melampus,Gasterochisma,0.01128,3,1,FL,175.5,175.5,Scombridae,Scombriformes,Teleostei
Alosa alosa,Alosa,0.00398,3.045,15,TL,10,73,Alosidae,Clupeiformes,Teleostei
Grammatorcynus bicarinatus,Grammatorcynus,0.00875,3,1,TL,112,112,Scombridae,Scombriformes,Teleostei
Grammatorcynus bilineatus,Grammatorcynus,0.00817,3,2,SL,49.5,49.5,Scombridae,Scombriformes,Teleostei
Alosa immaculata,Alosa,0.01,3.04,9,TL,9,39,Alosidae,Clupeiformes,Teleostei
Gymnosarda unicolor,Gymnosarda,0.0257,2.9325,2,FL,54,102,Scombridae,Scombriformes,Teleostei
Katsuwonus pelamis,Katsuwonus,0.00852,3.255,29,FL,19,88,Scombridae,Scombriformes,Teleostei
Rastrelliger brachysoma,Rastrelliger,0.01,3.213,5,TL,12,22.9,Scombridae,Scombriformes,Teleostei
Rastrelliger faughni,Rastrelliger,0.0096,3.022,1,TL,13.3,24,Scombridae,Scombriformes,Teleostei
Rastrelliger kanagurta,Rastrelliger,0.0061,3.191,27,TL,5,31.5,Scombridae,Scombriformes,Teleostei
Sarda australis,Sarda,0.00767,3,1,TL,107,107,Scombridae,Scombriformes,Teleostei
Sarda chiliensis,Sarda,0.01175,3.025,6,,20,71,Scombridae,Scombriformes,Teleostei
Sarda orientalis,Sarda,0.02502,2.82055,4,FL,,,Scombridae,Scombriformes,Teleostei
Sarda sarda,Sarda,0.0054,3.16,21,TL,10.4,90,Scombridae,Scombriformes,Teleostei
Scomber australasicus,Scomber,0.005855,3.1683,8,TL,13.3,35.6,Scombridae,Scombriformes,Teleostei
Scomber japonicus,Scomber,0.0049,3.227,35,TL,2.47,47.2,Scombridae,Scombriformes,Teleostei
Scomber scombrus,Scomber,0.00318,3.29715,42,TL,7.5,47.5,Scombridae,Scombriformes,Teleostei
Scomberomorus brasiliensis,Scomberomorus,0.01375,2.865,6,FL,12,90,Scombridae,Scombriformes,Teleostei
Scomberomorus cavalla,Scomberomorus,0.0116,2.9554,13,FL,20,159,Scombridae,Scombriformes,Teleostei
Scomberomorus commerson,Scomberomorus,0.0099,2.91,33,FL,9.1,172,Scombridae,Scombriformes,Teleostei
Scomberomorus guttatus,Scomberomorus,0.009685,2.883,10,TL,14,85.5,Scombridae,Scombriformes,Teleostei
Scomberomorus lineolatus,Scomberomorus,0.00428,3.0405,2,TL,,,Scombridae,Scombriformes,Teleostei
Scomberomorus maculatus,Scomberomorus,0.00884,2.982,7,FL,18,69,Scombridae,Scombriformes,Teleostei
Apogonichthyoides taeniatus,Apogonichthyoides,0.0332,2.82245,2,OT,7.8,12.2,Apogonidae,Kurtiformes,Teleostei
Scomberomorus munroi,Scomberomorus,0.00847,3,1,TL,103,103,Scombridae,Scombriformes,Teleostei
Argyropelecus aculeatus,Argyropelecus,0.0255,2.998,2,SL,3,8.2,Sternoptychidae,Stomiiformes,Teleostei
Scomberomorus niphonius,Scomberomorus,0.00679,3.0225,4,TL,11.2,113.2,Scombridae,Scombriformes,Teleostei
Scomberomorus plurilineatus,Scomberomorus,0.0126,2.941,1,,,,Scombridae,Scombriformes,Teleostei
Scomberomorus queenslandicus,Scomberomorus,0.02627,2.6561,3,TL,,,Scombridae,Scombriformes,Teleostei
Scomberomorus regalis,Scomberomorus,0.0202,2.8,1,FL,40,66,Scombridae,Scombriformes,Teleostei
Scomberomorus semifasciatus,Scomberomorus,0.0125,2.88185,2,TL,95,95,Scombridae,Scombriformes,Teleostei
Scomberomorus sierra,Scomberomorus,0.005,2.9976,7,TL,3.35,99,Scombridae,Scombriformes,Teleostei
Scomberomorus sinensis,Scomberomorus,0.00824,3,1,TL,170,170,Scombridae,Scombriformes,Teleostei
Somniosus microcephalus,Somniosus,0.005,3.1346,7,TL,64.8,460,Somniosidae,Squaliformes,Elasmobranchii
Squalus acanthias,Squalus,0.0027,3.1056,41,TL,13,144,Squalidae,Squaliformes,Elasmobranchii
Pseudobatos percellens,Pseudobatos,0.0064,2.88,2,SL,16,62.3,Rhinobatidae,Rhinopristiformes,Elasmobranchii
Scomberomorus tritor,Scomberomorus,0.0118,2.93,3,TL,6,79,Scombridae,Scombriformes,Teleostei
Thunnus alalunga,Thunnus,0.0284,2.8,22,FL,32,122,Scombridae,Scombriformes,Teleostei
Thunnus albacares,Thunnus,0.0216,2.944,17,FL,28,185,Scombridae,Scombriformes,Teleostei
Thunnus atlanticus,Thunnus,0.0169,3.0262,6,FL,28,90,Scombridae,Scombriformes,Teleostei
Thunnus maccoyii,Thunnus,0.0164,3.06,9,FL,,,Scombridae,Scombriformes,Teleostei
Thunnus obesus,Thunnus,0.0169,3.09,5,FL,16.5,190,Scombridae,Scombriformes,Teleostei
Thunnus thynnus,Thunnus,0.0199,2.947,16,FL,50,290,Scombridae,Scombriformes,Teleostei
Thunnus tonggol,Thunnus,0.0425,2.728,6,TL,32,136,Scombridae,Scombriformes,Teleostei
Pseudobatos planiceps,Pseudobatos,0.00182,3.18,1,TL,54.5,113.5,Rhinobatidae,Rhinopristiformes,Elasmobranchii
Lutjanus guilcheri,Lutjanus,0.0284,2.851,1,TL,27.5,62.8,Lutjanidae,Eupercaria/misc,Teleostei
Lutjanus guttatus,Lutjanus,0.0175,2.8975,4,TL,1.8,105,Lutjanidae,Eupercaria/misc,Teleostei
Lutjanus jocu,Lutjanus,0.0158,2.998,11,TL,2.4,100,Lutjanidae,Eupercaria/misc,Teleostei
Lutjanus kasmira,Lutjanus,0.01225,3.128,6,FL,4,35,Lutjanidae,Eupercaria/misc,Teleostei
Lutjanus lemniscatus,Lutjanus,0.01357,3,5,TL,25,92,Lutjanidae,Eupercaria/misc,Teleostei
Lutjanus lutjanus,Lutjanus,0.0201,2.966,7,TL,8.5,28.1,Lutjanidae,Eupercaria/misc,Teleostei
Lutjanus madras,Lutjanus,0.0234,2.90445,2,TL,18.8,32.5,Lutjanidae,Eupercaria/misc,Teleostei
Lutjanus mahogoni,Lutjanus,0.0428,2.719,3,FL,11,41.6,Lutjanidae,Eupercaria/misc,Teleostei
Lutjanus malabaricus,Lutjanus,0.02075,2.9175,12,TL,9,73,Lutjanidae,Eupercaria/misc,Teleostei
Lutjanus monostigma,Lutjanus,0.02218,2.91252,3,FL,20.2,53.5,Lutjanidae,Eupercaria/misc,Teleostei
Callorhinchus capensis,Callorhinchus,0.00797,3,1,TL,87,87,Callorhinchidae,Chimaeriformes,Holocephali
Lutjanus novemfasciatus,Lutjanus,0.0238,2.93,7,SL,2,135,Lutjanidae,Eupercaria/misc,Teleostei
Lutjanus peru,Lutjanus,0.0142,3,1,TL,52.7,70.5,Lutjanidae,Eupercaria/misc,Teleostei
Lutjanus purpureus,Lutjanus,0.0129,2.99,6,TL,27.3,49.8,Lutjanidae,Eupercaria/misc,Teleostei
Lutjanus quinquelineatus,Lutjanus,0.0123,3.098,5,FL,5.5,31.7,Lutjanidae,Eupercaria/misc,Teleostei
Lutjanus rivulatus,Lutjanus,0.02132,3,6,TL,14,85.5,Lutjanidae,Eupercaria/misc,Teleostei
Polyodon spathula,Polyodon,0.01,2.85,7,FL,40.6,152.39999,Polyodontidae,Acipenseriformes,Chondrostei
Elops saurus,Elops,0.010795,2.934,10,SL,2.5,65.6,Elopidae,Elopiformes,Teleostei
Lutjanus russellii,Lutjanus,0.01195,3.071795,6,TL,9.5,37,Lutjanidae,Eupercaria/misc,Teleostei
Lutjanus sanguineus,Lutjanus,0.025,2.877,7,FL,17.5,78,Lutjanidae,Eupercaria/misc,Teleostei
Lutjanus sebae,Lutjanus,0.012185,3.114,12,FL,20,77,Lutjanidae,Eupercaria/misc,Teleostei
Lutjanus semicinctus,Lutjanus,0.00398,3.42802,1,FL,18,35,Lutjanidae,Eupercaria/misc,Teleostei
Lutjanus synagris,Lutjanus,0.02095,2.895,30,FL,2.2,58,Lutjanidae,Eupercaria/misc,Teleostei
Lutjanus timoriensis,Lutjanus,0.0344,3,3,SL,10,73.7,Lutjanidae,Eupercaria/misc,Teleostei
Lutjanus vitta,Lutjanus,0.01265,3.080585,8,TL,6,38.5,Lutjanidae,Eupercaria/misc,Teleostei
Lutjanus vivanus,Lutjanus,0.0219,2.9305,12,FL,10.2,78,Lutjanidae,Eupercaria/misc,Teleostei
Macolor macularis,Macolor,0.0274,2.91,1,FL,20.8,58.2,Lutjanidae,Eupercaria/misc,Teleostei
Macolor niger,Macolor,0.018115,3,4,FL,16.7,56.5,Lutjanidae,Eupercaria/misc,Teleostei
Ocyurus chrysurus,Ocyurus,0.0321,2.7595,24,FL,1.5,80,Lutjanidae,Eupercaria/misc,Teleostei
Paracaesio gonzalesi,Paracaesio,0.0354,3,1,SL,28.5,28.5,Lutjanidae,Eupercaria/misc,Teleostei
Paracaesio kusakarii,Paracaesio,0.0106,3.135,1,FL,20,62,Lutjanidae,Eupercaria/misc,Teleostei
Paracaesio sordida,Paracaesio,0.02745,3.0165,2,SL,12,27.5,Lutjanidae,Eupercaria/misc,Teleostei
Paracaesio stonei,Paracaesio,0.209,2.301,2,FL,,,Lutjanidae,Eupercaria/misc,Teleostei
Paracaesio xanthurus,Paracaesio,0.02745,2.9945,2,SL,13,26.5,Lutjanidae,Eupercaria/misc,Teleostei
Pinjalo pinjalo,Pinjalo,0.008,3.123,1,TL,32.5,58.5,Lutjanidae,Eupercaria/misc,Teleostei
Pristipomoides aquilonaris,Pristipomoides,0.0251,2.873,3,SL,3,23,Lutjanidae,Eupercaria/misc,Teleostei
Pristipomoides argyrogrammicus,Pristipomoides,0.0127,3.14,3,FL,16.1,33,Lutjanidae,Eupercaria/misc,Teleostei
Pristipomoides auricilla,Pristipomoides,0.016,3.049,3,FL,18.9,42,Lutjanidae,Eupercaria/misc,Teleostei
Pristipomoides filamentosus,Pristipomoides,0.0259,2.8099,9,FL,15.2,77,Lutjanidae,Eupercaria/misc,Teleostei
Pristipomoides flavipinnis,Pristipomoides,0.0249,2.854,5,FL,19.7,76.6,Lutjanidae,Eupercaria/misc,Teleostei
Boops boops,Boops,0.0074,3.088,51,TL,3.7,40,Sparidae,Eupercaria/misc,Teleostei
Sarpa salpa,Sarpa,0.012,3.1105,26,TL,1.9,43,Sparidae,Eupercaria/misc,Teleostei
Pristipomoides freemani,Pristipomoides,0.0127,3.14,1,TL,,,Lutjanidae,Eupercaria/misc,Teleostei
Pristipomoides macrophthalmus,Pristipomoides,0.0229,2.95,1,FL,,,Lutjanidae,Eupercaria/misc,Teleostei
Bothus podas,Bothus,0.00925,3.08905,12,TL,2.5,22.9,Bothidae,Pleuronectiformes,Teleostei
Pristipomoides multidens,Pristipomoides,0.014555,2.959,6,FL,26,70,Lutjanidae,Eupercaria/misc,Teleostei
Pristipomoides sieboldii,Pristipomoides,0.01561,3.084,2,FL,21.1,63.2,Lutjanidae,Eupercaria/misc,Teleostei
Pristipomoides typus,Pristipomoides,0.0136,2.9548,6,TL,9,67,Lutjanidae,Eupercaria/misc,Teleostei
Pristipomoides zonatus,Pristipomoides,0.018,2.995,3,FL,16.6,57.5,Lutjanidae,Eupercaria/misc,Teleostei
Rhomboplites aurorubens,Rhomboplites,0.0233,2.895,14,FL,5,62,Lutjanidae,Eupercaria/misc,Teleostei
Symphorus nematophorus,Symphorus,0.02505,2.912,6,FL,44.5,92,Lutjanidae,Eupercaria/misc,Teleostei
Makaira nigricans,Makaira,0.00541,3.059,4,FL,92,369,Istiophoridae,Carangiformes,Teleostei
Istiompax indica,Istiompax,0.003305,2.814,2,FL,108,332,Istiophoridae,Carangiformes,Teleostei
Makaira mazara,Makaira,0.1,2.6181,1,OT,109,201,Istiophoridae,Carangiformes,Teleostei
Kajikia albida,Kajikia,0.00463,3,1,FL,,,Istiophoridae,Carangiformes,Teleostei
Tetrapturus pfluegeri,Tetrapturus,0.00442,3,1,FL,163,225,Istiophoridae,Carangiformes,Teleostei
Kajikia audax,Kajikia,0.01517,2.89,11,OT,95,283,Istiophoridae,Carangiformes,Teleostei
Callionymus filamentosus,Callionymus,0.0284,2.513,3,TL,5.8,15.5,Callionymidae,Callionymiformes,Teleostei
Xiphias gladius,Xiphias,0.00431,3.19,17,OT,51,281,Xiphiidae,Carangiformes,Teleostei
Megalops cyprinoides,Megalops,0.01256,3.01888,8,FL,14.4,47.8,Megalopidae,Elopiformes,Teleostei
Albula vulpes,Albula,0.0235,2.89,8,FL,2.1,78,Albulidae,Albuliformes,Teleostei
Nemoossis belloci,Nemoossis,0.02,2.79,1,TL,21.3,70,Albulidae,Albuliformes,Teleostei
Alepocephalus bairdii,Alepocephalus,0.00296,3.2085,2,TL,12,83.5,Alepocephalidae,Alepocephaliformes,Teleostei
Coregonus albula,Coregonus,0.005,3.2,7,TL,8.1,24,Salmonidae,Salmoniformes,Teleostei
Coregonus lavaretus,Coregonus,0.01065,2.985,14,FL,16.2,60.5,Salmonidae,Salmoniformes,Teleostei
Coregonus clupeaformis,Coregonus,0.00478,3.254,23,FL,15.5,52.9,Salmonidae,Salmoniformes,Teleostei
Coregonus artedi,Coregonus,0.0059,3.24,14,SL,8,42.4,Salmonidae,Salmoniformes,Teleostei
Salmo salar,Salmo,0.01091,3,14,FL,9,41.5,Salmonidae,Salmoniformes,Teleostei
Salmo trutta,Salmo,0.011235,2.998,84,TL,2.8,130,Salmonidae,Salmoniformes,Teleostei
Oncorhynchus mykiss,Oncorhynchus,0.0095,2.954,16,FL,2,79.5,Salmonidae,Salmoniformes,Teleostei
Oncorhynchus gorbuscha,Oncorhynchus,0.01368,3.25,2,FL,,,Salmonidae,Salmoniformes,Teleostei
Oncorhynchus keta,Oncorhynchus,0.01854,3.1,2,FL,101,101,Salmonidae,Salmoniformes,Teleostei
Oncorhynchus masou,Oncorhynchus,0.01367,3,7,FL,1.9,57,Salmonidae,Salmoniformes,Teleostei
Oncorhynchus nerka,Oncorhynchus,0.017385,3,2,TL,65,71,Salmonidae,Salmoniformes,Teleostei
Oncorhynchus tshawytscha,Oncorhynchus,0.01333,3,1,TL,149,149,Salmonidae,Salmoniformes,Teleostei
Oncorhynchus kisutch,Oncorhynchus,0.0112,3,1,TL,98,98,Salmonidae,Salmoniformes,Teleostei
Salvelinus fontinalis,Salvelinus,0.00871,3.097,23,TL,5.8,34.3,Salmonidae,Salmoniformes,Teleostei
Salvelinus alpinus,Salvelinus,0.00776,3.125,7,FL,11.1,36.9,Salmonidae,Salmoniformes,Teleostei
Salvelinus namaycush,Salvelinus,0.00526,3.138,11,TL,,,Salmonidae,Salmoniformes,Teleostei
Centrolophus niger,Centrolophus,0.0024,3.346,1,TL,39,65.5,Centrolophidae,Scombriformes,Teleostei
Schedophilus ovalis,Schedophilus,0.0022,3.46,1,TL,37.7,82.2,Centrolophidae,Scombriformes,Teleostei
Plecoglossus altivelis,Plecoglossus,0.0179,2.7,1,TL,8.9,28,Plecoglossidae,Osmeriformes,Teleostei
Mallotus villosus,Mallotus,0.00215,3.3056,13,TL,6,17.9,Osmeridae,Osmeriformes,Teleostei
Caranx hippos,Caranx,0.0173,2.94,10,TL,3.2,105,Carangidae,Carangiformes,Teleostei
Hypomesus olidus,Hypomesus,0.003485,3.25,2,TL,3.8,14,Osmeridae,Osmeriformes,Teleostei
Glossanodon semifasciatus,Glossanodon,0.003,3.211,1,TL,5.5,22.7,Argentinidae,Argentiniformes,Teleostei
Esox lucius,Esox,0.004975,3.06945,118,TL,3.2,110,Esocidae,Esociformes,Teleostei
Harpadon nehereus,Harpadon,0.00319,3.4444,7,TL,4,38,Synodontidae,Aulopiformes,Teleostei
Lutjanus fulviflamma,Lutjanus,0.02149,2.944,12,TL,1.6,37,Lutjanidae,Eupercaria/misc,Teleostei
Lutjanus fulvus,Lutjanus,0.0243,2.97433,9,FL,3.3,36.6,Lutjanidae,Eupercaria/misc,Teleostei
Colossoma macropomum,Colossoma,0.0249,3.008,1,TL,30,95,Serrasalmidae,Characiformes,Teleostei
Lutjanus johnii,Lutjanus,0.043905,2.733,10,TL,6.9,106,Lutjanidae,Eupercaria/misc,Teleostei
Lutjanus gibbus,Lutjanus,0.0286,3.047,11,FL,8.5,56.8,Lutjanidae,Eupercaria/misc,Teleostei
Lutjanus griseus,Lutjanus,0.0207,2.893,15,FL,4,70,Lutjanidae,Eupercaria/misc,Teleostei
Abramis brama,Abramis,0.011,3.0606,39,TL,3.4,59,Leuciscidae,Cypriniformes,Teleostei
Tinca tinca,Tinca,0.01638,2.9744,14,TL,2,55.8,Tincidae,Cypriniformes,Teleostei
Carassius carassius,Carassius,0.0148,3.12,9,TL,4.5,64,Cyprinidae,Cypriniformes,Teleostei
Carassius auratus,Carassius,0.013,3.08,23,TL,1.5,45.3,Cyprinidae,Cypriniformes,Teleostei
Rutilus rutilus,Rutilus,0.0061,3.25495,50,TL,2,50.2,Leuciscidae,Cypriniformes,Teleostei
Hypophthalmichthys molitrix,Hypophthalmichthys,0.01555,3.0575,12,SL,8.3,84.5,Xenocyprididae,Cypriniformes,Teleostei
Hypophthalmichthys nobilis,Hypophthalmichthys,0.0204,2.9955,12,SL,4.3,89.5,Xenocyprididae,Cypriniformes,Teleostei
Notemigonus crysoleucas,Notemigonus,0.00972,3.216,5,TL,3.6,15,Leuciscidae,Cypriniformes,Teleostei
Osteochilus vittatus,Osteochilus,0.00964,3.112,12,TL,5,28.3,Cyprinidae,Cypriniformes,Teleostei
Anchoa curta,Anchoa,0.00805,3,2,SL,4.3,,Engraulidae,Clupeiformes,Teleostei
Rastrineobola argentea,Rastrineobola,0.0058,3.137,17,TL,1.7,7.3,Danionidae,Cypriniformes,Teleostei
Parabramis pekinensis,Parabramis,0.011,3.17,9,SL,3.1,51.7,Xenocyprididae,Cypriniformes,Teleostei
Megalobrama amblycephala,Megalobrama,0.0162,3.118,7,SL,4.6,45.9,Xenocyprididae,Cypriniformes,Teleostei
Barbonymus gonionotus,Barbonymus,0.01823,2.909,7,TL,3.9,43,Cyprinidae,Cypriniformes,Teleostei
Galeichthys feliceps,Galeichthys,0.01159,3.0065,4,SL,4.3,34,Ariidae,Siluriformes,Teleostei
Silurus glanis,Silurus,0.0123,2.875,10,TL,8.8,273,Siluridae,Siluriformes,Teleostei
Ictalurus punctatus,Ictalurus,0.00331,3.3,19,TL,4.1,86.4,Ictaluridae,Siluriformes,Teleostei
Ameiurus melas,Ameiurus,0.0109,2.977,15,TL,2.5,39.4,Ictaluridae,Siluriformes,Teleostei
Pangasius pangasius,Pangasius,0.011,2.934,4,TL,12.5,80.2,Pangasiidae,Siluriformes,Teleostei
Anguilla japonica,Anguilla,0.000415,3.309,2,TL,20.2,67.7,Anguillidae,Anguilliformes,Teleostei
Anguilla rostrata,Anguilla,0.00128,3.085,10,TL,9.8,107.6,Anguillidae,Anguilliformes,Teleostei
Anguilla australis,Anguilla,0.00101,3.14,13,TL,,,Anguillidae,Anguilliformes,Teleostei
Muraenesox cinereus,Muraenesox,0.00085,3.167,4,TL,6.7,139.5,Muraenesocidae,Anguilliformes,Teleostei
Conger orbignianus,Conger,0.000345,3.31,2,TL,40.5,120,Congridae,Anguilliformes,Teleostei
Conger oceanicus,Conger,0.00016,3.645,2,TL,20,29,Congridae,Anguilliformes,Teleostei
Conger conger,Conger,0.00036,3.3595,20,TL,8,180,Congridae,Anguilliformes,Teleostei
Conger myriaster,Conger,6e-04,3.273,5,TL,14.9,53.6,Congridae,Anguilliformes,Teleostei
Cololabis saira,Cololabis,0.002505,3.176,4,OT,16,35,Scomberesocidae,Beloniformes,Teleostei
Hyporhamphus sajori,Hyporhamphus,0.00101,3.255,1,TL,2.1,30.4,Hemiramphidae,Beloniformes,Teleostei
Salilota australis,Salilota,0.0172,2.821,5,,,,Moridae,Gadiformes,Teleostei
Gadus macrocephalus,Gadus,0.00619,3.15075,12,FL,10,106,Gadidae,Gadiformes,Teleostei
Lota lota,Lota,0.008,2.967,19,TL,3,112,Lotidae,Gadiformes,Teleostei
Urophycis brasiliensis,Urophycis,0.00414,3.178,10,TL,4.3,58.6,Phycidae,Gadiformes,Teleostei
Urophycis chuss,Urophycis,0.004485,3.085,10,TL,2,68,Phycidae,Gadiformes,Teleostei
Urophycis tenuis,Urophycis,0.0031,3.25,9,TL,4,126,Phycidae,Gadiformes,Teleostei
Eleginus nawaga,Eleginus,0.00631,3.1,1,FL,,,Gadidae,Gadiformes,Teleostei
Eleginus gracilis,Eleginus,0.00409,3.208,15,TL,8,41.5,Gadidae,Gadiformes,Teleostei
Gadus chalcogrammus,Gadus,0.0081,2.96399,25,FL,8,82,Gadidae,Gadiformes,Teleostei
Boreogadus saida,Boreogadus,0.00653,3.031,21,FL,4.5,30.5,Gadidae,Gadiformes,Teleostei
Micromesistius australis,Micromesistius,0.00407,3.152,3,FL,25.3,53,Gadidae,Gadiformes,Teleostei
Merluccius senegalensis,Merluccius,0.00788,2.964,1,TL,5,80,Merlucciidae,Gadiformes,Teleostei
Merluccius australis,Merluccius,0.002175,3.2735,6,TL,35,131,Merlucciidae,Gadiformes,Teleostei
Merluccius bilinearis,Merluccius,0.004625,3.125,8,TL,2.9,63,Merlucciidae,Gadiformes,Teleostei
Merluccius gayi,Merluccius,0.03456,2.848,2,TL,,,Merlucciidae,Gadiformes,Teleostei
Merluccius hubbsi,Merluccius,0.007425,2.9965,10,TL,2,94,Merlucciidae,Gadiformes,Teleostei
Merluccius productus,Merluccius,0.00557,3.0565,6,TL,8.2,28.5,Merlucciidae,Gadiformes,Teleostei
Macruronus magellanicus,Macruronus,0.00376,2.984,3,TL,32,79,Macruronidae,Gadiformes,Teleostei
Macrourus berglax,Macrourus,0.01223,2.9385,2,TL,,,Macrouridae,Gadiformes,Teleostei
Coryphaenoides rupestris,Coryphaenoides,0.591,2.6185,4,OT,3.5,28,Macrouridae,Gadiformes,Teleostei
Macroramphosus scolopax,Macroramphosus,0.00825,2.8545,12,TL,3.7,18,Centriscidae,Syngnathiformes,Teleostei
Hoplostethus atlanticus,Hoplostethus,0.0627,2.8118,9,SL,6,58,Trachichthyidae,Trachichthyiformes,Teleostei
Zenopsis conchifer,Zenopsis,0.0142,2.83,7,TL,7.9,61.2,Zeidae,Zeiformes,Teleostei
Joturus pichardi,Joturus,0.0158,3,1,TL,59,59,Mugilidae,Mugiliformes,Teleostei
Menidia menidia,Menidia,0.00602,3.023,1,TL,,,Atherinopsidae,Atheriniformes,Teleostei
Eleutheronema tetradactylum,Eleutheronema,0.0072,3.01,7,TL,5.2,84,Polynemidae,Carangaria/misc,Teleostei
Galeoides decadactylus,Galeoides,0.011,3.02,7,TL,6,36.6,Polynemidae,Carangaria/misc,Teleostei
Pentanemus quinquarius,Pentanemus,0.00159,3.435,4,TL,10,23.6,Polynemidae,Carangaria/misc,Teleostei
Channa striata,Channa,0.0162,2.933,15,TL,3,70,Channidae,Anabantiformes,Teleostei
Channa micropeltes,Channa,0.014025,2.9915,4,TL,3,70,Channidae,Anabantiformes,Teleostei
Centropomus undecimalis,Centropomus,0.0072,3.033,9,TL,3.2,102,Centropomidae,Carangaria/misc,Teleostei
Lates calcarifer,Lates,0.017,2.969,4,TL,2.4,101,Latidae,Carangaria/misc,Teleostei
Lates niloticus,Lates,0.0125,3.018,15,TL,5,190,Latidae,Carangaria/misc,Teleostei
Epinephelus analogus,Epinephelus,0.01983,3,1,TL,104,104,Epinephelidae,Perciformes/Serranoidei,Teleostei
Polyprion americanus,Polyprion,0.021635,2.9215,8,TL,38,146,Polyprionidae,Acropomatiformes,Teleostei
Polyprion oxygeneios,Polyprion,0.0142,2.998,5,FL,,,Polyprionidae,Acropomatiformes,Teleostei
Paralabrax humeralis,Paralabrax,0.0967,2.638,2,TL,17.2,53.7,Serranidae,Perciformes/Serranoidei,Teleostei
Morone saxatilis,Morone,0.00753,3.14,9,TL,23,102,Moronidae,Eupercaria/misc,Teleostei
Morone americana,Morone,0.00817,3.161,3,FL,,,Moronidae,Eupercaria/misc,Teleostei
Priacanthus macracanthus,Priacanthus,0.0205,2.9,12,TL,5,30,Priacanthidae,Eupercaria/misc,Teleostei
Synagrops japonicus,Synagrops,0.0151,2.84,2,TL,10.5,20,Synagropidae,Acropomatiformes,Teleostei
Perca fluviatilis,Perca,0.0092,3.174,65,TL,2.3,57,Percidae,Perciformes/Percoidei,Teleostei
Perca flavescens,Perca,0.009715,3.0815,10,TL,,,Percidae,Perciformes/Percoidei,Teleostei
Sander lucioperca,Sander,0.006,3.114,47,TL,2.1,100,Percidae,Perciformes/Percoidei,Teleostei
Centropristis striata,Centropristis,0.02048,2.974,10,TL,3,54,Serranidae,Perciformes/Serranoidei,Teleostei
Lopholatilus chamaeleonticeps,Lopholatilus,0.00489,3.26,1,,,,Latilidae,Eupercaria/misc,Teleostei
Lactarius lactarius,Lactarius,0.018,2.89,9,TL,5.5,31.5,Lactariidae,Carangaria/misc,Teleostei
Pomatomus saltatrix,Pomatomus,0.0133,2.957,26,TL,2.4,80,Pomatomidae,Scombriformes,Teleostei
Trachurus japonicus,Trachurus,0.01062,3.0495,10,TL,2.8,41.3,Carangidae,Carangiformes,Teleostei
Trachurus murphyi,Trachurus,0.01765,2.84,4,TL,19,41,Carangidae,Carangiformes,Teleostei
Trachurus symmetricus,Trachurus,0.00441,3.212,3,,,,Carangidae,Carangiformes,Teleostei
Trachurus lathami,Trachurus,0.0093,2.9672,12,TL,1.5,22.5,Carangidae,Carangiformes,Teleostei
Exyrias belissimus,Exyrias,0.01296,2.88208,1,FL,7,13.5,Gobiidae,Gobiiformes,Teleostei
Trachurus trecae,Trachurus,0.0139,2.961,3,,,,Carangidae,Carangiformes,Teleostei
Trachurus declivis,Trachurus,0.0124,3.019,3,FL,15,46,Carangidae,Carangiformes,Teleostei
Decapterus russelli,Decapterus,0.00999,3.0205,20,TL,6,30,Carangidae,Carangiformes,Teleostei
Clarias anguillaris,Clarias,0.007635,2.9945,6,SL,7.1,90,Clariidae,Siluriformes,Teleostei
Selene setapinnis,Selene,0.0172,2.92,13,TL,2.9,48,Carangidae,Carangiformes,Teleostei
Selene dorsalis,Selene,0.0474,2.5195,2,TL,3,38,Carangidae,Carangiformes,Teleostei
Trachinotus carolinus,Trachinotus,0.02851,2.815,10,FL,1.5,43,Carangidae,Carangiformes,Teleostei
Seriola quinqueradiata,Seriola,0.0127,3,1,FL,81.5,116,Carangidae,Carangiformes,Teleostei
Seriola lalandi,Seriola,0.04079,2.68755,8,FL,,,Carangidae,Carangiformes,Teleostei
Megalaspis cordyla,Megalaspis,0.02875,2.681,16,TL,9,69,Carangidae,Carangiformes,Teleostei
Chloroscombrus chrysurus,Chloroscombrus,0.01665,2.844,28,TL,1,49,Carangidae,Carangiformes,Teleostei
Selar crumenophthalmus,Selar,0.0097,3.253,21,FL,5,32.7,Carangidae,Carangiformes,Teleostei
Selaroides leptolepis,Selaroides,0.014,3.04,15,TL,4.5,24,Carangidae,Carangiformes,Teleostei
Mene maculata,Mene,0.02315,3,6,SL,7.2,21,Menidae,Carangaria/misc,Teleostei
Brama brama,Brama,0.003105,3.4485,4,TL,35,61,Bramidae,Scombriformes,Teleostei
Arripis georgiana,Arripis,0.01588,2.8787,3,TL,,,Arripidae,Scombriformes,Teleostei
Dicentrarchus punctatus,Dicentrarchus,0.0099,2.9839,5,TL,10.5,51,Moronidae,Eupercaria/misc,Teleostei
Nemipterus virgatus,Nemipterus,0.0203,2.897,9,FL,4.3,34,Nemipteridae,Eupercaria/misc,Teleostei
Isacia conceptionis,Isacia,0.013,3.0035,4,TL,9.2,34.4,Haemulidae,Eupercaria/misc,Teleostei
Plectorhinchus mediterraneus,Plectorhinchus,0.02,2.943,3,TL,15,57.6,Haemulidae,Eupercaria/misc,Teleostei
Pomadasys argenteus,Pomadasys,0.01884,2.943,9,TL,4,61,Haemulidae,Eupercaria/misc,Teleostei
Brachydeuterus auritus,Brachydeuterus,0.0132,3.115,3,TL,7.5,20.6,Haemulidae,Eupercaria/misc,Teleostei
Conodon nobilis,Conodon,0.0134,3.06,11,TL,4.4,35.4,Haemulidae,Eupercaria/misc,Teleostei
Sillaginopsis panijus,Sillaginopsis,0.0021,3.3,1,TL,17.4,34,Sillaginidae,Eupercaria/misc,Teleostei
Cynoscion analis,Cynoscion,0.008,3.073,1,TL,9,44,Sciaenidae,Eupercaria/misc,Teleostei
Cynoscion nebulosus,Cynoscion,0.0131,3,3,TL,2.4,82,Sciaenidae,Eupercaria/misc,Teleostei
Cynoscion regalis,Cynoscion,0.0101,2.984,7,TL,3,70,Sciaenidae,Eupercaria/misc,Teleostei
Cynoscion striatus,Cynoscion,0.02875,2.691,2,TL,,,Sciaenidae,Eupercaria/misc,Teleostei
Micropogonias undulatus,Micropogonias,0.007,3.148,9,SL,1.2,44,Sciaenidae,Eupercaria/misc,Teleostei
Menticirrhus americanus,Menticirrhus,0.00499,3.23,25,TL,2.2,47.4,Sciaenidae,Eupercaria/misc,Teleostei
Menticirrhus saxatilis,Menticirrhus,0.012505,2.9985,4,TL,1.7,46.4,Sciaenidae,Eupercaria/misc,Teleostei
Menticirrhus littoralis,Menticirrhus,0.014,3,3,SL,2.6,47.5,Sciaenidae,Eupercaria/misc,Teleostei
Elagatis bipinnulata,Elagatis,0.0197,2.655,4,SL,15,61,Carangidae,Carangiformes,Teleostei
Umbrina canosai,Umbrina,0.025865,2.857,6,TL,6.7,53.3,Sciaenidae,Eupercaria/misc,Teleostei
Larimichthys polyactis,Larimichthys,0.02565,2.8645,16,SL,4.1,22.5,Sciaenidae,Eupercaria/misc,Teleostei
Macrodon ancylodon,Macrodon,0.004955,3.2355,22,TL,2.2,53,Sciaenidae,Eupercaria/misc,Teleostei
Argyrosomus regius,Argyrosomus,0.01285,2.874,6,TL,8,180,Sciaenidae,Eupercaria/misc,Teleostei
Argyrosomus hololepidotus,Argyrosomus,0.009115,2.97705,4,TL,121,188,Sciaenidae,Eupercaria/misc,Teleostei
Atractoscion aequidens,Atractoscion,0.00861,3.01,1,FL,,,Sciaenidae,Eupercaria/misc,Teleostei
Genyonemus lineatus,Genyonemus,0.0272,2.943,1,SL,4.1,30.4,Sciaenidae,Eupercaria/misc,Teleostei
Pteroscion peli,Pteroscion,0.0106,3.0435,2,TL,6.5,19.7,Sciaenidae,Eupercaria/misc,Teleostei
Paralonchurus peruanus,Paralonchurus,0.007,3.167,3,TL,8.6,32.2,Sciaenidae,Eupercaria/misc,Teleostei
Pogonias cromis,Pogonias,0.01468,2.95,5,TL,2.1,133.5,Sciaenidae,Eupercaria/misc,Teleostei
Epinephelus aeneus,Epinephelus,0.012,2.987,9,TL,8.5,100,Epinephelidae,Perciformes/Serranoidei,Teleostei
Larimichthys crocea,Larimichthys,0.018035,2.978,4,SL,2.3,24.4,Sciaenidae,Eupercaria/misc,Teleostei
Leiostomus xanthurus,Leiostomus,0.00921,3.072,3,TL,5,26,Sciaenidae,Eupercaria/misc,Teleostei
Pseudotolithus senegalensis,Pseudotolithus,0.00702,3.05,2,TL,11.5,114,Sciaenidae,Eupercaria/misc,Teleostei
Pseudotolithus elongatus,Pseudotolithus,0.003,3.27,5,TL,5.5,62.5,Sciaenidae,Eupercaria/misc,Teleostei
Pennahia argentata,Pennahia,0.021555,2.963,8,SL,3.1,32.3,Sciaenidae,Eupercaria/misc,Teleostei
Anchoa januaria,Anchoa,0.0248,2.915,2,SL,1.1,10.2,Engraulidae,Clupeiformes,Teleostei
Pagellus bellottii,Pagellus,0.0138,3.005,14,FL,5,34,Sparidae,Eupercaria/misc,Teleostei
Pagellus natalensis,Pagellus,0.017365,3.18105,2,FL,,,Sparidae,Eupercaria/misc,Teleostei
Dentex macrophthalmus,Dentex,0.0176,2.9945,16,TL,3.9,35.3,Sparidae,Eupercaria/misc,Teleostei
Dentex dentex,Dentex,0.0134,3.029,15,TL,10.9,85.9,Sparidae,Eupercaria/misc,Teleostei
Dentex angolensis,Dentex,0.0175,2.955,8,FL,9.7,37.5,Sparidae,Eupercaria/misc,Teleostei
Archosargus probatocephalus,Archosargus,0.0296,3.045,7,SL,0.9,59.1,Sparidae,Eupercaria/misc,Teleostei
Argyrops spinifer,Argyrops,0.111,2.65,7,TL,11.8,66.5,Sparidae,Eupercaria/misc,Teleostei
Argyrozona argyrozona,Argyrozona,0.01303,3.064,2,,,,Sparidae,Eupercaria/misc,Teleostei
Cheimerius nufar,Cheimerius,0.044,2.8,5,TL,13.3,55.5,Sparidae,Eupercaria/misc,Teleostei
Pagrus major,Pagrus,0.0199,2.92,7,TL,5.2,91,Sparidae,Eupercaria/misc,Teleostei
Petrus rupestris,Petrus,0.027,2.952,3,,,,Sparidae,Eupercaria/misc,Teleostei
Pterogymnus laniarius,Pterogymnus,0.02505,2.9325,2,FL,,,Sparidae,Eupercaria/misc,Teleostei
Rhabdosargus globiceps,Rhabdosargus,0.0194,3.177,1,SL,1.5,7.7,Sparidae,Eupercaria/misc,Teleostei
Lithognathus lithognathus,Lithognathus,0.02305,2.9335,2,SL,1.3,46.5,Sparidae,Eupercaria/misc,Teleostei
Stenotomus chrysops,Stenotomus,0.01558,3.14,3,TL,4,45,Sparidae,Eupercaria/misc,Teleostei
Pseudupeneus prayensis,Pseudupeneus,0.0181,3,3,TL,10,39,Mullidae,Mulliformes,Teleostei
Drepane punctata,Drepane,0.0171,3.171,5,TL,15.2,43.5,Drepaneidae,Acanthuriformes,Teleostei
Drepane africana,Drepane,0.0144,2.8565,2,TL,8.2,23.5,Drepaneidae,Acanthuriformes,Teleostei
Cichla ocellaris,Cichla,0.02235,3,8,SL,6.7,50.5,Cichlidae,Cichliformes,Teleostei
Tautoga onitis,Tautoga,0.0263,2.96,3,TL,18,76.5,Labridae,Eupercaria/misc,Teleostei
Nemadactylus bergi,Nemadactylus,0.00995,3.015,3,TL,21.5,51,Latridae,Centrarchiformes,Teleostei
Chirodactylus variegatus,Chirodactylus,0.0095,3.148,4,TL,8.5,44,Latridae,Centrarchiformes,Teleostei
Arctoscopus japonicus,Arctoscopus,0.01371,2.91,1,FL,6,28,Trichodontidae,Perciformes/Uranoscopoidei,Teleostei
Parapercis colias,Parapercis,0.00798,3.2015,14,FL,15.1,36.4,Pinguipedidae,Perciformes/Uranoscopoidei,Teleostei
Percophis brasiliensis,Percophis,0.00282,3.12,5,TL,18.5,68.5,Percophidae,Perciformes/Percophoidei,Teleostei
Eleginops maclovinus,Eleginops,0.006015,3.176,4,TL,16,72,Eleginopidae,Perciformes/Notothenioidei,Teleostei
Dissostichus eleginoides,Dissostichus,0.01095,3.02,2,SL,17.7,89,Nototheniidae,Perciformes/Notothenioidei,Teleostei
Notothenia rossii,Notothenia,0.0087,3.06,13,TL,6,68.5,Nototheniidae,Perciformes/Notothenioidei,Teleostei
Pleuragramma antarcticum,Pleuragramma,0.00181,3.4,5,TL,4,26.6,Nototheniidae,Perciformes/Notothenioidei,Teleostei
Chaenocephalus aceratus,Chaenocephalus,0.000555,3.632,18,TL,13,73,Channichthyidae,Perciformes/Notothenioidei,Teleostei
Champsocephalus gunnari,Champsocephalus,0.00085,3.54,15,TL,10,51.5,Channichthyidae,Perciformes/Notothenioidei,Teleostei
Pseudochaenichthys georgianus,Pseudochaenichthys,0.0012,3.56,7,TL,8,59,Channichthyidae,Perciformes/Notothenioidei,Teleostei
Chionodraco rastrospinosus,Chionodraco,0.000785,3.681,10,TL,14.6,48.5,Channichthyidae,Perciformes/Notothenioidei,Teleostei
Chaenodraco wilsoni,Chaenodraco,0.000715,3.779,2,TL,13.7,30.9,Channichthyidae,Perciformes/Notothenioidei,Teleostei
Zoarces viviparus,Zoarces,0.00735,2.91205,4,TL,4.75,26.5,Zoarcidae,Perciformes/Zoarcoidei,Teleostei
Zoarces americanus,Zoarces,0.001185,3.345,4,TL,7,98,Zoarcidae,Perciformes/Zoarcoidei,Teleostei
Trisopterus minutus,Trisopterus,0.007175,3.1515,46,TL,4.4,31,Gadidae,Gadiformes,Teleostei
Genypterus blacodes,Genypterus,0.00126,3.296,7,TL,17,134,Ophidiidae,Ophidiiformes,Teleostei
Genypterus capensis,Genypterus,0.00125,3.33,1,TL,,,Ophidiidae,Ophidiiformes,Teleostei
Brotula barbata,Brotula,0.003,3.25,5,TL,29.9,98,Ophidiidae,Ophidiiformes,Teleostei
Ammodytes personatus,Ammodytes,0.02291,2.853,2,FL,7.8,15.6,Ammodytidae,Perciformes/Uranoscopoidei,Teleostei
Thyrsites atun,Thyrsites,0.0084,2.9075,6,FL,74,88,Gempylidae,Scombriformes,Teleostei
Thyrsitops lepidopoides,Thyrsitops,0.00615,2.906,3,TL,1.8,38.2,Gempylidae,Scombriformes,Teleostei
Pampus argenteus,Pampus,0.0393,2.92,13,FL,1.3,31.5,Stromateidae,Scombriformes,Teleostei
Peprilus triacanthus,Peprilus,0.0118,3.26,5,TL,1,23,Stromateidae,Scombriformes,Teleostei
Peprilus simillimus,Peprilus,0.002,3.804,1,TL,10.5,18.5,Stromateidae,Scombriformes,Teleostei
Anabas testudineus,Anabas,0.0469,2.84,9,TL,4.8,17,Anabantidae,Anabantiformes,Teleostei
Hyperoglyphe antarctica,Hyperoglyphe,0.00962,3.173,3,FL,47,80,Centrolophidae,Scombriformes,Teleostei
Psenopsis anomala,Psenopsis,0.0248,3.076,9,TL,3.5,23.8,Centrolophidae,Scombriformes,Teleostei
Osphronemus goramy,Osphronemus,0.016815,3.0285,2,TL,5,64.5,Osphronemidae,Anabantiformes,Teleostei
Trichopodus pectoralis,Trichopodus,0.0135,3.201,4,SL,6,24,Osphronemidae,Anabantiformes,Teleostei
Sebastes norvegicus,Sebastes,0.01333,3.09,2,SL,8.7,50,Sebastidae,Perciformes/Scorpaenoidei,Teleostei
Sebastes entomelas,Sebastes,0.0164,2.9426,1,NG,,,Sebastidae,Perciformes/Scorpaenoidei,Teleostei
Sebastes flavidus,Sebastes,0.01509,3,1,TL,55,55,Sebastidae,Perciformes/Scorpaenoidei,Teleostei
Sebastes alutus,Sebastes,0.00813,3.15,7,FL,18,46,Sebastidae,Perciformes/Scorpaenoidei,Teleostei
Sebastes mentella,Sebastes,0.0127,2.9773,1,TL,16.5,77.5,Sebastidae,Perciformes/Scorpaenoidei,Teleostei
Chelidonichthys kumu,Chelidonichthys,0.011,2.995,4,FL,20,51,Triglidae,Perciformes/Scorpaenoidei,Teleostei
Pterygotrigla polyommata,Pterygotrigla,0.0153,3.0248,2,FL,19,46,Triglidae,Perciformes/Scorpaenoidei,Teleostei
Ophiodon elongatus,Ophiodon,0.0123,2.995,2,NG,133,133,Hexagrammidae,Perciformes/Cottoidei,Teleostei
Pleurogrammus azonus,Pleurogrammus,0.00455,3.28,1,FL,11.6,47,Hexagrammidae,Perciformes/Cottoidei,Teleostei
Anoplopoma fimbria,Anoplopoma,0.0058,3.14,5,FL,30,92,Anoplopomatidae,Perciformes/Cottoidei,Teleostei
Psettodes erumei,Psettodes,0.0047,3.214,13,TL,9.4,64.5,Psettodidae,Pleuronectiformes,Teleostei
Hippoglossus stenolepis,Hippoglossus,0.00746,3.093,9,FL,22,172,Pleuronectidae,Pleuronectiformes,Teleostei
Reinhardtius hippoglossoides,Reinhardtius,0.00288,3.3182,29,TL,15,110,Pleuronectidae,Pleuronectiformes,Teleostei
Atheresthes stomias,Atheresthes,0.009155,3.0201,6,TL,17,81,Pleuronectidae,Pleuronectiformes,Teleostei
Atheresthes evermanni,Atheresthes,0.00372,3.2532,5,TL,21,90,Pleuronectidae,Pleuronectiformes,Teleostei
Hippoglossoides elassodon,Hippoglossoides,0.00667,3.1945,4,TL,17,51,Pleuronectidae,Pleuronectiformes,Teleostei
Limanda aspera,Limanda,0.0113,3.0434,11,TL,4,47,Pleuronectidae,Pleuronectiformes,Teleostei
Myzopsetta ferruginea,Myzopsetta,0.0056,3.13,9,TL,4,55,Pleuronectidae,Pleuronectiformes,Teleostei
Paraplagusia bilineata,Paraplagusia,0.01,3.01,1,TL,9.3,31.6,Cynoglossidae,Pleuronectiformes,Teleostei
Pseudopleuronectes americanus,Pseudopleuronectes,0.01247,3,3,TL,53,53,Pleuronectidae,Pleuronectiformes,Teleostei
Solea solea,Solea,0.007,3.08,37,TL,1.9,59,Soleidae,Pleuronectiformes,Teleostei
Dicologlossa cuneata,Dicologlossa,0.00735,3.0055,12,TL,5.5,44.5,Soleidae,Pleuronectiformes,Teleostei
Austroglossus pectoralis,Austroglossus,0.00178,3.335,3,TL,13,57,Soleidae,Pleuronectiformes,Teleostei
Scophthalmus rhombus,Scophthalmus,0.01395,2.975,18,TL,2,63,Scophthalmidae,Pleuronectiformes,Teleostei
Scophthalmus aquosus,Scophthalmus,0.01443,2.925,8,TL,2,44,Scophthalmidae,Pleuronectiformes,Teleostei
Stephanolepis cirrhifer,Stephanolepis,0.04135,2.8465,2,SL,3.4,16,Monacanthidae,Tetraodontiformes,Teleostei
Lophius americanus,Lophius,0.0217,2.925,6,TL,5,101,Lophiidae,Lophiiformes,Teleostei
Anchoa panamensis,Anchoa,0.004475,3.1975,2,FL,6.5,18.7,Engraulidae,Clupeiformes,Teleostei
Anchoa parva,Anchoa,0.003245,3.302,2,FL,3.6,10.4,Engraulidae,Clupeiformes,Teleostei
Anchoa spinifer,Anchoa,0.00391,3.201,4,TL,3.1,21,Engraulidae,Clupeiformes,Teleostei
Anchoa tricolor,Anchoa,0.0067,3.018,2,TL,3.9,14.9,Engraulidae,Clupeiformes,Teleostei
Anchovia clupeoides,Anchovia,0.00455,3.149,9,TL,2.7,17.9,Engraulidae,Clupeiformes,Teleostei
Anchovia macrolepidota,Anchovia,0.006,3.292,5,TL,3.8,22.2,Engraulidae,Clupeiformes,Teleostei
Anchoa mitchilli,Anchoa,0.006,3.2345,12,SL,1,9,Engraulidae,Clupeiformes,Teleostei
Anchovia surinamensis,Anchovia,0.0357,2.636,3,SL,2.9,9.1,Engraulidae,Clupeiformes,Teleostei
Cetengraulis edentulus,Cetengraulis,0.00427,3.21,13,TL,0.78,20.5,Engraulidae,Clupeiformes,Teleostei
Cetengraulis mysticetus,Cetengraulis,0.00313,3.439,2,TL,8.9,21.4,Engraulidae,Clupeiformes,Teleostei
Jurengraulis juruensis,Jurengraulis,0.00327,3.463,1,SL,10,17.9,Engraulidae,Clupeiformes,Teleostei
Pterengraulis atherinoides,Pterengraulis,0.0065,2.97545,2,TL,3.2,21.6,Engraulidae,Clupeiformes,Teleostei
Lycengraulis batesii,Lycengraulis,0.0118,2.75,3,SL,2.6,25.5,Engraulidae,Clupeiformes,Teleostei
Lycengraulis grossidens,Lycengraulis,0.00731,3.1399,15,TL,2.8,22.8,Engraulidae,Clupeiformes,Teleostei
Encrasicholina devisi,Encrasicholina,0.00653,3.0134,9,TL,5.5,10,Engraulidae,Clupeiformes,Teleostei
Encrasicholina heteroloba,Encrasicholina,0.00761,3.192,11,TL,2.5,9.5,Engraulidae,Clupeiformes,Teleostei
Encrasicholina punctifer,Encrasicholina,0.0036,3.25,5,TL,,,Engraulidae,Clupeiformes,Teleostei
Encrasicholina purpurea,Encrasicholina,0.0237,3.14,1,FL,3.2,4.8,Engraulidae,Clupeiformes,Teleostei
Stolephorus chinensis,Stolephorus,0.0097,2.993,1,SL,1.5,7.4,Engraulidae,Clupeiformes,Teleostei
Stolephorus commersonnii,Stolephorus,0.004485,3.165,6,TL,3.2,14.4,Engraulidae,Clupeiformes,Teleostei
Stolephorus holodon,Stolephorus,0.0079,3.275,1,SL,1.9,7.9,Engraulidae,Clupeiformes,Teleostei
Stolephorus indicus,Stolephorus,0.00313,3.159,5,TL,7.62,16,Engraulidae,Clupeiformes,Teleostei
Stolephorus insularis,Stolephorus,0.00261,3.217,1,,,,Engraulidae,Clupeiformes,Teleostei
Labrus bergylta,Labrus,0.0119,3.115,3,TL,16.5,47.5,Labridae,Eupercaria/misc,Teleostei
Stolephorus tri,Stolephorus,0.00886,3,1,,,,Engraulidae,Clupeiformes,Teleostei
Stolephorus waitei,Stolephorus,0.01095,2.8218,2,FL,4,11,Engraulidae,Clupeiformes,Teleostei
Thryssa adelae,Thryssa,0.003,3.11,1,TL,8,13.6,Engraulidae,Clupeiformes,Teleostei
Thrissina baelama,Thrissina,0.003795,3.451335,2,FL,5,11.5,Engraulidae,Clupeiformes,Teleostei
Thrissina chefuensis,Thrissina,0.01255,3.0803,2,NG,,,Engraulidae,Clupeiformes,Teleostei
Thryssa dayi,Thryssa,0.0034,3.248,1,TL,9.5,25.5,Engraulidae,Clupeiformes,Teleostei
Thryssa dussumieri,Thryssa,0.0144,2.956,3,SL,4.9,11.4,Engraulidae,Clupeiformes,Teleostei
Thryssa hamiltonii,Thryssa,0.00488,3.1475,8,TL,6,26.1,Engraulidae,Clupeiformes,Teleostei
Thryssa kammalensis,Thryssa,0.00731,3.11,7,TL,4.3,18,Engraulidae,Clupeiformes,Teleostei
Thryssa kammalensoides,Thryssa,0.0154,2.683,1,TL,7.5,16.6,Engraulidae,Clupeiformes,Teleostei
Thryssa malabarica,Thryssa,0.00365,3.1285,2,TL,8.6,20.5,Engraulidae,Clupeiformes,Teleostei
Thryssa mystax,Thryssa,0.0075,3.053,6,TL,6.3,20.7,Engraulidae,Clupeiformes,Teleostei
Thryssa polybranchialis,Thryssa,0.0139,3,3,TL,8.3,19.1,Engraulidae,Clupeiformes,Teleostei
Thryssa purava,Thryssa,0.05285,3.018,2,TL,6.3,16.4,Engraulidae,Clupeiformes,Teleostei
Thryssa setirostris,Thryssa,0.00875,3.0315,4,SL,2.5,17.5,Engraulidae,Clupeiformes,Teleostei
Thrissina vitrirostris,Thrissina,0.005945,3.1805,4,NG,2.7,20.9,Engraulidae,Clupeiformes,Teleostei
Lycothrissa crocodilus,Lycothrissa,0.0122,2.625,1,TL,9,17,Engraulidae,Clupeiformes,Teleostei
Setipinna brevifilis,Setipinna,0.0029,3.15,1,TL,8.6,28.56,Engraulidae,Clupeiformes,Teleostei
Setipinna melanochir,Setipinna,0.018585,2.83,2,TL,11,24,Engraulidae,Clupeiformes,Teleostei
Setipinna phasa,Setipinna,0.00244,3.192,3,TL,4.6,31.9,Engraulidae,Clupeiformes,Teleostei
Setipinna taty,Setipinna,0.0083,3.1,5,TL,4.7,19.5,Engraulidae,Clupeiformes,Teleostei
Setipinna tenuifilis,Setipinna,0.00565,3.035,2,TL,8.8,20.1,Engraulidae,Clupeiformes,Teleostei
Coilia brachygnathus,Coilia,0.0023,3.0835,2,SL,4.3,35.4,Engraulidae,Clupeiformes,Teleostei
Lampanyctus crocodilus,Lampanyctus,0.00215,3.3435,6,TL,2.7,21,Myctophidae,Myctophiformes,Teleostei
Ceratoscopelus maderensis,Ceratoscopelus,0.0038,3.243,1,TL,1.9,8.9,Myctophidae,Myctophiformes,Teleostei
Coilia dussumieri,Coilia,0.02725,2.3315,2,TL,13.1,21,Engraulidae,Clupeiformes,Teleostei
Coilia grayii,Coilia,0.0012,3.267,3,TL,5.5,33,Engraulidae,Clupeiformes,Teleostei
Coilia macrognathos,Coilia,0.0011,3.365,1,TL,8.9,28.4,Engraulidae,Clupeiformes,Teleostei
Coilia mystus,Coilia,0.002035,3.16,2,SL,3.8,21,Engraulidae,Clupeiformes,Teleostei
Coilia nasus,Coilia,0.005,2.86,5,TL,6,36,Engraulidae,Clupeiformes,Teleostei
Coilia ramcarati,Coilia,0.0049,3,2,TL,10.5,24.1,Engraulidae,Clupeiformes,Teleostei
Chlamydoselachus anguineus,Chlamydoselachus,0.0021,3,2,TL,,,Chlamydoselachidae,Hexanchiformes,Elasmobranchii
Heptranchias perlo,Heptranchias,0.00424,2.927,7,TL,31.1,110,Hexanchidae,Hexanchiformes,Elasmobranchii
Hexanchus griseus,Hexanchus,9e-04,3.342,5,TL,63.5,600,Hexanchidae,Hexanchiformes,Elasmobranchii
Hexanchus nakamurai,Hexanchus,0.00262,3.2085,2,SL,56,206,Hexanchidae,Hexanchiformes,Elasmobranchii
Echinorhinus brucus,Echinorhinus,0.004325,3.25,2,TL,170,254,Echinorhinidae,Echinorhiniformes,Elasmobranchii
Lepadogaster lepadogaster,Lepadogaster,0.02307,3,3,TL,1.1,6.7,Gobiesocidae,Gobiesociformes,Teleostei
Lepidopus caudatus,Lepidopus,0.000405,3.13135,18,TL,4,188,Trichiuridae,Scombriformes,Teleostei
Aphanopus carbo,Aphanopus,0.00039,3.234,6,TL,51.3,139.8,Trichiuridae,Scombriformes,Teleostei
Centrophorus granulosus,Centrophorus,0.0013,3.3415,10,TL,20.9,107,Centrophoridae,Squaliformes,Elasmobranchii
Centrophorus harrissoni,Centrophorus,0.0036,3.2963,2,TL,38,113,Centrophoridae,Squaliformes,Elasmobranchii
Centrophorus moluccensis,Centrophorus,0.0014,3.2763,3,TL,31,95,Centrophoridae,Squaliformes,Elasmobranchii
Centrophorus squamosus,Centrophorus,0.0019,3.23,9,TL,25,145,Centrophoridae,Squaliformes,Elasmobranchii
Centrophorus uyato,Centrophorus,0.0023,3.1995,8,TL,41,109,Centrophoridae,Squaliformes,Elasmobranchii
Centroscyllium fabricii,Centroscyllium,9e-04,3.42,1,,,,Etmopteridae,Squaliformes,Elasmobranchii
Centroscyllium kamoharai,Centroscyllium,0.013,2.8685,2,TL,31,63,Etmopteridae,Squaliformes,Elasmobranchii
Centroscymnus coelolepis,Centroscymnus,0.0034,3.13,8,TL,21,121,Somniosidae,Squaliformes,Elasmobranchii
Centroselachus crepidater,Centroselachus,0.0021,3.21,7,TL,28,110,Somniosidae,Squaliformes,Elasmobranchii
Scymnodon macracanthus,Scymnodon,0.0036,3.11,3,TL,29,150,Somniosidae,Squaliformes,Elasmobranchii
Centroscymnus owstonii,Centroscymnus,0.00415,3.085,10,TL,28,148,Somniosidae,Squaliformes,Elasmobranchii
Dalatias licha,Dalatias,0.0018,3.23,7,TL,30.5,154,Dalatiidae,Squaliformes,Elasmobranchii
Deania calceus,Deania,0.00225,3.12,6,TL,20,127,Centrophoridae,Squaliformes,Elasmobranchii
Deania hystricosa,Deania,0.00518,3,1,TL,84,109,Centrophoridae,Squaliformes,Elasmobranchii
Deania profundorum,Deania,0.00161,3.205,1,TL,27,110,Centrophoridae,Squaliformes,Elasmobranchii
Deania quadrispinosa,Deania,0.0017,3.271,2,TL,44,115,Centrophoridae,Squaliformes,Elasmobranchii
Etmopterus granulosus,Etmopterus,0.003725,3.085,8,TL,11.5,94,Etmopteridae,Squaliformes,Elasmobranchii
Etmopterus lucifer,Etmopterus,0.0016,3.19,3,TL,16,55,Etmopteridae,Squaliformes,Elasmobranchii
Etmopterus princeps,Etmopterus,0.0028,3.15,1,,,,Etmopteridae,Squaliformes,Elasmobranchii
Etmopterus pusillus,Etmopterus,0.00387,3,3,TL,9.9,47,Etmopteridae,Squaliformes,Elasmobranchii
Etmopterus spinax,Etmopterus,0.0036,3.02,15,TL,8,52.5,Etmopteridae,Squaliformes,Elasmobranchii
Lichia amia,Lichia,0.0249,2.894,5,TL,4.1,63,Carangidae,Carangiformes,Teleostei
Limanda limanda,Limanda,0.007,3.119,21,TL,0.9,50,Pleuronectidae,Pleuronectiformes,Teleostei
Isistius plutodus,Isistius,0.0035,3,1,TL,41.7,41.7,Dalatiidae,Squaliformes,Elasmobranchii
Scymnodon ringens,Scymnodon,0.0043,3.12,1,,,,Somniosidae,Squaliformes,Elasmobranchii
Somniosus rostratus,Somniosus,0.0056,3,1,TL,71.5,98,Somniosidae,Squaliformes,Elasmobranchii
Squaliolus laticaudus,Squaliolus,0.00181,3.24,1,TL,,,Dalatiidae,Squaliformes,Elasmobranchii
Lithognathus mormyrus,Lithognathus,0.0124,2.997,31,TL,1,49,Sparidae,Eupercaria/misc,Teleostei
Squalus blainville,Squalus,0.00345,3.062,19,TL,15,121.6,Squalidae,Squaliformes,Elasmobranchii
Squalus megalops,Squalus,0.0116,2.879,5,TL,22,84,Squalidae,Squaliformes,Elasmobranchii
Squalus mitsukurii,Squalus,0.0021,3.1967,3,TL,23,96,Squalidae,Squaliformes,Elasmobranchii
Oxynotus bruniensis,Oxynotus,0.0015,3.48,3,TL,41,74,Oxynotidae,Squaliformes,Elasmobranchii
Lophius piscatorius,Lophius,0.0219,2.896,23,TL,5,134,Lophiidae,Lophiiformes,Teleostei
Oxynotus centrina,Oxynotus,0.0105,3,3,TL,24.1,79,Oxynotidae,Squaliformes,Elasmobranchii
Pristiophorus cirratus,Pristiophorus,0.04168,2.319,1,TL,,,Pristiophoridae,Pristiophoriformes,Elasmobranchii
Pristiophorus nudipinnis,Pristiophorus,0.00313,2.8933,1,TL,,,Pristiophoridae,Pristiophoriformes,Elasmobranchii
Squatina aculeata,Squatina,0.0061,3.04,1,TL,,79.9,Squatinidae,Squatiniformes,Elasmobranchii
Squatina africana,Squatina,0.0032,3.12,1,TL,55,88,Squatinidae,Squatiniformes,Elasmobranchii
Squatina australis,Squatina,0.01617,2.9061,3,TL,23,113,Squatinidae,Squatiniformes,Elasmobranchii
Anchoa mundeola,Anchoa,0.0066,3.019,1,,,,Engraulidae,Clupeiformes,Teleostei
Squatina dumeril,Squatina,0.007495,3.05,2,TL,32,120,Squatinidae,Squatiniformes,Elasmobranchii
Squatina oculata,Squatina,0.00525,3.1001,2,TL,24,97,Squatinidae,Squatiniformes,Elasmobranchii
Squatina squatina,Squatina,0.0273,2.864,2,TL,38,156,Squatinidae,Squatiniformes,Elasmobranchii
Squatina tergocellata,Squatina,0.00398,3.16,1,TL,50,135,Squatinidae,Squatiniformes,Elasmobranchii
Heterodontus francisci,Heterodontus,0.006,3.06,1,TL,13.5,47.6,Heterodontidae,Heterodontiformes,Elasmobranchii
Heterodontus portusjacksoni,Heterodontus,0.0049,3.123,9,TL,25,122.5,Heterodontidae,Heterodontiformes,Elasmobranchii
Carcharias taurus,Carcharias,0.0029,2.94,3,TL,150,260,Carchariidae,Lamniformes,Elasmobranchii
Odontaspis ferox,Odontaspis,0.006245,3.02,2,TL,190,250,Odontaspididae,Lamniformes,Elasmobranchii
Carcharodon carcharias,Carcharodon,0.008625,3,12,TL,112,642,Lamnidae,Lamniformes,Elasmobranchii
Isurus oxyrinchus,Isurus,0.0059,2.86,7,FL,60,338,Lamnidae,Lamniformes,Elasmobranchii
Maurolicus muelleri,Maurolicus,0.00746,3.232,7,SL,1.9,6.3,Sternoptychidae,Stomiiformes,Teleostei
Orectolobus ornatus,Orectolobus,0.0054,3,1,TL,,86,Orectolobidae,Orectolobiformes,Elasmobranchii
Mugil cephalus,Mugil,0.0149,2.93,74,TL,1.8,78,Mugilidae,Mugiliformes,Teleostei
Mullus barbatus,Mullus,0.0081,3.1265,82,TL,3.6,38.2,Mullidae,Mulliformes,Teleostei
Lutjanus ehrenbergii,Lutjanus,0.02735,2.965,4,TL,9,26.5,Lutjanidae,Eupercaria/misc,Teleostei
Cephalurus cephalus,Cephalurus,0.0083,2.84,1,TL,2,29.5,Pentanchidae,Carcharhiniformes,Elasmobranchii
Galeus melastomus,Galeus,0.0024,3.015,30,TL,9,78,Pentanchidae,Carcharhiniformes,Elasmobranchii
Galeus polli,Galeus,0.002,3.16945,2,TL,,,Pentanchidae,Carcharhiniformes,Elasmobranchii
Halaelurus lineatus,Halaelurus,0.00252,3.05,1,TL,,,Pentanchidae,Carcharhiniformes,Elasmobranchii
Parmaturus xaniurus,Parmaturus,0.0012,3.34,1,TL,10.8,38,Pentanchidae,Carcharhiniformes,Elasmobranchii
Poroderma africanum,Poroderma,0.00802,2.92,1,TL,,,Scyliorhinidae,Carcharhiniformes,Elasmobranchii
Notoscopelus elongatus,Notoscopelus,0.00889,3.0945,2,SL,2.9,14.2,Myctophidae,Myctophiformes,Teleostei
Scyliorhinus canicula,Scyliorhinus,0.001485,3.2101,46,TL,7.5,103,Scyliorhinidae,Carcharhiniformes,Elasmobranchii
Oblada melanurus,Oblada,0.0113,3.017,17,TL,8,36.6,Sparidae,Eupercaria/misc,Teleostei
Scyliorhinus retifer,Scyliorhinus,0.00248,3.128,3,TL,10,45,Scyliorhinidae,Carcharhiniformes,Elasmobranchii
Scyliorhinus stellaris,Scyliorhinus,0.00147,3.295,8,TL,13,113,Scyliorhinidae,Carcharhiniformes,Elasmobranchii
Carcharhinus acronotus,Carcharhinus,0.0127,3,1,TL,114,114,Carcharhinidae,Carcharhiniformes,Elasmobranchii
Carcharhinus albimarginatus,Carcharhinus,0.001575,3.7555,2,FL,61,76,Carcharhinidae,Carcharhiniformes,Elasmobranchii
Carcharhinus altimus,Carcharhinus,0.0054,3.12,3,TL,65.2,277,Carcharhinidae,Carcharhiniformes,Elasmobranchii
Carcharhinus amblyrhynchos,Carcharhinus,0.005525,3.21133,2,FL,45.1,120,Carcharhinidae,Carcharhiniformes,Elasmobranchii
Carcharhinus brachyurus,Carcharhinus,0.00895,2.995,2,TL,,253,Carcharhinidae,Carcharhiniformes,Elasmobranchii
Carcharhinus brevipinna,Carcharhinus,0.004845,3.045,6,TL,57,309,Carcharhinidae,Carcharhiniformes,Elasmobranchii
Carcharhinus cautus,Carcharhinus,0.00142,3.334,1,TL,56,119,Carcharhinidae,Carcharhiniformes,Elasmobranchii
Carcharhinus dussumieri,Carcharhinus,0.00275,3.142,4,TL,40.6,121,Carcharhinidae,Carcharhiniformes,Elasmobranchii
Carcharhinus falciformis,Carcharhinus,0.00944,3.075,10,SL,60,260,Carcharhinidae,Carcharhiniformes,Elasmobranchii
Carcharhinus fitzroyensis,Carcharhinus,0.00142,3.292,1,TL,75,135,Carcharhinidae,Carcharhiniformes,Elasmobranchii
Carcharhinus galapagensis,Carcharhinus,0.0136,3,1,TL,130,173,Carcharhinidae,Carcharhiniformes,Elasmobranchii
Carcharhinus leucas,Carcharhinus,0.00631,2.923,7,TL,71.5,300,Carcharhinidae,Carcharhiniformes,Elasmobranchii
Carcharhinus limbatus,Carcharhinus,0.01019,2.905,10,TL,47.5,230,Carcharhinidae,Carcharhiniformes,Elasmobranchii
Carcharhinus longimanus,Carcharhinus,0.0254,2.891,5,SL,54,270,Carcharhinidae,Carcharhiniformes,Elasmobranchii
Carcharhinus macloti,Carcharhinus,0.00525,3.054,2,TL,45,82,Carcharhinidae,Carcharhiniformes,Elasmobranchii
Carcharhinus melanopterus,Carcharhinus,0.007665,3.1995,2,TL,44.3,125,Carcharhinidae,Carcharhiniformes,Elasmobranchii
Carcharhinus obscurus,Carcharhinus,0.00945,2.93,3,FL,79,287,Carcharhinidae,Carcharhiniformes,Elasmobranchii
Carcharhinus perezii,Carcharhinus,0.0271,3,1,TL,137,137,Carcharhinidae,Carcharhiniformes,Elasmobranchii
Carcharhinus plumbeus,Carcharhinus,0.00419,3.171,11,TL,44,300,Carcharhinidae,Carcharhiniformes,Elasmobranchii
Carcharhinus porosus,Carcharhinus,0.006405,3.09,2,TL,23,98,Carcharhinidae,Carcharhiniformes,Elasmobranchii
Carcharhinus sealei,Carcharhinus,0.00207,3.21,1,TL,,,Carcharhinidae,Carcharhiniformes,Elasmobranchii
Carcharhinus signatus,Carcharhinus,0.00292,3.247,5,SL,60,239,Carcharhinidae,Carcharhiniformes,Elasmobranchii
Carcharhinus sorrah,Carcharhinus,0.00176,3.51,3,TL,29,91,Carcharhinidae,Carcharhiniformes,Elasmobranchii
Galeocerdo cuvier,Galeocerdo,0.002575,3.2,6,TL,70,400,Galeocerdonidae,Carcharhiniformes,Elasmobranchii
Pagellus acarne,Pagellus,0.00955,3.12015,48,TL,1.7,62.6,Sparidae,Eupercaria/misc,Teleostei
Pagellus bogaraveo,Pagellus,0.0124,3.04,21,TL,1.4,56,Sparidae,Eupercaria/misc,Teleostei
Lamiopsis temminckii,Lamiopsis,0.0177,2.865,3,TL,40,208,Carcharhinidae,Carcharhiniformes,Elasmobranchii
Pagellus erythrinus,Pagellus,0.0168,2.979,71,TL,1.2,58,Sparidae,Eupercaria/misc,Teleostei
Negaprion acutidens,Negaprion,0.00841,3,1,TL,108,108,Carcharhinidae,Carcharhiniformes,Elasmobranchii
Negaprion brevirostris,Negaprion,0.0053,3.16,1,SL,49,210,Carcharhinidae,Carcharhiniformes,Elasmobranchii
Prionace glauca,Prionace,0.00354,3.1655,8,TL,42,288,Carcharhinidae,Carcharhiniformes,Elasmobranchii
Rhizoprionodon acutus,Rhizoprionodon,0.00375,3.0247,10,TL,19,144,Carcharhinidae,Carcharhiniformes,Elasmobranchii
Rhizoprionodon lalandii,Rhizoprionodon,0.00193,3.17,3,TL,28.5,80,Carcharhinidae,Carcharhiniformes,Elasmobranchii
Rhizoprionodon oligolinx,Rhizoprionodon,0.0047,3.0034,5,TL,35,84.5,Carcharhinidae,Carcharhiniformes,Elasmobranchii
Rhizoprionodon porosus,Rhizoprionodon,0.00129,3.26,5,TL,33,113,Carcharhinidae,Carcharhiniformes,Elasmobranchii
Rhizoprionodon terraenovae,Rhizoprionodon,0.00562,2.897,3,FL,50,100,Carcharhinidae,Carcharhiniformes,Elasmobranchii
Scoliodon laticaudus,Scoliodon,0.0048,2.8913,7,TL,18,61,Carcharhinidae,Carcharhiniformes,Elasmobranchii
Triaenodon obesus,Triaenodon,0.001625,3.362965,2,FL,52,108,Carcharhinidae,Carcharhiniformes,Elasmobranchii
Eusphyra blochii,Eusphyra,0.00271,3.56,1,,,,Sphyrnidae,Carcharhiniformes,Elasmobranchii
Sphyrna lewini,Sphyrna,0.00399,3.07015,21,TL,38,243,Sphyrnidae,Carcharhiniformes,Elasmobranchii
Sphyrna mokarran,Sphyrna,0.00157,3.2,2,TL,187,325,Sphyrnidae,Carcharhiniformes,Elasmobranchii
Sphyrna tiburo,Sphyrna,0.001135,3.266,2,FL,,,Sphyrnidae,Carcharhiniformes,Elasmobranchii
Sphyrna zygaena,Sphyrna,0.00851,2.84,5,TL,56,310,Sphyrnidae,Carcharhiniformes,Elasmobranchii
Caesio caerulaurea,Caesio,0.0222,2.968705,4,FL,6.7,45.4,Caesionidae,Eupercaria/misc,Teleostei
Caesio cuning,Caesio,0.023165,3,4,SL,12.5,29,Caesionidae,Eupercaria/misc,Teleostei
Caesio lunaris,Caesio,0.02715,2.691,2,FL,11,17.5,Caesionidae,Eupercaria/misc,Teleostei
Caesio teres,Caesio,0.0179,3.141,2,FL,9,29,Caesionidae,Eupercaria/misc,Teleostei
Anchoa marinii,Anchoa,0.01297,2.8075,2,TL,3.5,11.8,Engraulidae,Clupeiformes,Teleostei
Anchoa filifera,Anchoa,0.00424,3.192,3,TL,5.4,14.5,Engraulidae,Clupeiformes,Teleostei
Anchoa lucida,Anchoa,0.026,2.66,2,SL,3.44,12.81,Engraulidae,Clupeiformes,Teleostei
Pterocaesio chrysozona,Pterocaesio,0.0408,2.7,1,SL,8.5,13,Caesionidae,Eupercaria/misc,Teleostei
Pterocaesio digramma,Pterocaesio,0.00691,3.34132,3,FL,8,20,Caesionidae,Eupercaria/misc,Teleostei
Pterocaesio pisang,Pterocaesio,0.00743,3.15,1,TL,8.1,17,Caesionidae,Eupercaria/misc,Teleostei
Pterocaesio tessellata,Pterocaesio,0.0112,3.297,1,SL,12,17.5,Caesionidae,Eupercaria/misc,Teleostei
Pterocaesio tile,Pterocaesio,0.013,3,3,SL,5.7,23.6,Caesionidae,Eupercaria/misc,Teleostei
Hemitrygon akajei,Hemitrygon,0.00388,3,1,TL,140,140,Dasyatidae,Myliobatiformes,Elasmobranchii
Atrobucca nibe,Atrobucca,0.0089,3.0256,3,SL,2.4,47.5,Sciaenidae,Eupercaria/misc,Teleostei
Acanthurus chirurgus,Acanthurus,0.024,2.93,7,FL,3,33.7,Acanthuridae,Acanthuriformes,Teleostei
Acanthurus coeruleus,Acanthurus,0.02955,3,4,FL,3.5,30.4,Acanthuridae,Acanthuriformes,Teleostei
Notarius bonillai,Notarius,0.01235,2.89065,2,TL,3.7,212.45,Ariidae,Siluriformes,Teleostei
Ariopsis felis,Ariopsis,0.00814,3.196,5,SL,1.4,35.3,Ariidae,Siluriformes,Teleostei
Sciades couma,Sciades,0.0125,3.04,1,TL,27,92,Ariidae,Siluriformes,Teleostei
Notarius grandicassis,Notarius,0.0127,3,1,TL,22,62,Ariidae,Siluriformes,Teleostei
Platycephalus indicus,Platycephalus,0.00495,3.012,12,TL,2.8,53.5,Platycephalidae,Perciformes/Scorpaenoidei,Teleostei
Sciades herzbergii,Sciades,0.0052,3.14,5,TL,2.9,42.5,Ariidae,Siluriformes,Teleostei
Sciades parkeri,Sciades,0.00612,3.25,1,TL,12.4,107.5,Ariidae,Siluriformes,Teleostei
Notarius phrygiatus,Notarius,0.00488,3.3,1,TL,14.2,35.5,Ariidae,Siluriformes,Teleostei
Sciades proops,Sciades,0.00577,3.19,1,TL,24,64.5,Ariidae,Siluriformes,Teleostei
Notarius quadriscutis,Notarius,0.0062,3.11,3,TL,5.7,44.2,Ariidae,Siluriformes,Teleostei
Notarius rugispinis,Notarius,0.0136,2.92,3,TL,3.1,47,Ariidae,Siluriformes,Teleostei
Bagre bagre,Bagre,0.00437,3.113,8,TL,3.3,50.6,Ariidae,Siluriformes,Teleostei
Bagre marinus,Bagre,0.015,3,5,SL,7,50.5,Ariidae,Siluriformes,Teleostei
Cathorops spixii,Cathorops,0.00865,3.0335,16,TL,0.7,29.1,Ariidae,Siluriformes,Teleostei
Ariomma bondi,Ariomma,0.01904,2.9194,5,SL,1.2,20.2,Ariommatidae,Scombriformes,Teleostei
Pseudauchenipterus nodosus,Pseudauchenipterus,0.015,2.804,5,TL,2.7,15.7,Auchenipteridae,Siluriformes,Teleostei
Aulostomus maculatus,Aulostomus,0.00208,3.3225,2,TL,15.3,31.5,Aulostomidae,Syngnathiformes,Teleostei
Melichthys niger,Melichthys,0.0439,2.8,1,TL,19.5,29.5,Balistidae,Tetraodontiformes,Teleostei
Batrachoides surinamensis,Batrachoides,0.00528,3.321,4,TL,2,40.5,Batrachoididae,Batrachoidiformes,Teleostei
Thalassophryne maculosa,Thalassophryne,0.00977,3.279,1,TL,3.2,13.9,Batrachoididae,Batrachoidiformes,Teleostei
Ablennes hians,Ablennes,0.00074,3.13,3,FL,40,112,Belonidae,Beloniformes,Teleostei
Platybelone argalus,Platybelone,0.00143,3,2,SL,42.2,42.2,Belonidae,Beloniformes,Teleostei
Strongylura marina,Strongylura,0.0011,3.054,4,TL,28,110,Belonidae,Beloniformes,Teleostei
Strongylura timucu,Strongylura,0.002,3,5,SL,4,51.4,Belonidae,Beloniformes,Teleostei
Tylosurus acus,Tylosurus,0.0015,3.13,2,TL,37.6,114,Belonidae,Beloniformes,Teleostei
Tylosurus crocodilus,Tylosurus,0.00078,3.205,5,FL,23,111,Belonidae,Beloniformes,Teleostei
Bothus lunatus,Bothus,0.00981,3.189,1,TL,8.1,46.9,Bothidae,Pleuronectiformes,Teleostei
Cyclopsetta chittendeni,Cyclopsetta,0.011,3.0505,2,SL,4.5,39,Cyclopsettidae,Pleuronectiformes,Teleostei
Paralichthys albigutta,Paralichthys,0.0114,3,1,TL,62.9,62.9,Paralichthyidae,Pleuronectiformes,Teleostei
Paralichthys lethostigma,Paralichthys,0.00427,3.295,3,TL,21,52.1,Paralichthyidae,Pleuronectiformes,Teleostei
Paralichthys tropicus,Paralichthys,0.012,2.97,1,TL,26.2,33.5,Paralichthyidae,Pleuronectiformes,Teleostei
Caulolatilus chrysops,Caulolatilus,0.00835,3.077,2,TL,38.9,55.4,Latilidae,Eupercaria/misc,Teleostei
Caulolatilus microps,Caulolatilus,0.00648,3.1605,2,,,,Latilidae,Eupercaria/misc,Teleostei
Alectis ciliaris,Alectis,0.0412,2.85,3,TL,4.4,114,Carangidae,Carangiformes,Teleostei
Decapterus macarellus,Decapterus,0.008915,3.145,4,SL,9.5,30,Carangidae,Carangiformes,Teleostei
Decapterus punctatus,Decapterus,0.0084,3.0666,3,TL,4,31,Carangidae,Carangiformes,Teleostei
Decapterus tabl,Decapterus,0.009745,3.1285,4,FL,12.5,43,Carangidae,Carangiformes,Teleostei
Hemicaranx amblyrhynchus,Hemicaranx,0.0398,2.93,1,SL,13.5,29.9,Carangidae,Carangiformes,Teleostei
Naucrates ductor,Naucrates,0.0147,3.04,1,FL,,,Carangidae,Carangiformes,Teleostei
Oligoplites palometa,Oligoplites,0.0201,2.715,1,TL,7.7,31.35,Carangidae,Carangiformes,Teleostei
Oligoplites saliens,Oligoplites,0.0069,2.93,3,TL,6.5,54.7,Carangidae,Carangiformes,Teleostei
Oligoplites saurus,Oligoplites,0.0118,2.6655,8,TL,1.44,32.4,Carangidae,Carangiformes,Teleostei
Pseudocaranx dentex,Pseudocaranx,0.02017,2.8549,9,FL,6,59,Carangidae,Carangiformes,Teleostei
Selene vomer,Selene,0.0188,2.79,12,TL,2.2,45.7,Carangidae,Carangiformes,Teleostei
Seriola dumerili,Seriola,0.0282,2.8535,14,FL,7.4,177,Carangidae,Carangiformes,Teleostei
Seriola fasciata,Seriola,0.0279,2.91375,2,TL,30.5,65,Carangidae,Carangiformes,Teleostei
Seriola rivoliana,Seriola,0.0146,2.957,5,FL,24,98.4,Carangidae,Carangiformes,Teleostei
Trachinotus falcatus,Trachinotus,0.03505,2.8685,6,SL,1.2,46,Carangidae,Carangiformes,Teleostei
Trachinotus goodei,Trachinotus,0.02037,2.927,3,TL,2.75,30,Carangidae,Carangiformes,Teleostei
Uraspis secunda,Uraspis,0.0558,2.705,2,TL,16.8,41,Carangidae,Carangiformes,Teleostei
Centropomus ensiferus,Centropomus,0.0083,3.149,2,TL,12.8,36.2,Centropomidae,Carangaria/misc,Teleostei
Centropomus parallelus,Centropomus,0.00702,3.097,6,TL,8.4,54,Centropomidae,Carangaria/misc,Teleostei
Centropomus pectinatus,Centropomus,0.0108,2.92,6,TL,3.1,56,Centropomidae,Carangaria/misc,Teleostei
Centropomus poeyi,Centropomus,0.00199,3.85,1,FL,,,Centropomidae,Carangaria/misc,Teleostei
Symphurus diomedeanus,Symphurus,0.0067,3.169,1,SL,5,14.7,Cynoglossidae,Pleuronectiformes,Teleostei
Symphurus plagiusa,Symphurus,0.00621,3.163,7,TL,2.5,20.2,Cynoglossidae,Pleuronectiformes,Teleostei
Dactylopterus volitans,Dactylopterus,0.0153,2.8795,12,TL,1.5,48.6,Dactylopteridae,Dactylopteriformes,Teleostei
Diodon hystrix,Diodon,0.285,2.345,3,TL,10.3,75,Diodontidae,Tetraodontiformes,Teleostei
Trisopterus esmarkii,Trisopterus,0.0048,3.1365,13,TL,4,25,Gadidae,Gadiformes,Teleostei
Chaetodipterus faber,Chaetodipterus,0.05605,2.9,16,TL,2.2,51,Ephippidae,Acanthuriformes,Teleostei
Hirundichthys oxycephalus,Hirundichthys,0.014,2.91,1,FL,,,Exocoetidae,Beloniformes,Teleostei
Gempylus serpens,Gempylus,0.00073,3,1,TL,58,58,Gempylidae,Scombriformes,Teleostei
Lepidocybium flavobrunneum,Lepidocybium,0.01865,2.92,2,FL,71,180,Gempylidae,Scombriformes,Teleostei
Sardinella aurita,Sardinella,0.0068,3.0251,29,TL,2.6,36,Dorosomatidae,Clupeiformes,Teleostei
Ruvettus pretiosus,Ruvettus,0.00633,3.067,2,TL,57,188,Gempylidae,Scombriformes,Teleostei
Sardinella maderensis,Sardinella,0.008065,3.037,12,TL,2.6,29,Dorosomatidae,Clupeiformes,Teleostei
Diapterus rhombeus,Diapterus,0.01262,3.0435,24,TL,1.5,42.3,Gerreidae,Eupercaria/misc,Teleostei
Eucinostomus argenteus,Eucinostomus,0.0096,3.12,24,TL,0.7,23,Gerreidae,Eupercaria/misc,Teleostei
Eucinostomus gula,Eucinostomus,0.0128,3.12,23,TL,0.9,25.5,Gerreidae,Eupercaria/misc,Teleostei
Eucinostomus havana,Eucinostomus,0.01335,3.046,4,FL,2,15,Gerreidae,Eupercaria/misc,Teleostei
Eucinostomus melanopterus,Eucinostomus,0.011,3.034,11,TL,1.5,24.6,Gerreidae,Eupercaria/misc,Teleostei
Eugerres plumieri,Eugerres,0.0129,2.999,7,TL,3.2,37.5,Gerreidae,Eupercaria/misc,Teleostei
Gerres cinereus,Gerres,0.0246,2.9126,8,FL,1.3,43,Gerreidae,Eupercaria/misc,Teleostei
Saurida undosquamis,Saurida,0.00629,3.05,33,TL,5,48.8,Synodontidae,Aulopiformes,Teleostei
Hemiramphus balao,Hemiramphus,0.00225,3.242,1,,,,Hemiramphidae,Beloniformes,Teleostei
Hemiramphus brasiliensis,Hemiramphus,0.00258,3.133,10,TL,12,45.5,Hemiramphidae,Beloniformes,Teleostei
Hyporhamphus unifasciatus,Hyporhamphus,0.00209,3.23,9,TL,4.36,31,Hemiramphidae,Beloniformes,Teleostei
Holocentrus adscensionis,Holocentrus,0.02105,2.96,12,FL,6,38.2,Holocentridae,Holocentriformes,Teleostei
Holocentrus rufus,Holocentrus,0.017,3,3,FL,7.8,19,Holocentridae,Holocentriformes,Teleostei
Myripristis jacobus,Myripristis,0.06288,2.88815,2,SL,12.4,21.7,Holocentridae,Holocentriformes,Teleostei
Kyphosus incisor,Kyphosus,0.018495,2.975,2,FL,26.5,70,Kyphosidae,Centrarchiformes,Teleostei
Bodianus pulchellus,Bodianus,0.0187,3.12,1,SL,1.6,21.5,Labridae,Eupercaria/misc,Teleostei
Bodianus rufus,Bodianus,0.01695,3.0815,2,FL,2.4,37.8,Labridae,Eupercaria/misc,Teleostei
Halichoeres radiatus,Halichoeres,0.0131,3.038,1,TL,2.4,3.6,Labridae,Eupercaria/misc,Teleostei
Lutjanus fulgens,Lutjanus,0.00926,3.2343,2,TL,15,43.3,Lutjanidae,Eupercaria/misc,Teleostei
Lachnolaimus maximus,Lachnolaimus,0.02705,2.9165,6,FL,6.8,70.4,Labridae,Eupercaria/misc,Teleostei
Lampris guttatus,Lampris,0.041045,3,2,TL,76,137,Lampridae,Lampriformes,Teleostei
Atractosteus spatula,Atractosteus,0.00963,3,1,TL,236,236,Lepisosteidae,Lepisosteiformes,Holostei
Lepisosteus oculatus,Lepisosteus,0.00095,3.4,3,TL,15.2,73.7,Lepisosteidae,Lepisosteiformes,Holostei
Lepisosteus osseus,Lepisosteus,4e-04,3.36,3,TL,5.1,136.89999,Lepisosteidae,Lepisosteiformes,Holostei
Lobotes surinamensis,Lobotes,0.04865,2.855,2,SL,24.5,48,Lobotidae,Acanthuriformes,Teleostei
Lophius gastrophysus,Lophius,0.010405,3.088,4,TL,11.1,74,Lophiidae,Lophiiformes,Teleostei
Megalops atlanticus,Megalops,0.00805,2.977,4,FL,10.2,205,Megalopidae,Elopiformes,Teleostei
Merluccius albidus,Merluccius,0.00457,3.13,3,TL,8,51.7,Merlucciidae,Gadiformes,Teleostei
Aluterus schoepfii,Aluterus,0.0927,2.344,1,TL,27.7,54.8,Monacanthidae,Tetraodontiformes,Teleostei
Cantherhines pullus,Cantherhines,0.0684,2.563,1,TL,15.1,20,Monacanthidae,Tetraodontiformes,Teleostei
Scomberesox saurus,Scomberesox,0.001385,3.1395,2,TL,17,40.5,Scomberesocidae,Beloniformes,Teleostei
Dajaus monticola,Dajaus,0.0102,3.12,4,SL,2.34,16.4,Mugilidae,Mugiliformes,Teleostei
Mugil curema,Mugil,0.0166,2.9,33,TL,1.4,51.4,Mugilidae,Mugiliformes,Teleostei
Mugil curvidens,Mugil,0.0146,2.91,1,TL,8.5,34.3,Mugilidae,Mugiliformes,Teleostei
Mugil hospes,Mugil,0.05805,2.5,2,FL,13,35.5,Mugilidae,Mugiliformes,Teleostei
Mugil incilis,Mugil,0.01405,2.881,2,TL,11.1,40,Mugilidae,Mugiliformes,Teleostei
Mugil liza,Mugil,0.0108,2.985,14,TL,2,65,Mugilidae,Mugiliformes,Teleostei
Mulloidichthys martinicus,Mulloidichthys,0.0136,3.0726,7,FL,12.5,44.8,Mullidae,Mulliformes,Teleostei
Pseudupeneus maculatus,Pseudupeneus,0.015,3.157,11,FL,5,30,Mullidae,Mulliformes,Teleostei
Upeneus parvus,Upeneus,0.00506,3.31,7,TL,5,23.2,Mullidae,Mulliformes,Teleostei
Cynoponticus savanna,Cynoponticus,0.00088,2.72,3,TL,14.5,139.60001,Muraenesocidae,Anguilliformes,Teleostei
Enchelycore nigricans,Enchelycore,0.00173,3,1,TL,91.4,91.4,Muraenidae,Anguilliformes,Teleostei
Gymnothorax ocellatus,Gymnothorax,0.000125,3.6535,4,TL,6.2,56,Muraenidae,Anguilliformes,Teleostei
Gymnothorax miliaris,Gymnothorax,0.0109,2.574,1,TL,24.9,74.2,Muraenidae,Anguilliformes,Teleostei
Ophichthus gomesii,Ophichthus,0.00933,2.41,1,TL,44.7,56.5,Ophichthidae,Anguilliformes,Teleostei
Lactophrys trigonus,Lactophrys,0.1964,2.5915,2,TL,7,47,Ostraciidae,Tetraodontiformes,Teleostei
Lactophrys triqueter,Lactophrys,0.309,2.23,1,TL,12.4,27.6,Ostraciidae,Tetraodontiformes,Teleostei
Polydactylus octonemus,Polydactylus,0.00191,3.27,1,TL,5.1,22.6,Polynemidae,Carangaria/misc,Teleostei
Polydactylus oligodon,Polydactylus,0.0086,3.045,2,FL,3.54,38.1,Polynemidae,Carangaria/misc,Teleostei
Polydactylus virginicus,Polydactylus,0.0069,3.12,8,TL,2.29,32.3,Polynemidae,Carangaria/misc,Teleostei
Pomacanthus arcuatus,Pomacanthus,0.0344,2.968,1,TL,1.6,43.8,Pomacanthidae,Acanthuriformes,Teleostei
Pomacanthus paru,Pomacanthus,0.0203,2.85,3,TL,2.1,41.3,Pomacanthidae,Acanthuriformes,Teleostei
Abudefduf saxatilis,Abudefduf,0.0207,3.131,4,FL,1.5,20.1,Pomacentridae,Ovalentaria/misc,Teleostei
Microspathodon chrysurus,Microspathodon,0.0239,3.082,1,FL,1.6,5.8,Pomacentridae,Ovalentaria/misc,Teleostei
Anisotremus surinamensis,Anisotremus,0.02055,2.85,4,FL,17.9,51.6,Haemulidae,Eupercaria/misc,Teleostei
Anisotremus virginicus,Anisotremus,0.0144,3.167,3,FL,1.7,29.8,Haemulidae,Eupercaria/misc,Teleostei
Haemulon album,Haemulon,0.0147,3.056,4,FL,7,61,Haemulidae,Eupercaria/misc,Teleostei
Anchoa ischana,Anchoa,0.0067,3,3,SL,2.52,17,Engraulidae,Clupeiformes,Teleostei
Haemulon aurolineatum,Haemulon,0.01095,3.095,12,FL,1.2,28,Haemulidae,Eupercaria/misc,Teleostei
Haemulon bonariense,Haemulon,0.0485,2.72,3,TL,3,26.9,Haemulidae,Eupercaria/misc,Teleostei
Haemulon boschmae,Haemulon,0.03415,2.6,1,TL,6.8,15,Haemulidae,Eupercaria/misc,Teleostei
Haemulon carbonarium,Haemulon,0.02755,2.898,2,FL,3.2,23.4,Haemulidae,Eupercaria/misc,Teleostei
Anchoa lyolepis,Anchoa,0.00586,3.0618,5,TL,3.2,12.1,Engraulidae,Clupeiformes,Teleostei
Anchoa hepsetus,Anchoa,0.006,3.118,7,TL,1.5,14,Engraulidae,Clupeiformes,Teleostei
Brachygenys chrysargyrea,Brachygenys,0.0141,3.0474,3,FL,2.7,20,Haemulidae,Eupercaria/misc,Teleostei
Haemulon flavolineatum,Haemulon,0.0207,3,7,FL,2.5,31,Haemulidae,Eupercaria/misc,Teleostei
Haemulon macrostoma,Haemulon,0.021,3.0445,2,FL,15.6,30.9,Haemulidae,Eupercaria/misc,Teleostei
Anchoa exigua,Anchoa,0.00805,3,2,SL,4.3,,Engraulidae,Clupeiformes,Teleostei
Haemulon melanurum,Haemulon,0.03915,2.7915,4,FL,2.9,27.7,Haemulidae,Eupercaria/misc,Teleostei
Haemulon parra,Haemulon,0.0199,2.993,3,FL,1.1,30,Haemulidae,Eupercaria/misc,Teleostei
Haemulon plumierii,Haemulon,0.0178,2.99,17,FL,2,70,Haemulidae,Eupercaria/misc,Teleostei
Haemulon sciurus,Haemulon,0.0218,2.999,7,FL,2.6,31,Haemulidae,Eupercaria/misc,Teleostei
Haemulon steindachneri,Haemulon,0.0103,3.124,3,TL,0.9,28,Haemulidae,Eupercaria/misc,Teleostei
Haemulon striatum,Haemulon,0.0175,3.099,1,FL,4,18,Haemulidae,Eupercaria/misc,Teleostei
Orthopristis rubra,Orthopristis,0.01485,2.983,14,TL,3.5,41.5,Haemulidae,Eupercaria/misc,Teleostei
Haemulopsis corvinaeformis,Haemulopsis,0.0104,3.14,17,TL,3.2,29.3,Haemulidae,Eupercaria/misc,Teleostei
Rhonciscus crocro,Rhonciscus,0.03901,3,1,TL,36.2,36.2,Haemulidae,Eupercaria/misc,Teleostei
Priacanthus arenatus,Priacanthus,0.0207,2.89,7,TL,13,72.6,Priacanthidae,Eupercaria/misc,Teleostei
Heteropriacanthus cruentatus,Heteropriacanthus,0.026,2.84,5,FL,9,34.5,Priacanthidae,Eupercaria/misc,Teleostei
Scarus coelestinus,Scarus,0.0177,3.041,2,FL,39,69,Scaridae,Eupercaria/misc,Teleostei
Scarus coeruleus,Scarus,0.0124,3.111,1,TL,10.3,61,Scaridae,Eupercaria/misc,Teleostei
Scarus iseri,Scarus,0.0162,3.03575,4,FL,2,19.5,Scaridae,Eupercaria/misc,Teleostei
Scarus guacamaia,Scarus,0.0155,3.0629,3,FL,12.8,85,Scaridae,Eupercaria/misc,Teleostei
Scarus taeniopterus,Scarus,0.026995,2.89,4,TL,5,31.4,Scaridae,Eupercaria/misc,Teleostei
Sparisoma aurofrenatum,Sparisoma,0.0162,3.055,4,FL,12.9,33,Scaridae,Eupercaria/misc,Teleostei
Sparisoma chrysopterum,Sparisoma,0.01445,3.07115,6,FL,2.7,42.5,Scaridae,Eupercaria/misc,Teleostei
Sparisoma rubripinne,Sparisoma,0.0194,3,3,TL,10,39,Scaridae,Eupercaria/misc,Teleostei
Sparisoma viride,Sparisoma,0.02735,2.913,4,FL,12.9,46,Scaridae,Eupercaria/misc,Teleostei
Anchoa nasus,Anchoa,0.00815,3.217,2,SL,9.5,15.2,Engraulidae,Clupeiformes,Teleostei
Sparus aurata,Sparus,0.0145,3,25,TL,1.6,68,Sparidae,Eupercaria/misc,Teleostei
Bairdiella chrysoura,Bairdiella,0.02,2.966,5,SL,1.5,19.4,Sciaenidae,Eupercaria/misc,Teleostei
Bairdiella ronchus,Bairdiella,0.007355,3.1464,16,TL,2.5,80.4,Sciaenidae,Eupercaria/misc,Teleostei
Ctenosciaena gracilicirrhus,Ctenosciaena,0.00968,3.126,11,TL,3.2,24,Sciaenidae,Eupercaria/misc,Teleostei
Cynoscion acoupa,Cynoscion,0.0094,3.015,4,TL,2.4,116.9,Sciaenidae,Eupercaria/misc,Teleostei
Cynoscion arenarius,Cynoscion,0.018,2.914,3,SL,2.6,20.9,Sciaenidae,Eupercaria/misc,Teleostei
Cynoscion jamaicensis,Cynoscion,0.00781,3.1,15,TL,2,56.9,Sciaenidae,Eupercaria/misc,Teleostei
Cynoscion leiarchus,Cynoscion,0.0125,3.035,5,TL,2,29.75,Sciaenidae,Eupercaria/misc,Teleostei
Cynoscion microlepidotus,Cynoscion,0.00722,3.045,4,TL,2,43,Sciaenidae,Eupercaria/misc,Teleostei
Cynoscion nothus,Cynoscion,0.0225,2.837,3,SL,2.6,18.8,Sciaenidae,Eupercaria/misc,Teleostei
Cynoscion virescens,Cynoscion,0.00902,2.99,8,TL,2.9,115,Sciaenidae,Eupercaria/misc,Teleostei
Isopisthus parvipinnis,Isopisthus,0.0063,3.1,15,TL,2,41.5,Sciaenidae,Eupercaria/misc,Teleostei
Larimus breviceps,Larimus,0.0075,3.167,15,TL,2.1,26.3,Sciaenidae,Eupercaria/misc,Teleostei
Nebris microps,Nebris,0.008,3.124,7,TL,2.7,39,Sciaenidae,Eupercaria/misc,Teleostei
Odontoscion dentex,Odontoscion,0.0105,3.007,1,TL,5.8,5.8,Sciaenidae,Eupercaria/misc,Teleostei
Stellifer punctatissimus,Stellifer,0.0071,3.172,3,TL,6.8,27.3,Sciaenidae,Eupercaria/misc,Teleostei
Paralonchurus brasiliensis,Paralonchurus,0.002755,3.378,16,TL,2.6,33.7,Sciaenidae,Eupercaria/misc,Teleostei
Protosciaena bathytatos,Protosciaena,0.0043,3.308,1,TL,15.2,32.2,Sciaenidae,Eupercaria/misc,Teleostei
Protosciaena trewavasae,Protosciaena,0.0242,3.01,1,SL,12.5,18,Sciaenidae,Eupercaria/misc,Teleostei
Sciaenops ocellatus,Sciaenops,0.01001,3.028,3,FL,24.2,144,Sciaenidae,Eupercaria/misc,Teleostei
Stellifer microps,Stellifer,0.0058,3.26,5,TL,3.1,19.5,Sciaenidae,Eupercaria/misc,Teleostei
Stephanolepis setifer,Stephanolepis,0.015165,3.16725,2,NG,2.4,7,Monacanthidae,Tetraodontiformes,Teleostei
Stellifer rastrifer,Stellifer,0.00625,3.264,19,TL,1.43,32.1,Sciaenidae,Eupercaria/misc,Teleostei
Umbrina broussonnetii,Umbrina,0.0231,2.99,1,SL,14,28,Sciaenidae,Eupercaria/misc,Teleostei
Umbrina coroides,Umbrina,0.01195,3.0265,4,TL,5.7,26.9,Sciaenidae,Eupercaria/misc,Teleostei
Scorpaena plumieri,Scorpaena,0.0243,2.92,5,TL,1.3,34,Scorpaenidae,Perciformes/Scorpaenoidei,Teleostei
Diplectrum formosum,Diplectrum,0.00736,3.18,6,TL,2,72.8,Serranidae,Perciformes/Serranoidei,Teleostei
Epinephelus drummondhayi,Epinephelus,0.011,3.073,1,,,,Epinephelidae,Perciformes/Serranoidei,Teleostei
Hyporthodus flavolimbatus,Hyporthodus,0.05,2.8,1,TL,,,Epinephelidae,Perciformes/Serranoidei,Teleostei
Hyporthodus nigritus,Hyporthodus,0.0201,2.98,1,TL,,,Epinephelidae,Perciformes/Serranoidei,Teleostei
Hyporthodus niveatus,Hyporthodus,0.0249,2.927,5,TL,10.8,121.6,Epinephelidae,Perciformes/Serranoidei,Teleostei
Mycteroperca bonaci,Mycteroperca,0.0104,3.11,9,TL,20.1,143,Epinephelidae,Perciformes/Serranoidei,Teleostei
Mycteroperca interstitialis,Mycteroperca,0.0141,3,3,TL,44.5,75.5,Epinephelidae,Perciformes/Serranoidei,Teleostei
Mycteroperca microlepis,Mycteroperca,0.0151,2.9672,5,TL,20,116,Epinephelidae,Perciformes/Serranoidei,Teleostei
Mycteroperca phenax,Mycteroperca,0.01435,3,1,TL,96,96,Epinephelidae,Perciformes/Serranoidei,Teleostei
Mycteroperca rubra,Mycteroperca,0.0156,2.979,4,TL,25,144,Epinephelidae,Perciformes/Serranoidei,Teleostei
Mycteroperca tigris,Mycteroperca,0.01425,3.115,2,TL,29,74,Epinephelidae,Perciformes/Serranoidei,Teleostei
Mycteroperca venenosa,Mycteroperca,0.0132,3,5,FL,22.5,92,Epinephelidae,Perciformes/Serranoidei,Teleostei
Paranthias furcifer,Paranthias,0.0135,3.043,1,FL,23.5,29.5,Epinephelidae,Perciformes/Serranoidei,Teleostei
Archosargus rhomboidalis,Archosargus,0.023,3.072,9,SL,1.3,27.9,Sparidae,Eupercaria/misc,Teleostei
Calamus bajonado,Calamus,0.03336,2.822,5,FL,17,60,Sparidae,Eupercaria/misc,Teleostei
Calamus calamus,Calamus,0.0306,2.81,3,FL,6.5,31,Sparidae,Eupercaria/misc,Teleostei
Calamus leucosteus,Calamus,0.06028,2.858,1,SL,,,Sparidae,Eupercaria/misc,Teleostei
Calamus nodosus,Calamus,0.01478,3.03,3,TL,24,54.4,Sparidae,Eupercaria/misc,Teleostei
Calamus penna,Calamus,0.08705,2.604,4,FL,13.4,53.5,Sparidae,Eupercaria/misc,Teleostei
Calamus pennatula,Calamus,0.037,3.01,5,FL,7,36,Sparidae,Eupercaria/misc,Teleostei
Calamus proridens,Calamus,0.033565,2.755,4,FL,13.4,38.5,Sparidae,Eupercaria/misc,Teleostei
Pagrus pagrus,Pagrus,0.02045,2.95,40,TL,4,90,Sparidae,Eupercaria/misc,Teleostei
Stenotomus caprinus,Stenotomus,0.0168,3.069,1,SL,6.1,10,Sparidae,Eupercaria/misc,Teleostei
Sphyraena barracuda,Sphyraena,0.008,2.972,17,FL,2.6,139,Sphyraenidae,Carangaria/misc,Teleostei
Sphyraena guachancho,Sphyraena,0.009,2.88,5,TL,6.9,71,Sphyraenidae,Carangaria/misc,Teleostei
Sphyraena picudilla,Sphyraena,0.00669,2.942,3,FL,21.5,43,Sphyraenidae,Carangaria/misc,Teleostei
Lagocephalus laevigatus,Lagocephalus,0.02424,2.829,12,TL,3.4,76.2,Tetraodontidae,Tetraodontiformes,Teleostei
Sphoeroides nephelus,Sphoeroides,0.02625,2.8733,2,TL,7,26.5,Tetraodontidae,Tetraodontiformes,Teleostei
Sphoeroides spengleri,Sphoeroides,0.0274,2.8162,7,TL,1.5,30.3,Tetraodontidae,Tetraodontiformes,Teleostei
Sphoeroides testudineus,Sphoeroides,0.0218,2.9625,28,TL,1.1,28,Tetraodontidae,Tetraodontiformes,Teleostei
Prionotus carolinus,Prionotus,0.00226,3.47,1,TL,21,34,Triglidae,Perciformes/Scorpaenoidei,Teleostei
Prionotus evolans,Prionotus,0.01537,3,3,TL,43,43,Triglidae,Perciformes/Scorpaenoidei,Teleostei
Prionotus punctatus,Prionotus,0.010655,3.028,20,TL,2.2,43,Triglidae,Perciformes/Scorpaenoidei,Teleostei
Hypanus americanus,Hypanus,0.0306,2.97,5,WD,30,134,Dasyatidae,Myliobatiformes,Elasmobranchii
Hypanus guttatus,Hypanus,0.0087,3.24,7,TL,6.9,167,Dasyatidae,Myliobatiformes,Elasmobranchii
Aetobatus narinari,Aetobatus,0.00586,3.13,1,WD,,,Aetobatidae,Myliobatiformes,Elasmobranchii
Myliobatis freminvillei,Myliobatis,0.016165,3.065,2,WD,28,129,Myliobatidae,Myliobatiformes,Elasmobranchii
Rostroraja eglanteria,Rostroraja,0.00095,3.43,3,TL,22,71,Rajidae,Rajiformes,Elasmobranchii
Leucoraja garmani,Leucoraja,0.003675,3.071,4,TL,14,43,Rajidae,Rajiformes,Elasmobranchii
Acanthurus mata,Acanthurus,0.02462,2.9745,4,FL,10,32,Acanthuridae,Acanthuriformes,Teleostei
Acanthurus dussumieri,Acanthurus,0.04898,2.83363,2,FL,2.5,51.5,Acanthuridae,Acanthuriformes,Teleostei
Acanthurus leucosternon,Acanthurus,0.016875,2.9605,2,SL,10.7,18.7,Acanthuridae,Acanthuriformes,Teleostei
Acanthurus lineatus,Acanthurus,0.0363,2.92,6,FL,7.6,27.4,Acanthuridae,Acanthuriformes,Teleostei
Acanthurus triostegus,Acanthurus,0.0361,3.081,7,FL,3,22.3,Acanthuridae,Acanthuriformes,Teleostei
Acanthurus xanthopterus,Acanthurus,0.033,2.88,5,FL,8,57,Acanthuridae,Acanthuriformes,Teleostei
Ctenochaetus striatus,Ctenochaetus,0.02965,3.0335,8,FL,2.8,25.2,Acanthuridae,Acanthuriformes,Teleostei
Naso hexacanthus,Naso,0.031285,2.904915,2,FL,5.7,53.4,Acanthuridae,Acanthuriformes,Teleostei
Naso lituratus,Naso,0.03605,2.931,4,FL,12,47.4,Acanthuridae,Acanthuriformes,Teleostei
Naso unicornis,Naso,0.0314,2.92,9,FL,5,60,Acanthuridae,Acanthuriformes,Teleostei
Zebrasoma velifer,Zebrasoma,0.03425,2.855,3,FL,4,29,Acanthuridae,Acanthuriformes,Teleostei
Acropoma japonicum,Acropoma,0.017,2.98,3,TL,3.2,13.6,Acropomatidae,Acropomatiformes,Teleostei
Anguilla labiata,Anguilla,0.00023,3.517,1,SL,,,Anguillidae,Anguilliformes,Teleostei
Anguilla marmorata,Anguilla,0.03015,2.6385,2,TL,24,176,Anguillidae,Anguilliformes,Teleostei
Anguilla mossambica,Anguilla,0.00071,3.2998,1,TL,10,100,Anguillidae,Anguilliformes,Teleostei
Kyataphisa caelata,Kyataphisa,0.00435,3.243,11,FL,17.8,59,Ariidae,Siluriformes,Teleostei
Trachurus mediterraneus,Trachurus,0.0104,2.955,32,TL,2.6,51,Carangidae,Carangiformes,Teleostei
Trachurus picturatus,Trachurus,0.0053,3.1417,10,TL,4,32.6,Carangidae,Carangiformes,Teleostei
Arius maculatus,Arius,0.015,2.95,3,SL,11,21,Ariidae,Siluriformes,Teleostei
Arius arius,Arius,0.006,3.116,2,TL,5.6,35.9,Ariidae,Siluriformes,Teleostei
Plicofollis dussumieri,Plicofollis,0.0163,2.871,2,TL,8,85,Ariidae,Siluriformes,Teleostei
Trichiurus lepturus,Trichiurus,0.00022,3.255,54,TL,2,156.60001,Trichiuridae,Scombriformes,Teleostei
Ciliata mustela,Ciliata,0.0058,3.0845,2,TL,7.5,23.5,Gaidropsaridae,Gadiformes,Teleostei
Pseudosciades sona,Pseudosciades,0.035,2.671,1,TL,24,63,Ariidae,Siluriformes,Teleostei
Arius subrostratus,Arius,0.0181,2.8067,3,TL,6,29,Ariidae,Siluriformes,Teleostei
Plicofollis layardi,Plicofollis,0.01723,2.9,5,TL,7,51,Ariidae,Siluriformes,Teleostei
Osteogeneiosus militaris,Osteogeneiosus,0.010335,2.96,8,TL,12.6,48.5,Ariidae,Siluriformes,Teleostei
Ariomma indica,Ariomma,0.0265,2.932,7,TL,6.1,22.4,Ariommatidae,Scombriformes,Teleostei
Atherina breviceps,Atherina,0.00992,3.135,1,SL,1.6,7.4,Atherinidae,Atheriniformes,Teleostei
Doboatherina duodecimalis,Doboatherina,0.00565,3.138,2,TL,2.8,10.4,Atherinidae,Atheriniformes,Teleostei
Atherinomorus lacunosus,Atherinomorus,0.008115,3.19376,2,FL,6.5,13,Atherinidae,Atheriniformes,Teleostei
Umbrina cirrosa,Umbrina,0.0117,2.9989,5,TL,6.5,66.5,Sciaenidae,Eupercaria/misc,Teleostei
Aulostomus chinensis,Aulostomus,0.00021,3.51443,3,TL,15.6,69,Aulostomidae,Syngnathiformes,Teleostei
Odonus niger,Odonus,0.03663,3,3,SL,13,32,Balistidae,Tetraodontiformes,Teleostei
Sufflamen fraenatum,Sufflamen,0.029825,2.956415,2,FL,18.5,36.5,Balistidae,Tetraodontiformes,Teleostei
Colletteichthys dussumieri,Colletteichthys,0.0108,3.27,1,TL,6.2,16.9,Batrachoididae,Batrachoidiformes,Teleostei
Strongylura leiurus,Strongylura,0.00539,2.8225,2,FL,43.5,75,Belonidae,Beloniformes,Teleostei
Strongylura strongylura,Strongylura,0.00167,3,4,SL,12.5,51.8,Belonidae,Beloniformes,Teleostei
Tylosurus melanotus,Tylosurus,0.00492,2.745,1,TL,45,82.3,Belonidae,Beloniformes,Teleostei
Beryx decadactylus,Beryx,0.0207,3,5,FL,23.6,53,Berycidae,Beryciformes,Teleostei
Beryx splendens,Beryx,0.0226,3.018,18,SL,16,46.7,Berycidae,Beryciformes,Teleostei
Bothus pantherinus,Bothus,0.00292,3.61292,2,FL,8,18,Bothidae,Pleuronectiformes,Teleostei
Chascanopsetta lugubris,Chascanopsetta,0.0012,3.448,1,TL,17.9,31.5,Bothidae,Pleuronectiformes,Teleostei
Engyprosopon grandisquama,Engyprosopon,0.019055,2.840085,2,FL,5.5,12,Bothidae,Pleuronectiformes,Teleostei
Pseudorhombus arsius,Pseudorhombus,0.00444,3.176,9,TL,2.1,36,Paralichthyidae,Pleuronectiformes,Teleostei
Mullus surmuletus,Mullus,0.0084,3.158,85,TL,3.5,46.5,Mullidae,Mulliformes,Teleostei
Myctophum punctatum,Myctophum,0.00804,3,3,TL,2.2,10.5,Myctophidae,Myctophiformes,Teleostei
Myoxocephalus scorpius,Myoxocephalus,0.00935,3.18,12,TL,2.5,35,Cottidae,Perciformes/Cottoidei,Teleostei
Nerophis ophidion,Nerophis,2e-04,2.42,5,TL,7.8,26,Syngnathidae,Syngnathiformes,Teleostei
Pseudorhombus elevatus,Pseudorhombus,0.0066,3.242,5,TL,6.2,37.5,Paralichthyidae,Pleuronectiformes,Teleostei
Osmerus eperlanus,Osmerus,0.0042,3.163,3,FL,5.25,25.5,Osmeridae,Osmeriformes,Teleostei
Pegusa lascaris,Pegusa,0.00689,3.13,5,TL,3.3,33.4,Soleidae,Pleuronectiformes,Teleostei
Paralichthys dentatus,Paralichthys,0.004865,3.225,12,TL,12,78,Paralichthyidae,Pleuronectiformes,Teleostei
Phycis blennoides,Phycis,0.00346,3.238,19,TL,5.5,65,Phycidae,Gadiformes,Teleostei
Platichthys flesus,Platichthys,0.00955,3.06,28,TL,2.4,53,Pleuronectidae,Pleuronectiformes,Teleostei
Pollachius virens,Pollachius,0.00747,3.0538,20,TL,10.5,116.5,Gadidae,Gadiformes,Teleostei
Pomatoschistus microps,Pomatoschistus,0.0075,3.18,1,TL,1.5,5.8,Gobiidae,Gobiiformes,Teleostei
Pomatoschistus minutus,Pomatoschistus,0.0088,3.0025,8,TL,1.3,9.5,Gobiidae,Gobiiformes,Teleostei
Pomatoschistus norvegicus,Pomatoschistus,0.00853,2.919,1,TL,2,6.95,Gobiidae,Gobiiformes,Teleostei
Pomatoschistus pictus,Pomatoschistus,0.00735,3.02,3,TL,1.8,5.8,Gobiidae,Gobiiformes,Teleostei
Scophthalmus maximus,Scophthalmus,0.013,3.11,25,TL,2,80,Scophthalmidae,Pleuronectiformes,Teleostei
Raniceps raninus,Raniceps,0.0062,3.267,1,TL,13.5,30.5,Ranicipitidae,Gadiformes,Teleostei
Sardina pilchardus,Sardina,0.00591,3.0945,40,TL,1.7,28.75,Alosidae,Clupeiformes,Teleostei
Paralichthys olivaceus,Paralichthys,0.0099,3.077,4,TL,7.3,52,Paralichthyidae,Pleuronectiformes,Teleostei
Sebastes viviparus,Sebastes,0.0115,3.137,3,TL,9,66.5,Sebastidae,Perciformes/Scorpaenoidei,Teleostei
Serranus cabrilla,Serranus,0.01495,2.91175,40,TL,2.7,36,Serranidae,Perciformes/Serranoidei,Teleostei
Spinachia spinachia,Spinachia,0.0021,3,1,TL,,,Gasterosteidae,Perciformes/Gasterosteoidei,Teleostei
Spondyliosoma cantharus,Spondyliosoma,0.0133,3.0585,26,TL,4,48,Sparidae,Eupercaria/misc,Teleostei
Sprattus sprattus,Sprattus,0.006,3.032,37,TL,3.75,16.25,Clupeidae,Clupeiformes,Teleostei
Syngnathus rostellatus,Syngnathus,0.000145,3.41123,2,TL,5.2,18.5,Syngnathidae,Syngnathiformes,Teleostei
Syngnathus typhle,Syngnathus,0.000235,3.184,12,TL,1.61,31.6,Syngnathidae,Syngnathiformes,Teleostei
Taurulus bubalis,Taurulus,0.0154,3,1,TL,,,Cottidae,Perciformes/Cottoidei,Teleostei
Trachinus draco,Trachinus,0.0061,3.0482,31,TL,2.4,47,Trachinidae,Perciformes/Percoidei,Teleostei
Echiichthys vipera,Echiichthys,0.01134,3,6,TL,1.7,27.7,Trachinidae,Perciformes/Percoidei,Teleostei
Trachurus trachurus,Trachurus,0.0086,2.9849,74,TL,2,47,Carangidae,Carangiformes,Teleostei
Chelidonichthys lucerna,Chelidonichthys,0.008,3.019,33,TL,2.2,76.7,Triglidae,Perciformes/Scorpaenoidei,Teleostei
Trisopterus luscus,Trisopterus,0.010345,3.059,16,TL,3,43,Gadidae,Gadiformes,Teleostei
Zeugopterus punctatus,Zeugopterus,0.0139,3.146,1,TL,11.5,23.5,Scophthalmidae,Pleuronectiformes,Teleostei
Zeus faber,Zeus,0.023,2.908,31,TL,2.1,68.5,Zeidae,Zeiformes,Teleostei
Hippoglossus hippoglossus,Hippoglossus,0.013,3.19,7,TL,8,181,Pleuronectidae,Pleuronectiformes,Teleostei
Hyperoplus immaculatus,Hyperoplus,0.00306,3,3,TL,13,36,Ammodytidae,Perciformes/Uranoscopoidei,Teleostei
Hyperoplus lanceolatus,Hyperoplus,0.005,2.81235,2,TL,6.5,34.5,Ammodytidae,Perciformes/Uranoscopoidei,Teleostei
Labrus mixtus,Labrus,0.0049,3.2875,2,TL,16.1,43,Labridae,Eupercaria/misc,Teleostei
Pseudorhombus natalensis,Pseudorhombus,0.024,2.7735,2,TL,13.2,26.5,Paralichthyidae,Pleuronectiformes,Teleostei
Liparis liparis,Liparis,0.031035,3,2,SL,6,7.5,Liparidae,Perciformes/Cottoidei,Teleostei
Liparis montagui,Liparis,0.0131,3.1228,1,TL,6.5,15.5,Liparidae,Perciformes/Cottoidei,Teleostei
Lumpenus lampretaeformis,Lumpenus,0.01135,2.26885,2,TL,5.35,35.5,Lumpenidae,Perciformes/Zoarcoidei,Teleostei
Melanogrammus aeglefinus,Melanogrammus,0.00519,3.155,25,TL,6.5,77,Gadidae,Gadiformes,Teleostei
Microstomus kitt,Microstomus,0.0106,3,11,TL,3.25,57,Pleuronectidae,Pleuronectiformes,Teleostei
Molva dypterygia,Molva,0.00191,3.149,1,TL,69,142,Lotidae,Gadiformes,Teleostei
Etelis coruscans,Etelis,0.0352,2.819,6,FL,18,96,Lutjanidae,Eupercaria/misc,Teleostei
Sarotherodon galilaeus,Sarotherodon,0.02145,3,13,TL,2.7,39.5,Cichlidae,Cichliformes,Teleostei
Coptodon zillii,Coptodon,0.019,2.995,15,SL,2.9,28,Cichlidae,Cichliformes,Teleostei
Etelis oculatus,Etelis,0.03006,2.8147,9,FL,20,99.5,Lutjanidae,Eupercaria/misc,Teleostei
Etelis radiosus,Etelis,0.04395,2.787,2,FL,13.5,57.5,Lutjanidae,Eupercaria/misc,Teleostei
Hoplopagrus guentherii,Hoplopagrus,0.0228,3,1,TL,60,60,Lutjanidae,Eupercaria/misc,Teleostei
Lipocheilus carnolabrum,Lipocheilus,0.149,2.488,1,FL,30,68,Lutjanidae,Eupercaria/misc,Teleostei
Lutjanus adetii,Lutjanus,0.012435,3.12632,4,FL,18.5,47,Lutjanidae,Eupercaria/misc,Teleostei
Oreochromis macrochir,Oreochromis,0.015,3.106,3,TL,10,44,Cichlidae,Cichliformes,Teleostei
Coptodon rendalli,Coptodon,0.0335,2.881,6,TL,3.6,40,Cichlidae,Cichliformes,Teleostei
Lutjanus agennes,Lutjanus,0.029,2.81,3,TL,15,50,Lutjanidae,Eupercaria/misc,Teleostei
Oreochromis aureus,Oreochromis,0.0355,3,9,SL,4.2,34,Cichlidae,Cichliformes,Teleostei
Oreochromis andersonii,Oreochromis,0.01069,3.173,5,SL,7.7,25,Cichlidae,Cichliformes,Teleostei
Lutjanus analis,Lutjanus,0.01595,3.037,20,FL,2.3,85,Lutjanidae,Eupercaria/misc,Teleostei
Lutjanus apodus,Lutjanus,0.0185,2.984,10,FL,3.8,79.1,Lutjanidae,Eupercaria/misc,Teleostei
Lutjanus aratus,Lutjanus,0.0126,3,1,TL,86.4,109,Lutjanidae,Eupercaria/misc,Teleostei
Lutjanus argentimaculatus,Lutjanus,0.0244,2.91,13,TL,5.5,83,Lutjanidae,Eupercaria/misc,Teleostei
Lutjanus argentiventris,Lutjanus,0.01785,3.01,10,TL,2.3,58,Lutjanidae,Eupercaria/misc,Teleostei
Sarotherodon melanotheron,Sarotherodon,0.019,2.9593,7,TL,1.3,27.5,Cichlidae,Cichliformes,Teleostei
Oreochromis leucostictus,Oreochromis,0.0152,3.058,1,FL,4.5,25.5,Cichlidae,Cichliformes,Teleostei
Sarotherodon occidentalis,Sarotherodon,0.036,2.98,2,SL,8.17,36.75,Cichlidae,Cichliformes,Teleostei
Oreochromis mortimeri,Oreochromis,0.031,3.02,2,SL,,,Cichlidae,Cichliformes,Teleostei
Lutjanus bohar,Lutjanus,0.016315,3.046825,4,FL,4,75,Lutjanidae,Eupercaria/misc,Teleostei
Lutjanus boutton,Lutjanus,0.0336,3,1,SL,,,Lutjanidae,Eupercaria/misc,Teleostei
Lutjanus buccanella,Lutjanus,0.0148,2.974,9,FL,3,74,Lutjanidae,Eupercaria/misc,Teleostei
Lutjanus campechanus,Lutjanus,0.0165,3.017,11,FL,8,104,Lutjanidae,Eupercaria/misc,Teleostei
Lutjanus carponotatus,Lutjanus,0.024255,2.8604,4,TL,,,Lutjanidae,Eupercaria/misc,Teleostei
Lutjanus coeruleolineatus,Lutjanus,0.0122,3.069,9,TL,19.4,44.2,Lutjanidae,Eupercaria/misc,Teleostei
Lutjanus colorado,Lutjanus,0.0159,2.98,3,TL,2.1,79,Lutjanidae,Eupercaria/misc,Teleostei
Lutjanus cyanopterus,Lutjanus,0.0151,3.059,3,FL,33,109,Lutjanidae,Eupercaria/misc,Teleostei
Lutjanus decussatus,Lutjanus,0.02805,2.9635,2,SL,7,22.5,Lutjanidae,Eupercaria/misc,Teleostei
Lutjanus dentatus,Lutjanus,0.02,2.89,1,TL,17.1,126,Lutjanidae,Eupercaria/misc,Teleostei
Oreochromis esculentus,Oreochromis,0.01415,3.1185,4,TL,6.5,35,Cichlidae,Cichliformes,Teleostei
Oreochromis shiranus,Oreochromis,0.0153,3.03,2,TL,,,Cichlidae,Cichliformes,Teleostei
Lutjanus erythropterus,Lutjanus,0.027,2.87,3,TL,23,43,Lutjanidae,Eupercaria/misc,Teleostei
Lutjanus goldiei,Lutjanus,0.0201,3,1,TL,98.4,98.4,Lutjanidae,Eupercaria/misc,Teleostei
Lutjanus goreensis,Lutjanus,0.022,2.91,5,TL,3.3,59,Lutjanidae,Eupercaria/misc,Teleostei
Cyprinus carpio,Cyprinus,0.026,2.888,198,FL,1.7,87,Cyprinidae,Cypriniformes,Teleostei
Chirocentrus nudus,Chirocentrus,0.019,2.84,1,TL,15.5,76,Chirocentridae,Clupeiformes,Teleostei
Dussumieria acuta,Dussumieria,0.0095,2.964,6,TL,5,20.5,Dussumieriidae,Clupeiformes,Teleostei
Dussumieria elopsoides,Dussumieria,0.0062,3.123,7,TL,5,16.5,Dussumieriidae,Clupeiformes,Teleostei
Etrumeus sadina,Etrumeus,0.00895,3.005,6,TL,8,25,Dussumieriidae,Clupeiformes,Teleostei
Spratelloides delicatulus,Spratelloides,0.00377,3.287,3,TL,1.6,6.2,Spratelloididae,Clupeiformes,Teleostei
Spratelloides gracilis,Spratelloides,0.005425,3.075,4,TL,3,9.8,Spratelloididae,Clupeiformes,Teleostei
Spratelloides lewisi,Spratelloides,0.004155,3.195,2,FL,,,Spratelloididae,Clupeiformes,Teleostei
Jenkinsia lamprotaenia,Jenkinsia,0.003385,3.61405,2,FL,1,5.3,Spratelloididae,Clupeiformes,Teleostei
Sprattus fuegensis,Sprattus,0.00281,3.0995,2,TL,,,Clupeidae,Clupeiformes,Teleostei
Clupeonella cultriventris,Clupeonella,0.01963,2.875,2,FL,8.9,10.7,Ehiravidae,Clupeiformes,Teleostei
Clupeonella engrauliformis,Clupeonella,0.0125,2.692,3,FL,7,15.6,Ehiravidae,Clupeiformes,Teleostei
Clupeonella grimmi,Clupeonella,0.00922,2.97,7,FL,7,14.2,Ehiravidae,Clupeiformes,Teleostei
Sardinops sagax,Sardinops,0.00762,3.085,8,SL,2.3,28.8,Alosidae,Clupeiformes,Teleostei
Harengula clupeola,Harengula,0.006195,3.21,12,TL,2.1,22.5,Dorosomatidae,Clupeiformes,Teleostei
Harengula humeralis,Harengula,0.01085,3.145,4,FL,3.1,19,Dorosomatidae,Clupeiformes,Teleostei
Harengula jaguana,Harengula,0.009,3.3305,6,FL,1.6,14.7,Dorosomatidae,Clupeiformes,Teleostei
Opisthonema libertate,Opisthonema,0.007,3.039,3,TL,3.7,29.8,Dorosomatidae,Clupeiformes,Teleostei
Opisthonema medirastre,Opisthonema,0.00895,3.1109,2,SL,4.42,27.2,Dorosomatidae,Clupeiformes,Teleostei
Opisthonema oglinum,Opisthonema,0.011,3.0235,24,FL,2.6,26,Dorosomatidae,Clupeiformes,Teleostei
Herklotsichthys punctatus,Herklotsichthys,0.009,3.049,1,TL,5,11.7,Dorosomatidae,Clupeiformes,Teleostei
Herklotsichthys quadrimaculatus,Herklotsichthys,0.01115,3.19,4,FL,2.5,14.5,Dorosomatidae,Clupeiformes,Teleostei
Amblygaster clupeoides,Amblygaster,0.00466,3.18095,2,TL,11.2,27.6,Dorosomatidae,Clupeiformes,Teleostei
Amblygaster leiogaster,Amblygaster,0.00564,3.143,1,TL,12.5,18.5,Dorosomatidae,Clupeiformes,Teleostei
Amblygaster sirm,Amblygaster,0.00382,3.225,9,TL,4.2,22.9,Dorosomatidae,Clupeiformes,Teleostei
Sardinella albella,Sardinella,0.007725,3.08665,4,SL,7.2,15,Dorosomatidae,Clupeiformes,Teleostei
Sardinella brachysoma,Sardinella,0.00608,3.252,2,TL,9.4,15.4,Dorosomatidae,Clupeiformes,Teleostei
Sardinella brasiliensis,Sardinella,0.00395,3.245,10,TL,2.6,25.5,Dorosomatidae,Clupeiformes,Teleostei
Sardinella fijiensis,Sardinella,0.0165,2.9755,2,FL,5.5,15.5,Dorosomatidae,Clupeiformes,Teleostei
Sardinella fimbriata,Sardinella,0.01307,2.89775,8,TL,6.1,15.9,Dorosomatidae,Clupeiformes,Teleostei
Sardinella gibbosa,Sardinella,0.009745,3.0217,14,TL,4.8,29.6,Dorosomatidae,Clupeiformes,Teleostei
Sardinella jussieui,Sardinella,0.0239,2.77,3,NG,10,22.9,Dorosomatidae,Clupeiformes,Teleostei
Sardinella lemuru,Sardinella,0.00954,3.2342,5,SL,4,17,Dorosomatidae,Clupeiformes,Teleostei
Sardinella longiceps,Sardinella,0.00935,3,18,TL,6.5,24,Dorosomatidae,Clupeiformes,Teleostei
Sardinella melanura,Sardinella,0.0077,3.0616,5,TL,5.7,20.3,Dorosomatidae,Clupeiformes,Teleostei
Sardinella sindensis,Sardinella,0.0132,2.9245,2,SL,8.5,13.6,Dorosomatidae,Clupeiformes,Teleostei
Sardinella tawilis,Sardinella,0.0296,2.658,1,FL,3,12.4,Dorosomatidae,Clupeiformes,Teleostei
Sardinella zunasi,Sardinella,0.01865,2.995,4,SL,3.2,17.8,Dorosomatidae,Clupeiformes,Teleostei
Clupea pallasii,Clupea,0.00448,3.14,13,FL,6.7,33.6,Clupeidae,Clupeiformes,Teleostei
Escualosa thoracata,Escualosa,0.006,3.2,6,TL,3.6,11.5,Dorosomatidae,Clupeiformes,Teleostei
Platanichthys platana,Platanichthys,0.00823,3.06,5,TL,2.3,18.5,Dorosomatidae,Clupeiformes,Teleostei
Rhinosardinia amazonica,Rhinosardinia,0.004,3.233,3,TL,2.2,11,Dorosomatidae,Clupeiformes,Teleostei
Rhinosardinia bahiensis,Rhinosardinia,0.0111,2.89,1,TL,6.5,9.9,Dorosomatidae,Clupeiformes,Teleostei
Lile piquitinga,Lile,0.0044,3.35,1,TL,6.3,11.39,Dorosomatidae,Clupeiformes,Teleostei
Lile stolifera,Lile,0.00961,3.1995,4,SL,3.85,15.9,Dorosomatidae,Clupeiformes,Teleostei
Strangomera bentincki,Strangomera,0.008105,3.109,2,,,,Clupeidae,Clupeiformes,Teleostei
Odaxothrissa ansorgii,Odaxothrissa,0.01255,2.865,2,SL,4.35,15.28,Dorosomatidae,Clupeiformes,Teleostei
Pellonula leonensis,Pellonula,0.0116,2.862,8,TL,3.5,20.6,Dorosomatidae,Clupeiformes,Teleostei
Limnothrissa miodon,Limnothrissa,0.012,2.86,3,SL,,,Dorosomatidae,Clupeiformes,Teleostei
Sierrathrissa leonensis,Sierrathrissa,0.0076,2.67,2,SL,1.8,4.08,Dorosomatidae,Clupeiformes,Teleostei
Laeviscutella dekimpei,Laeviscutella,0.0025,3.81,2,SL,2.16,5.49,Dorosomatidae,Clupeiformes,Teleostei
Gilchristella aestuaria,Gilchristella,0.00927,3.182,1,SL,1.8,6.7,Ehiravidae,Clupeiformes,Teleostei
Corica soborna,Corica,0.00798,2.968,5,TL,2.6,5.3,Ehiravidae,Clupeiformes,Teleostei
Clupeichthys goniognathus,Clupeichthys,0.0126,2.908,1,TL,5,12,Ehiravidae,Clupeiformes,Teleostei
Potamalosa richmondia,Potamalosa,0.001865,3.579,2,FL,,,Clupeidae,Clupeiformes,Teleostei
Hyperlophus vittatus,Hyperlophus,0.01086,2.9218,1,TL,,,Clupeidae,Clupeiformes,Teleostei
Alosa aestivalis,Alosa,0.00496,3.24,1,TL,7,29,Alosidae,Clupeiformes,Teleostei
Alosa braschnikowi,Alosa,0.0061,3.1,5,FL,18.4,49,Alosidae,Clupeiformes,Teleostei
Alosa caspia,Alosa,0.006205,3.05,8,TL,11.6,28.9,Alosidae,Clupeiformes,Teleostei
Alosa chrysochloris,Alosa,0.011545,2.93,2,TL,5.1,45.7,Alosidae,Clupeiformes,Teleostei
Alosa fallax,Alosa,0.00752,3.038,23,TL,5.5,60,Alosidae,Clupeiformes,Teleostei
Alosa kessleri,Alosa,0.00973,3.13,3,TL,12.9,45.7,Alosidae,Clupeiformes,Teleostei
Alosa maeotica,Alosa,0.00575,3.12,4,TL,13.2,33.8,Alosidae,Clupeiformes,Teleostei
Alosa mediocris,Alosa,0.0111,3,1,TL,33.02,,Alosidae,Clupeiformes,Teleostei
Alosa pseudoharengus,Alosa,0.008555,2.975,24,TL,10,27,Alosidae,Clupeiformes,Teleostei
Alosa sapidissima,Alosa,0.005925,3.0895,2,TL,8,53,Alosidae,Clupeiformes,Teleostei
Alosa saposchnikowii,Alosa,0.00725,3.14,3,TL,10,38.1,Alosidae,Clupeiformes,Teleostei
Brevoortia aurea,Brevoortia,0.00772,3.0805,2,TL,1.9,34.4,Alosidae,Clupeiformes,Teleostei
Brevoortia gunteri,Brevoortia,0.0147,2.8412,1,TL,5.5,12,Alosidae,Clupeiformes,Teleostei
Brevoortia patronus,Brevoortia,0.0085,3.2335,2,FL,,,Alosidae,Clupeiformes,Teleostei
Brevoortia pectinata,Brevoortia,0.01163,3.122,1,FL,7,36.5,Alosidae,Clupeiformes,Teleostei
Brevoortia tyrannus,Brevoortia,0.013015,3.108,2,FL,11.6,33,Alosidae,Clupeiformes,Teleostei
Ethmidium maculatum,Ethmidium,0.006,3.217,1,TL,8.5,31.2,Clupeidae,Clupeiformes,Teleostei
Ethmalosa fimbriata,Ethmalosa,0.012,3.103,15,TL,1.3,37.2,Dorosomatidae,Clupeiformes,Teleostei
Hilsa kelee,Hilsa,0.0108,3.248,3,FL,2,29,Dorosomatidae,Clupeiformes,Teleostei
Tenualosa ilisha,Tenualosa,0.0177,2.89,11,TL,3,57,Dorosomatidae,Clupeiformes,Teleostei
Tenualosa reevesii,Tenualosa,0.01995,2.9875,2,,,,Dorosomatidae,Clupeiformes,Teleostei
Tenualosa toli,Tenualosa,0.00906,3.197,2,FL,,,Dorosomatidae,Clupeiformes,Teleostei
Gudusia chapra,Gudusia,0.01245,2.98,8,TL,2.8,19.6,Dorosomatidae,Clupeiformes,Teleostei
Dorosoma anale,Dorosoma,0.024,2.856,1,SL,4.7,23.6,Dorosomatidae,Clupeiformes,Teleostei
Dorosoma cepedianum,Dorosoma,0.0141,2.98,9,TL,2,43.2,Dorosomatidae,Clupeiformes,Teleostei
Dorosoma petenense,Dorosoma,0.0148,2.8,3,TL,4.6,33,Dorosomatidae,Clupeiformes,Teleostei
Clupanodon thrissa,Clupanodon,0.0043,3.395,2,FL,7.6,24,Dorosomatidae,Clupeiformes,Teleostei
Konosirus punctatus,Konosirus,0.01555,2.8845,6,TL,4.8,26,Dorosomatidae,Clupeiformes,Teleostei
Nematalosa come,Nematalosa,0.0162,3.0832,6,FL,5,20,Dorosomatidae,Clupeiformes,Teleostei
Nematalosa erebi,Nematalosa,0.0193,2.798,1,TL,6.5,29.6,Dorosomatidae,Clupeiformes,Teleostei
Nematalosa nasus,Nematalosa,0.0108,2.99,9,TL,5.1,27.2,Dorosomatidae,Clupeiformes,Teleostei
Nematalosa vlaminghi,Nematalosa,0.0119,3,1,TL,36,36,Dorosomatidae,Clupeiformes,Teleostei
Anodontostoma chacunda,Anodontostoma,0.0154,3.039,7,TL,3.5,24,Dorosomatidae,Clupeiformes,Teleostei
Gonialosa manmina,Gonialosa,0.0099,2.98285,2,TL,5.2,14.9,Dorosomatidae,Clupeiformes,Teleostei
Ilisha africana,Ilisha,0.0079,2.961,14,TL,3.5,28.7,Pristigasteridae,Clupeiformes,Teleostei
Ilisha amazonica,Ilisha,0.00769,3.183,1,SL,13.8,19.7,Pristigasteridae,Clupeiformes,Teleostei
Ilisha elongata,Ilisha,0.0056,3.09,3,FL,6.8,51,Pristigasteridae,Clupeiformes,Teleostei
Ilisha filigera,Ilisha,0.0474,2.752,1,FL,,,Pristigasteridae,Clupeiformes,Teleostei
Ilisha megaloptera,Ilisha,0.01505,2.84,4,TL,8,36.5,Pristigasteridae,Clupeiformes,Teleostei
Ilisha melastoma,Ilisha,0.0173,2.93,3,SL,6,26.5,Pristigasteridae,Clupeiformes,Teleostei
Steindachneria argentea,Steindachneria,0.00126,3.3065,2,TL,12.9,40.5,Steindachneriidae,Gadiformes,Teleostei
Pellona castelnaeana,Pellona,0.01038,3.08,3,SL,8.7,60.9,Pristigasteridae,Clupeiformes,Teleostei
Pellona ditchela,Pellona,0.0073,2.99,3,TL,8,17.5,Pristigasteridae,Clupeiformes,Teleostei
Pellona flavipinnis,Pellona,0.01688,2.9515,2,SL,9.2,44.3,Pristigasteridae,Clupeiformes,Teleostei
Pellona harroweri,Pellona,0.00944,2.976,14,TL,2.3,16.5,Pristigasteridae,Clupeiformes,Teleostei
Pliosteostoma lutipinnis,Pliosteostoma,0.0043,3.209,2,SL,6.3,18,Pristigasteridae,Clupeiformes,Teleostei
Chirocentrodon bleekerianus,Chirocentrodon,0.00635,2.929,5,TL,4,16.1,Pristigasteridae,Clupeiformes,Teleostei
Neoopisthopterus tropicus,Neoopisthopterus,0.0017,3.668,1,TL,5.5,11.5,Pristigasteridae,Clupeiformes,Teleostei
Opisthopterus dovii,Opisthopterus,0.0064,2.975,2,TL,6.5,23,Pristigasteridae,Clupeiformes,Teleostei
Opisthopterus tardoore,Opisthopterus,0.00875,3.085,4,TL,9.2,23,Pristigasteridae,Clupeiformes,Teleostei
Odontognathus mucronatus,Odontognathus,0.0037,3.067,5,TL,2.5,22,Pristigasteridae,Clupeiformes,Teleostei
Pristigaster cayana,Pristigaster,0.0087,3.2399,2,SL,6.2,19,Pristigasteridae,Clupeiformes,Teleostei
Engraulis anchoita,Engraulis,0.004745,3.1685,8,TL,4,170,Engraulidae,Clupeiformes,Teleostei
Engraulis japonicus,Engraulis,0.00367,3.215,5,TL,2,16.8,Engraulidae,Clupeiformes,Teleostei
Engraulis mordax,Engraulis,0.011,2.95,3,SL,6.5,15,Engraulidae,Clupeiformes,Teleostei
Anchoviella elongata,Anchoviella,0.0235,2.366,1,TL,4.2,15.9,Engraulidae,Clupeiformes,Teleostei
Anchoviella guianensis,Anchoviella,0.003005,3.451,2,TL,2,11.3,Engraulidae,Clupeiformes,Teleostei
Anchoviella jamesi,Anchoviella,0.009835,3.34,2,SL,2.2,5.2,Engraulidae,Clupeiformes,Teleostei
Anchoviella lepidentostole,Anchoviella,0.00487,3.1555,10,TL,2,18,Engraulidae,Clupeiformes,Teleostei
Anchoa compressa,Anchoa,0.0056,3,1,TL,11.5,,Engraulidae,Clupeiformes,Teleostei
Anchoa lamprotaenia,Anchoa,0.005,3.315,1,SL,2.9,12.2,Engraulidae,Clupeiformes,Teleostei
Coryphaena hippurus,Coryphaena,0.0219,2.78,30,FL,2,179,Coryphaenidae,Carangiformes,Teleostei
Apogon imberbis,Apogon,0.0124,3.108,3,TL,3.4,12.8,Apogonidae,Kurtiformes,Teleostei
Anthias anthias,Anthias,0.0246,2.8155,2,TL,6.1,21.1,Anthiadidae,Perciformes/Serranoidei,Teleostei
Arnoglossus rueppelii,Arnoglossus,0.005,3.0465,6,TL,4.7,17,Bothidae,Pleuronectiformes,Teleostei
Atherina boyeri,Atherina,0.00589,3.07,34,TL,1,15.7,Atherinidae,Atheriniformes,Teleostei
Atherina hepsetus,Atherina,0.0058,3.062,7,TL,2.7,15.4,Atherinidae,Atheriniformes,Teleostei
Aulopus filamentosus,Aulopus,0.007745,3.0495,2,TL,23.7,42,Aulopidae,Aulopiformes,Teleostei
Parablennius sanguinolentus,Parablennius,0.01105,3,9,TL,1.8,16.6,Blenniidae,Blenniiformes,Teleostei
Salaria pavo,Salaria,0.0103,3.0782,5,TL,1.5,13.8,Blenniidae,Blenniiformes,Teleostei
Parablennius tentacularis,Parablennius,0.0122,2.769,3,TL,3.5,11.6,Blenniidae,Blenniiformes,Teleostei
Synchiropus phaeton,Synchiropus,0.012595,2.561,6,TL,4.8,19,Callionymidae,Callionymiformes,Teleostei
Centracanthus cirrus,Centracanthus,0.0072,3.0395,4,TL,8.7,34,Sparidae,Eupercaria/misc,Teleostei
Chromis chromis,Chromis,0.0199,2.91405,14,TL,1.9,14,Pomacentridae,Ovalentaria/misc,Teleostei
Sciaena umbra,Sciaena,0.0158,3.049,8,TL,2.9,55,Sciaenidae,Eupercaria/misc,Teleostei
Symphodus tinca,Symphodus,0.018,2.905,17,TL,2.1,42.5,Labridae,Eupercaria/misc,Teleostei
Symphodus roissali,Symphodus,0.02095,3.028,2,TL,2.4,14.1,Labridae,Eupercaria/misc,Teleostei
Cubiceps gracilis,Cubiceps,0.0069,3.346,1,SL,6.6,12.5,Nomeidae,Scombriformes,Teleostei
Diaphus holti,Diaphus,0.01405,3.025,2,SL,2.3,7,Myctophidae,Myctophiformes,Teleostei
Diaphus rafinesquii,Diaphus,0.005,3.521,1,TL,1.7,9.4,Myctophidae,Myctophiformes,Teleostei
Echelus myrus,Echelus,0.0029,2.662,5,TL,4.4,85.5,Ophichthidae,Anguilliformes,Teleostei
Electrona risso,Electrona,0.0353,2.8275,2,SL,3.1,8.4,Myctophidae,Myctophiformes,Teleostei
Gymnammodytes cicerelus,Gymnammodytes,0.0012,3.307,1,TL,6.6,9.7,Ammodytidae,Perciformes/Uranoscopoidei,Teleostei
Hygophum benoiti,Hygophum,0.0049,3.318,1,TL,1.9,7.8,Myctophidae,Myctophiformes,Teleostei
Hygophum hygomii,Hygophum,0.00615,3.2455,2,TL,3.3,8.1,Myctophidae,Myctophiformes,Teleostei
Hymenocephalus italicus,Hymenocephalus,0.00555,2.6705,2,TL,7.4,15.5,Macrouridae,Gadiformes,Teleostei
Schedophilus medusophagus,Schedophilus,0.016035,3,2,SL,55,55,Centrolophidae,Scombriformes,Teleostei
Lepidotrigla cavillone,Lepidotrigla,0.00888,3.13,24,TL,3.6,22.5,Triglidae,Perciformes/Scorpaenoidei,Teleostei
Luvarus imperialis,Luvarus,0.0194,3,1,TL,102,102,Luvaridae,Acanthuriformes,Teleostei
Coelorinchus caelorhincus,Coelorinchus,0.0035,3.0207,13,TL,2.1,35.6,Macrouridae,Gadiformes,Teleostei
Muraena helena,Muraena,0.00174,3,9,TL,27.5,134,Muraenidae,Anguilliformes,Teleostei
Mola mola,Mola,0.0517,3.025,4,TL,46,213,Molidae,Tetraodontiformes,Teleostei
Molva macrophthalma,Molva,7e-04,3.3296,2,TL,16.6,63,Lotidae,Gadiformes,Teleostei
Mora moro,Mora,0.00666,3.101,8,TL,7.3,72,Moridae,Gadiformes,Teleostei
Chelon auratus,Chelon,0.01,3,29,TL,1.5,61,Mugilidae,Mugiliformes,Teleostei
Chelon saliens,Chelon,0.01095,2.963,18,TL,0.9,33,Mugilidae,Mugiliformes,Teleostei
Symbolophorus veranyi,Symbolophorus,0.0142,2.978,3,TL,4.1,12.5,Myctophidae,Myctophiformes,Teleostei
Nettastoma melanura,Nettastoma,0.00205,2.901,6,TL,19.5,79.8,Nettastomatidae,Anguilliformes,Teleostei
Gaidropsarus mediterraneus,Gaidropsarus,0.003505,3.098,6,TL,4.2,27.1,Gaidropsaridae,Gadiformes,Teleostei
Ophidion barbatum,Ophidion,0.00315,3.1465,4,TL,7.5,25.4,Ophidiidae,Ophidiiformes,Teleostei
Ariosoma balearicum,Ariosoma,0.0019,3,3,TL,10.5,28.4,Congridae,Anguilliformes,Teleostei
Ophisurus serpens,Ophisurus,0.00087,2.987,2,TL,12.1,211.5,Ophichthidae,Anguilliformes,Teleostei
Peristedion cataphractum,Peristedion,0.0048,2.9756,5,TL,6.7,27.3,Peristediidae,Perciformes/Scorpaenoidei,Teleostei
Phycis phycis,Phycis,0.00645,3.159,8,TL,11,60,Phycidae,Gadiformes,Teleostei
Diplodus puntazzo,Diplodus,0.0227,2.951,17,TL,1.2,53.5,Sparidae,Eupercaria/misc,Teleostei
Ranzania laevis,Ranzania,0.22501,2.5071,1,TL,30,61.9,Molidae,Tetraodontiformes,Teleostei
Remora remora,Remora,0.00418,3,1,TL,63.5,63.5,Echeneidae,Carangiformes,Teleostei
Diplodus annularis,Diplodus,0.0132,3.098,94,TL,1.1,28,Sparidae,Eupercaria/misc,Teleostei
Diplodus sargus,Diplodus,0.014,3.07,32,TL,1.1,49,Sparidae,Eupercaria/misc,Teleostei
Diplodus vulgaris,Diplodus,0.01314,3.07,47,TL,1.4,48.6,Sparidae,Eupercaria/misc,Teleostei
Scorpaena porcus,Scorpaena,0.0173,3.0337,53,TL,2.2,40.5,Scorpaenidae,Perciformes/Scorpaenoidei,Teleostei
Scorpaena scrofa,Scorpaena,0.0211,2.95535,18,TL,6.3,53.6,Scorpaenidae,Perciformes/Scorpaenoidei,Teleostei
Scorpaena notata,Scorpaena,0.0175,3.035,35,TL,1.3,26,Scorpaenidae,Perciformes/Scorpaenoidei,Teleostei
Serranus scriba,Serranus,0.0122,3.0032,19,TL,1.5,24.1,Serranidae,Perciformes/Serranoidei,Teleostei
Pegusa impar,Pegusa,0.0446,2.9435,2,TL,7,30.3,Soleidae,Pleuronectiformes,Teleostei
Synapturichthys kleinii,Synapturichthys,0.01945,2.882,4,TL,1.1,35.8,Soleidae,Pleuronectiformes,Teleostei
Sphyraena sphyraena,Sphyraena,0.0103,2.8205,8,TL,8.5,93.2,Sphyraenidae,Carangaria/misc,Teleostei
Spicara smaris,Spicara,0.01221,2.9745,38,TL,1,24.2,Sparidae,Eupercaria/misc,Teleostei
Symphurus nigrescens,Symphurus,0.008,3,8,TL,4.7,24.9,Cynoglossidae,Pleuronectiformes,Teleostei
Syngnathus abaster,Syngnathus,2e-04,3.25,13,TL,1.3,22.1,Syngnathidae,Syngnathiformes,Teleostei
Syngnathus acus,Syngnathus,0.000225,3.285,16,TL,2.6,37.8,Syngnathidae,Syngnathiformes,Teleostei
Synodus saurus,Synodus,0.006,3.064,9,TL,7.7,39.6,Synodontidae,Aulopiformes,Teleostei
Tetragonurus cuvieri,Tetragonurus,0.00482,3,1,TL,36,36,Tetragonuridae,Scombriformes,Teleostei
Trachinotus ovatus,Trachinotus,0.016,2.754,5,TL,2.9,44,Carangidae,Carangiformes,Teleostei
Cyclothone braueri,Cyclothone,0.0045,3,1,SL,1.4,4.6,Gonostomatidae,Stomiiformes,Teleostei
Uranoscopus scaber,Uranoscopus,0.012,3.12,27,TL,1.8,56.4,Uranoscopidae,Perciformes/Uranoscopoidei,Teleostei
Glossanodon leioglossus,Glossanodon,0.00255,3.30775,2,TL,8.3,15,Argentinidae,Argentiniformes,Teleostei
Callanthias ruber,Callanthias,0.0243,2.477,1,TL,5.7,13.5,Callanthiidae,Eupercaria/misc,Teleostei
Callionymus risso,Callionymus,0.0102,2.81,8,TL,2.2,18.2,Callionymidae,Callionymiformes,Teleostei
Chauliodus sloani,Chauliodus,0.00085,3.221,8,TL,4.5,30.5,Stomiidae,Stomiiformes,Teleostei
Gnathophis mystax,Gnathophis,0.00125,2.9885,2,TL,17.3,39.7,Congridae,Anguilliformes,Teleostei
Symphodus cinereus,Symphodus,0.0078,3.237,15,TL,1.5,15.8,Labridae,Eupercaria/misc,Teleostei
Symphodus ocellatus,Symphodus,0.009655,3.1705,12,TL,1.4,18.5,Labridae,Eupercaria/misc,Teleostei
Lobianchia dofleini,Lobianchia,0.01945,2.921,2,SL,2.4,6,Myctophidae,Myctophiformes,Teleostei
Lesueurigobius suerii,Lesueurigobius,0.01255,2.747,2,TL,3.9,7.5,Gobiidae,Gobiiformes,Teleostei
Gonostoma denudatum,Gonostoma,0.003,3.245,1,SL,3,14.4,Gonostomatidae,Stomiiformes,Teleostei
Acanthurus monroviae,Acanthurus,0.032,2.85,3,TL,5.8,42,Acanthuridae,Acanthuriformes,Teleostei
Hippocampus hippocampus,Hippocampus,0.004,2.949,5,TL,2.7,14,Syngnathidae,Syngnathiformes,Teleostei
Hippocampus guttulatus,Hippocampus,0.00248,2.908,7,SL,1.9,18.5,Syngnathidae,Syngnathiformes,Teleostei
Ichthyococcus ovatus,Ichthyococcus,0.0253,2.663,1,SL,3.5,8.5,Phosichthyidae,Stomiiformes,Teleostei
Physiculus dalwigki,Physiculus,0.01074,2,1,TL,26,31,Moridae,Gadiformes,Teleostei
Stomias boa,Stomias,0.00045,3.4415,2,TL,5.5,25.9,Stomiidae,Stomiiformes,Teleostei
Callionymus maculatus,Callionymus,0.0131,2.67,11,TL,2.3,17,Callionymidae,Callionymiformes,Teleostei
Arnoglossus kessleri,Arnoglossus,0.01332,2.992,6,TL,0.8,13,Bothidae,Pleuronectiformes,Teleostei
Chlorophthalmus agassizi,Chlorophthalmus,0.0038,3.2756,11,TL,4,19.5,Chlorophthalmidae,Aulopiformes,Teleostei
Tetrapturus belone,Tetrapturus,0.00313,3,1,TL,236,236,Istiophoridae,Carangiformes,Teleostei
Macruronus novaezelandiae,Macruronus,0.00753,2.85,5,TL,30.5,116,Macruronidae,Gadiformes,Teleostei
Merluccius paradoxus,Merluccius,0.0064,3.035,2,,,,Merlucciidae,Gadiformes,Teleostei
Merluccius capensis,Merluccius,0.0052,3.105,3,TL,,,Merlucciidae,Gadiformes,Teleostei
Gnathodentex aureolineatus,Gnathodentex,0.01987,3.02427,4,FL,8.5,42.3,Lethrinidae,Eupercaria/misc,Teleostei
Gymnocranius griseus,Gymnocranius,0.020605,3,2,SL,12.3,17.2,Lethrinidae,Eupercaria/misc,Teleostei
Gymnocranius grandoculis,Gymnocranius,0.028445,2.877445,4,FL,13,73,Lethrinidae,Eupercaria/misc,Teleostei
Gymnocranius audleyi,Gymnocranius,0.0304,2.95,1,FL,,,Lethrinidae,Eupercaria/misc,Teleostei
Gymnocranius euanus,Gymnocranius,0.021705,2.943,4,FL,10,54,Lethrinidae,Eupercaria/misc,Teleostei
Lethrinus erythropterus,Lethrinus,0.02005,3.2085,2,SL,13,21.5,Lethrinidae,Eupercaria/misc,Teleostei
Lethrinus mahsena,Lethrinus,0.014,3.1185,2,FL,,,Lethrinidae,Eupercaria/misc,Teleostei
Lethrinus borbonicus,Lethrinus,0.009,3.158,3,TL,14.5,33,Lethrinidae,Eupercaria/misc,Teleostei
Lethrinus microdon,Lethrinus,0.01805,3,6,TL,16.8,60,Lethrinidae,Eupercaria/misc,Teleostei
Lethrinus nebulosus,Lethrinus,0.02848,2.84595,14,TL,3.5,73.5,Lethrinidae,Eupercaria/misc,Teleostei
Lethrinus obsoletus,Lethrinus,0.01733,3.02583,3,FL,11,46,Lethrinidae,Eupercaria/misc,Teleostei
Lethrinus rubrioperculatus,Lethrinus,0.01768,3.026,7,FL,15.5,57,Lethrinidae,Eupercaria/misc,Teleostei
Lethrinus semicinctus,Lethrinus,0.012605,3.09439,2,FL,3,29,Lethrinidae,Eupercaria/misc,Teleostei
Lethrinus variegatus,Lethrinus,0.182,2.284,1,FL,,,Lethrinidae,Eupercaria/misc,Teleostei
Lethrinus harak,Lethrinus,0.0178,3.026,7,FL,6,54.9,Lethrinidae,Eupercaria/misc,Teleostei
Lethrinus xanthochilus,Lethrinus,0.022035,2.93945,4,FL,19.8,62.5,Lethrinidae,Eupercaria/misc,Teleostei
Lethrinus amboinensis,Lethrinus,0.0196,2.95,1,FL,21.4,52.6,Lethrinidae,Eupercaria/misc,Teleostei
Lethrinus atkinsoni,Lethrinus,0.018075,3,6,FL,4.2,45.5,Lethrinidae,Eupercaria/misc,Teleostei
Lethrinus enigmaticus,Lethrinus,0.0103,3.122,1,FL,,,Lethrinidae,Eupercaria/misc,Teleostei
Lethrinus haematopterus,Lethrinus,0.0258,2.801,1,SL,11.2,15.9,Lethrinidae,Eupercaria/misc,Teleostei
Lethrinus laticaudis,Lethrinus,0.01066,3.1101,3,TL,,,Lethrinidae,Eupercaria/misc,Teleostei
Lethrinus miniatus,Lethrinus,0.01564,2.926,7,SL,9.5,73.5,Lethrinidae,Eupercaria/misc,Teleostei
Lethrinus erythracanthus,Lethrinus,0.0183,3.0542,3,FL,10.3,69.7,Lethrinidae,Eupercaria/misc,Teleostei
Lethrinus lentjan,Lethrinus,0.0214,2.886,13,TL,6.5,44.5,Lethrinidae,Eupercaria/misc,Teleostei
Lethrinus olivaceus,Lethrinus,0.02936,2.85064,7,FL,20.2,72.5,Lethrinidae,Eupercaria/misc,Teleostei
Lethrinus genivittatus,Lethrinus,0.01792,2.99546,3,FL,2.5,33,Lethrinidae,Eupercaria/misc,Teleostei
Lethrinus ornatus,Lethrinus,0.0293,3.067,1,SL,7.5,24.5,Lethrinidae,Eupercaria/misc,Teleostei
Lethrinus atlanticus,Lethrinus,0.02005,2.9461,4,TL,6,41,Lethrinidae,Eupercaria/misc,Teleostei
Monotaxis grandoculis,Monotaxis,0.0314,2.93,11,FL,4,57,Lethrinidae,Eupercaria/misc,Teleostei
Wattsia mossambica,Wattsia,0.0382,2.512,2,FL,24,48,Lethrinidae,Eupercaria/misc,Teleostei
Ciliata septentrionalis,Ciliata,0.008295,3.1785,2,SL,,,Gaidropsaridae,Gadiformes,Teleostei
Enchelyopus cimbrius,Enchelyopus,0.0035,3.106,3,TL,3.4,29,Gaidropsaridae,Gadiformes,Teleostei
Gadiculus argenteus,Gadiculus,0.005985,3.117,12,TL,2.7,16.1,Gadidae,Gadiformes,Teleostei
Gaidropsarus vulgaris,Gaidropsarus,0.011395,2.83625,4,TL,2.62,47,Gaidropsaridae,Gadiformes,Teleostei
Gaidropsarus biscayensis,Gaidropsarus,0.0079,2.8801,1,TL,7.5,12.6,Gaidropsaridae,Gadiformes,Teleostei
Gaidropsarus macrophthalmus,Gaidropsarus,0.00634,2.95,1,TL,10,19,Gaidropsaridae,Gadiformes,Teleostei
Urophycis floridana,Urophycis,0.00583,3.081,1,TL,5.5,14,Phycidae,Gadiformes,Teleostei
Urophycis regia,Urophycis,0.00572,3.11,9,TL,3,43,Phycidae,Gadiformes,Teleostei
Urophycis cirrata,Urophycis,0.004255,3.1715,8,TL,12.4,66.5,Phycidae,Gadiformes,Teleostei
Pterocaesio trilineata,Pterocaesio,0.011525,3.14492,2,FL,6,15,Caesionidae,Eupercaria/misc,Teleostei
Scyris alexandrina,Scyris,0.036575,2.76,2,TL,35.8,68,Carangidae,Carangiformes,Teleostei
Alepes djedaba,Alepes,0.0188,2.871,15,TL,2.3,30,Carangidae,Carangiformes,Teleostei
Alepes melanoptera,Alepes,0.0645,2.5765,2,TL,16,23.5,Carangidae,Carangiformes,Teleostei
Alepes vari,Alepes,0.0173,2.801,2,TL,14,60,Carangidae,Carangiformes,Teleostei
Atule mate,Atule,0.02,3,9,FL,8.43,29.9,Carangidae,Carangiformes,Teleostei
Caranx ignobilis,Caranx,0.0273,2.977,13,FL,2.9,133,Carangidae,Carangiformes,Teleostei
Caranx bucculentus,Caranx,0.014005,3.0165,2,FL,4.5,50,Carangidae,Carangiformes,Teleostei
Caranx senegallus,Caranx,0.01463,3.0542,4,FL,6.6,51.5,Carangidae,Carangiformes,Teleostei
Caranx heberi,Caranx,0.0443,2.793,2,TL,10.32,25.65,Carangidae,Carangiformes,Teleostei
Caranx rhonchus,Caranx,0.02,2.88,7,TL,7,38,Carangidae,Carangiformes,Teleostei
Caranx caballus,Caranx,0.02975,2.765,6,FL,13,48.3,Carangidae,Carangiformes,Teleostei
Caranx caninus,Caranx,0.0213,2.957,5,TL,3.7,91,Carangidae,Carangiformes,Teleostei
Alepes kleinii,Alepes,0.0085,3.06,7,TL,5.5,18.2,Carangidae,Carangiformes,Teleostei
Turrum gymnostethus,Turrum,0.0454,2.7553,5,FL,8.5,86,Carangidae,Carangiformes,Teleostei
Caranx melampygus,Caranx,0.02395,2.93715,12,FL,5.5,71,Carangidae,Carangiformes,Teleostei
Atropus hedlandensis,Atropus,0.03811,2.86416,3,FL,6,32,Carangidae,Carangiformes,Teleostei
Ferdauia orthogrammus,Ferdauia,0.0175,2.994,5,FL,12.8,62,Carangidae,Carangiformes,Teleostei
Craterognathus plagiotaenia,Craterognathus,0.0782,2.598,1,SL,10.5,35.5,Carangidae,Carangiformes,Teleostei
Carangoides praeustus,Carangoides,0.0235,2.955,2,TL,6.8,29,Carangidae,Carangiformes,Teleostei
Platycaranx talamparoides,Platycaranx,0.0323,2.99235,2,FL,6,50,Carangidae,Carangiformes,Teleostei
Caranx bartholomaei,Caranx,0.0298,2.84,5,FL,9,78,Carangidae,Carangiformes,Teleostei
Carangichthys humerosus,Carangichthys,0.0222,2.939,1,FL,8,22,Carangidae,Carangiformes,Teleostei
Euprepocaranx dorsalis,Euprepocaranx,0.0368,2.6995,1,TL,5,30.1,Carangidae,Carangiformes,Teleostei
Atropus armatus,Atropus,0.055725,2.82308,2,FL,10.5,51,Carangidae,Carangiformes,Teleostei
Caranx sexfasciatus,Caranx,0.02805,2.955,10,SL,2.8,65.3,Carangidae,Carangiformes,Teleostei
Caranx ruber,Caranx,0.0186,2.972,6,FL,3.2,73,Carangidae,Carangiformes,Teleostei
Kaiwarinus equula,Kaiwarinus,0.0323,2.8953,5,TL,5.7,35,Carangidae,Carangiformes,Teleostei
Ferdauia ferdau,Ferdauia,0.039115,2.85058,8,FL,10.8,60.5,Carangidae,Carangiformes,Teleostei
Flavocaranx bajad,Flavocaranx,0.02295,2.88285,4,FL,14.5,51.5,Carangidae,Carangiformes,Teleostei
Turrum coeruleopinnatum,Turrum,0.0354,2.87,5,FL,6.3,38,Carangidae,Carangiformes,Teleostei
Turrum fulvoguttatum,Turrum,0.06021,2.5796,7,FL,9,81,Carangidae,Carangiformes,Teleostei
Caranx tille,Caranx,0.0088,3.163,1,FL,23,59,Carangidae,Carangiformes,Teleostei
Atropus atropos,Atropus,0.024,2.869,3,TL,12,31.6,Carangidae,Carangiformes,Teleostei
Atropus mentalis,Atropus,0.11205,2.616,2,FL,11.3,40,Carangidae,Carangiformes,Teleostei
Caranx crysos,Caranx,0.01595,2.9745,12,TL,8,57,Carangidae,Carangiformes,Teleostei
Clarias gariepinus,Clarias,0.01025,2.9692,26,TL,5.8,110,Clariidae,Siluriformes,Teleostei
Caranx latus,Caranx,0.021,2.91315,8,SL,4.2,89,Carangidae,Carangiformes,Teleostei
Caranx lugubris,Caranx,0.025,2.9,9,FL,17.5,86,Carangidae,Carangiformes,Teleostei
Chloroscombrus orqueta,Chloroscombrus,0.0043,3.229,3,TL,5.5,23.7,Carangidae,Carangiformes,Teleostei
Decapterus macrosoma,Decapterus,0.0095,3.0075,10,TL,7.5,31.5,Carangidae,Carangiformes,Teleostei
Decapterus maruadsi,Decapterus,0.0119,3.01,9,FL,3.2,30,Carangidae,Carangiformes,Teleostei
Decapterus kurroides,Decapterus,0.0112,3.11,5,TL,8.8,35.8,Carangidae,Carangiformes,Teleostei
Hemicaranx bicolor,Hemicaranx,0.036,2.6871,1,FL,6.2,12.6,Carangidae,Carangiformes,Teleostei
Hemicaranx leucurus,Hemicaranx,0.0219,2.7395,2,TL,7.9,49.5,Carangidae,Carangiformes,Teleostei
Hemicaranx zelotes,Hemicaranx,0.0086,2.9988,1,TL,4.6,33.3,Carangidae,Carangiformes,Teleostei
Oligoplites altus,Oligoplites,0.0079,3.04,4,TL,2,55,Carangidae,Carangiformes,Teleostei
Oligoplites refulgens,Oligoplites,0.00495,3.0451,2,TL,6.9,28.2,Carangidae,Carangiformes,Teleostei
Parastromateus niger,Parastromateus,0.0371,2.899,14,TL,5,56,Carangidae,Carangiformes,Teleostei
Scomberoides commersonnianus,Scomberoides,0.00564,3.105,7,TL,11.4,100,Carangidae,Carangiformes,Teleostei
Scomberoides lysan,Scomberoides,0.01085,2.92302,7,FL,2.2,71,Carangidae,Carangiformes,Teleostei
Scomberoides tala,Scomberoides,0.0167,2.82,1,FL,,,Carangidae,Carangiformes,Teleostei
Scomberoides tol,Scomberoides,0.01,2.86,5,TL,3.3,43,Carangidae,Carangiformes,Teleostei
Selar boops,Selar,0.0135,3.234,1,SL,7.8,20,Carangidae,Carangiformes,Teleostei
Selene brownii,Selene,0.01822,2.8315,4,SL,3.6,34.1,Carangidae,Carangiformes,Teleostei
Selene brevoortii,Selene,0.027,2.715,3,TL,3.9,36,Carangidae,Carangiformes,Teleostei
Selene peruviana,Selene,0.01675,2.8467,4,TL,3.4,33.2,Carangidae,Carangiformes,Teleostei
Seriola hippos,Seriola,0.04001,2.67055,4,TL,91.7,138,Carangidae,Carangiformes,Teleostei
Seriolina nigrofasciata,Seriolina,0.0224,3,3,TL,15.3,77.5,Carangidae,Carangiformes,Teleostei
Trachinotus blochii,Trachinotus,0.088,2.572,3,TL,14,80,Carangidae,Carangiformes,Teleostei
Trachinotus mookalee,Trachinotus,0.02185,2.9025,2,TL,10.2,91,Carangidae,Carangiformes,Teleostei
Trachinotus botla,Trachinotus,0.0195,2.944,1,,,,Carangidae,Carangiformes,Teleostei
Trachinotus kennedyi,Trachinotus,0.0245,2.86,1,TL,12.3,28,Carangidae,Carangiformes,Teleostei
Trachinotus paitensis,Trachinotus,0.0213,2.80435,2,TL,7.4,42.7,Carangidae,Carangiformes,Teleostei
Trachinotus rhodopus,Trachinotus,0.0253,3,1,FL,34.3,36.8,Carangidae,Carangiformes,Teleostei
Trachinotus goreensis,Trachinotus,0.021,2.133,1,TL,,,Carangidae,Carangiformes,Teleostei
Trachinotus teraia,Trachinotus,0.0215,2.8431,2,FL,6.2,67,Carangidae,Carangiformes,Teleostei
Trachurus novaezelandiae,Trachurus,0.02473,2.7754,4,TL,13,40,Carangidae,Carangiformes,Teleostei
Trachurus indicus,Trachurus,0.01363,3.021,4,TL,13.1,36,Carangidae,Carangiformes,Teleostei
Uraspis helvola,Uraspis,0.028,2.847,1,TL,12,38.7,Carangidae,Carangiformes,Teleostei
Uraspis uraspis,Uraspis,1e-04,2.894,1,TL,26,34,Carangidae,Carangiformes,Teleostei
Antimora rostrata,Antimora,0.001,3.509,12,TL,11.2,71.1,Moridae,Gadiformes,Teleostei
Antimora microlepis,Antimora,0.01513,3.3,2,TL,15,84,Moridae,Gadiformes,Teleostei
Gadella maraldi,Gadella,0.00301,3.304,1,FL,8.4,23.4,Moridae,Gadiformes,Teleostei
Laemonema laureysi,Laemonema,0.0047,3.134,3,TL,27,38,Moridae,Gadiformes,Teleostei
Laemonema longipes,Laemonema,0.0059,2.9195,5,TL,14,65,Moridae,Gadiformes,Teleostei
Lepidion lepidion,Lepidion,0.0011,3.497,3,TL,8.9,42,Moridae,Gadiformes,Teleostei
Pseudophycis bachus,Pseudophycis,0.00965,3,3,FL,51,59,Moridae,Gadiformes,Teleostei
Pseudophycis breviuscula,Pseudophycis,0.00876,3.008,1,TL,3.8,14.4,Moridae,Gadiformes,Teleostei
Oreochromis squamipinnis,Oreochromis,0.02,2.99,1,TL,5,36,Cichlidae,Cichliformes,Teleostei
Oreochromis lidole,Oreochromis,0.018,2.99,1,TL,5,37,Cichlidae,Cichliformes,Teleostei
Sudis hyalina,Sudis,0.00128,2.928,1,TL,,,Sudidae,Aulopiformes,Teleostei
Pristis pectinata,Pristis,0.00171,3.04,1,TL,,,Pristidae,Rhinopristiformes,Elasmobranchii
Dipturus batis,Dipturus,0.0091,3.0161,2,TL,9.5,210.5,Rajidae,Rajiformes,Elasmobranchii
Raja clavata,Raja,0.001625,3.2957,48,TL,3,112,Rajidae,Rajiformes,Elasmobranchii
Dasyatis pastinaca,Dasyatis,0.0105,3.1945,26,TL,7,138,Dasyatidae,Myliobatiformes,Elasmobranchii
Mobula birostris,Mobula,0.011355,3,2,WD,381,550,Mobulidae,Myliobatiformes,Elasmobranchii
Torpedo torpedo,Torpedo,0.01973,2.9725,6,TL,9.3,49.2,Torpedinidae,Torpediniformes,Elasmobranchii
Latimeria chalumnae,Latimeria,0.02025,2.9675,6,TL,42.5,180,Latimeriidae,Coelacanthiformes,Coelacanthi
Acipenser stellatus,Acipenser,0.0192,2.78,5,TL,13,250,Acipenseridae,Acipenseriformes,Chondrostei
Acipenser sturio,Acipenser,0.00948,2.885,3,TL,54,352,Acipenseridae,Acipenseriformes,Chondrostei
Huso huso,Huso,0.01045,2.93965,4,TL,18,270,Acipenseridae,Acipenseriformes,Chondrostei
Glaucostegus cemiculus,Glaucostegus,0.00323,3.00995,4,TL,32,218,Glaucostegidae,Rhinopristiformes,Elasmobranchii
Arapaima gigas,Arapaima,0.01663,2.9585,2,TL,109,224,Arapaimidae,Osteoglossiformes,Teleostei
Chitala chitala,Chitala,0.002605,3.2725,4,TL,6,91.4,Notopteridae,Osteoglossiformes,Teleostei
Brachymystax lenok,Brachymystax,0.01,3.08,5,TL,5.8,70,Salmonidae,Salmoniformes,Teleostei
Rhincodon typus,Rhincodon,0.00425,3,1,TL,,,Rhincodontidae,Orectolobiformes,Elasmobranchii
Argyropelecus gigas,Argyropelecus,0.0144,3.268,1,SL,2.6,9.4,Sternoptychidae,Stomiiformes,Teleostei
Malapterurus electricus,Malapterurus,0.018,2.937,9,TL,7.7,51.1,Malapteruridae,Siluriformes,Teleostei
Oreochromis karongae,Oreochromis,0.0181,2.9825,2,SL,5,38,Cichlidae,Cichliformes,Teleostei
Clarias ngamensis,Clarias,0.00593,3.1225,2,TL,,,Clariidae,Siluriformes,Teleostei
Cetorhinus maximus,Cetorhinus,0.00527,3,4,TL,,236,Cetorhinidae,Lamniformes,Elasmobranchii
Clarias stappersii,Clarias,0.008,2.983,1,TL,,,Clariidae,Siluriformes,Teleostei
Clarias angolensis,Clarias,0.0141,2.949,1,SL,12.8,33.4,Clariidae,Siluriformes,Teleostei
Clarias macromystax,Clarias,0.0025,3.367,1,TL,16.5,27.2,Clariidae,Siluriformes,Teleostei
Clarias buthupogon,Clarias,0.0138,2.873,2,TL,12.8,34.1,Clariidae,Siluriformes,Teleostei
Clarias agboyiensis,Clarias,0.00734,3.015,2,TL,,,Clariidae,Siluriformes,Teleostei
Clarias salae,Clarias,0.0043,3.04,2,SL,8.71,45.5,Clariidae,Siluriformes,Teleostei
Clarias theodorae,Clarias,0.01,3.18,1,SL,,,Clariidae,Siluriformes,Teleostei
Clarias ebriensis,Clarias,0.01276,2.774,3,TL,5.6,36.7,Clariidae,Siluriformes,Teleostei
Dimidiochromis kiwinge,Dimidiochromis,0.0235,3,1,TL,28,28,Cichlidae,Cichliformes,Teleostei
Lethrinops longipinnis,Lethrinops,0.00901,2.644,1,,,,Cichlidae,Cichliformes,Teleostei
Lethrinops altus,Lethrinops,0.00635,3.034,1,,,,Cichlidae,Cichliformes,Teleostei
Lethrinops longimanus,Lethrinops,0.0205,2.935,1,,,,Cichlidae,Cichliformes,Teleostei
Lethrinops parvidens,Lethrinops,0.00538,3.187,1,,,,Cichlidae,Cichliformes,Teleostei
Aulonocara guentheri,Aulonocara,0.053,2.222,1,SL,6.5,10.4,Cichlidae,Cichliformes,Teleostei
Otopharynx argyrosoma,Otopharynx,0.00943,2.579,1,,,,Cichlidae,Cichliformes,Teleostei
Ctenopharynx intermedius,Ctenopharynx,0.0121,2.566,1,,,,Cichlidae,Cichliformes,Teleostei
Mylochromis anaphyrmus,Mylochromis,0.0245,2.904,1,,,,Cichlidae,Cichliformes,Teleostei
Copadichromis mloto,Copadichromis,0.051,2.58,3,,,,Cichlidae,Cichliformes,Teleostei
Anoplogaster cornuta,Anoplogaster,0.0209,3,3,TL,15,18.6,Anoplogastridae,Trachichthyiformes,Teleostei
Lethrinops stridei,Lethrinops,0.0501,2.755,1,,,,Cichlidae,Cichliformes,Teleostei
Heterobranchus bidorsalis,Heterobranchus,0.0094,2.955,2,SL,7,54.7,Clariidae,Siluriformes,Teleostei
Heterobranchus longifilis,Heterobranchus,0.008925,2.8415,6,TL,6.4,93.6,Clariidae,Siluriformes,Teleostei
Zeugopterus norvegicus,Zeugopterus,0.0132,2.9795,2,TL,4,11,Scophthalmidae,Pleuronectiformes,Teleostei
Serranochromis robustus,Serranochromis,0.008,3.1975,2,TL,,,Cichlidae,Cichliformes,Teleostei
Protopterus annectens,Protopterus,0.00189,3.20119,3,TL,16.1,51.6,Protopteridae,Ceratodontiformes,Dipneusti
Polypterus endlicherii,Polypterus,0.00589,3.09375,4,SL,9,65.5,Polypteridae,Polypteriformes,Cladistii
Heterotis niloticus,Heterotis,0.0162,2.71,11,TL,8.4,89,Arapaimidae,Osteoglossiformes,Teleostei
Rubricatochromis bimaculatus,Rubricatochromis,0.03175,2.9435,8,SL,3.9,13.6,Cichlidae,Cichliformes,Teleostei
Hemichromis fasciatus,Hemichromis,0.018545,3,14,SL,4.4,21.5,Cichlidae,Cichliformes,Teleostei
Marcusenius furcidens,Marcusenius,0.00987,2.979,2,SL,9,32,Mormyridae,Osteoglossiformes,Teleostei
Marcusenius senegalensis,Marcusenius,0.01055,2.9815,6,TL,6.8,28.7,Mormyridae,Osteoglossiformes,Teleostei
Marcusenius ussheri,Marcusenius,0.014645,2.818,4,SL,6,35,Mormyridae,Osteoglossiformes,Teleostei
Mormyrops anguilloides,Mormyrops,0.0118,2.87,11,SL,9.1,63.3,Mormyridae,Osteoglossiformes,Teleostei
Mormyrus hasselquistii,Mormyrus,0.03035,2.7045,2,SL,14,21.2,Mormyridae,Osteoglossiformes,Teleostei
Mormyrus rume,Mormyrus,0.010825,2.892525,10,SL,8,78,Mormyridae,Osteoglossiformes,Teleostei
Petrocephalus bane,Petrocephalus,0.0252,2.803,1,TL,9.3,15.6,Mormyridae,Osteoglossiformes,Teleostei
Petrocephalus bovei,Petrocephalus,0.01745,2.905,12,SL,4,21.3,Mormyridae,Osteoglossiformes,Teleostei
Micralestes acutidens,Micralestes,0.00686,3.486,2,SL,1.2,4.5,Alestidae,Characiformes,Teleostei
Micralestes occidentalis,Micralestes,0.04,2.213,1,SL,4.3,5.6,Alestidae,Characiformes,Teleostei
Alestes baremoze,Alestes,0.0107,3,6,SL,5,32.5,Alestidae,Characiformes,Teleostei
Distichodus rostratus,Distichodus,0.0176,3,8,SL,5.9,52,Distichodontidae,Characiformes,Teleostei
Nannocharax fasciatus,Nannocharax,0.00625,3.28,2,SL,2.42,7.25,Distichodontidae,Characiformes,Teleostei
Enteromius ablabes,Enteromius,0.013,2.875,1,SL,4.7,9,Cyprinidae,Cypriniformes,Teleostei
Enteromius callipterus,Enteromius,0.0212,2.716,5,TL,4.6,10.1,Cyprinidae,Cypriniformes,Teleostei
Enteromius leonensis,Enteromius,0.01185,3.18,2,SL,1.32,4.42,Cyprinidae,Cypriniformes,Teleostei
Enteromius macinensis,Enteromius,0.01255,3.155,2,SL,1.62,5.46,Cyprinidae,Cypriniformes,Teleostei
Enteromius macrops,Enteromius,0.04671,2.61995,2,SL,5.6,16.9,Cyprinidae,Cypriniformes,Teleostei
Gasterosteus aculeatus,Gasterosteus,0.01025,3.168,6,TL,1.3,10,Gasterosteidae,Perciformes/Gasterosteoidei,Teleostei
Enteromius pobeguini,Enteromius,0.0123,3.105,2,SL,1.53,6.83,Cyprinidae,Cypriniformes,Teleostei
Enteromius punctitaeniatus,Enteromius,0.0097,3.2,2,SL,1.48,7.6,Cyprinidae,Cypriniformes,Teleostei
Enteromius sublineatus,Enteromius,0.009,3.32,2,SL,1.73,8.53,Cyprinidae,Cypriniformes,Teleostei
Enteromius trispilos,Enteromius,0.023,2.57,1,SL,4.5,10,Cyprinidae,Cypriniformes,Teleostei
Labeo coubie,Labeo,0.014475,2.981,6,SL,6.6,52,Cyprinidae,Cypriniformes,Teleostei
Labeo parvus,Labeo,0.0095,3.077,6,SL,6.1,28,Cyprinidae,Cypriniformes,Teleostei
Labeo senegalensis,Labeo,0.01,2.9989,5,TL,6.4,40,Cyprinidae,Cypriniformes,Teleostei
Auchenoglanis occidentalis,Auchenoglanis,0.0112,2.894,3,TL,6.3,50,Auchenoglanididae,Siluriformes,Teleostei
Cottus gobio,Cottus,0.009835,3.0926,4,TL,2.93,14.89,Cottidae,Perciformes/Cottoidei,Teleostei
Chrysichthys nigrodigitatus,Chrysichthys,0.011,2.919,15,TL,4.3,89.2,Claroteidae,Siluriformes,Teleostei
Chrysichthys maurus,Chrysichthys,0.0165,2.7445,2,SL,5.5,45,Claroteidae,Siluriformes,Teleostei
Chrysichthys auratus,Chrysichthys,0.012,2.944,11,TL,6.4,35,Claroteidae,Siluriformes,Teleostei
Chrysichthys johnelsi,Chrysichthys,0.013,3,3,FL,4.26,33.4,Claroteidae,Siluriformes,Teleostei
Chrysichthys walkeri,Chrysichthys,0.0074,3.114,2,TL,7,24,Claroteidae,Siluriformes,Teleostei
Schilbe mandibularis,Schilbe,0.008,2.9625,4,SL,6.2,28.5,Schilbeidae,Siluriformes,Teleostei
Schilbe mystus,Schilbe,0.0091,3.02,15,SL,4.9,35.2,Schilbeidae,Siluriformes,Teleostei
Amphilius platychir,Amphilius,0.0066,3.26,2,SL,3.42,10.84,Amphiliidae,Siluriformes,Teleostei
Synodontis bastiani,Synodontis,0.016,2.754,3,SL,4.5,22.5,Mochokidae,Siluriformes,Teleostei
Synodontis koensis,Synodontis,0.015,2.779,1,SL,5.5,14,Mochokidae,Siluriformes,Teleostei
Synodontis obesus,Synodontis,0.046,2.37,1,TL,5,15.3,Mochokidae,Siluriformes,Teleostei
Synodontis punctifer,Synodontis,0.018,2.675,1,SL,6,28,Mochokidae,Siluriformes,Teleostei
Synodontis schall,Synodontis,0.0168,3.0385,14,SL,3,40,Mochokidae,Siluriformes,Teleostei
Synodontis waterloti,Synodontis,0.0205,2.975,2,SL,3.3,14.08,Mochokidae,Siluriformes,Teleostei
Poropanchax normani,Poropanchax,0.016,2.795,2,SL,1.43,3.54,Procatopodidae,Cyprinodontiformes,Teleostei
Aplocheilichthys spilauchen,Aplocheilichthys,0.0103,3.345,2,SL,1.68,9.11,Procatopodidae,Cyprinodontiformes,Teleostei
Echeneis naucrates,Echeneis,0.000885,3.323895,4,TL,12,88,Echeneidae,Carangiformes,Teleostei
Epiplatys bifasciatus,Epiplatys,0.01185,2.885,2,SL,1.53,5.14,Nothobranchiidae,Cyprinodontiformes,Teleostei
Epiplatys spilargyreius,Epiplatys,0.00855,3.37,2,SL,1.65,5.46,Nothobranchiidae,Cyprinodontiformes,Teleostei
Tilapia busumana,Tilapia,0.0175,2.8305,2,SL,4.9,16.5,Cichlidae,Cichliformes,Teleostei
Coptodon dageti,Coptodon,0.0185,3.225,2,SL,1.79,22.6,Cichlidae,Cichliformes,Teleostei
Coptodon guineensis,Coptodon,0.017,2.899,7,TL,3.5,26.6,Cichlidae,Cichliformes,Teleostei
Pelmatolapia mariae,Pelmatolapia,0.01815,3.071,6,TL,4,32.3,Cichlidae,Cichliformes,Teleostei
Tylochromis jentinki,Tylochromis,0.01971,3.2675,2,SL,6.5,20.5,Cichlidae,Cichliformes,Teleostei
Awaous lateristriga,Awaous,0.00758,3.234,2,TL,6.3,18,Gobiidae,Gobiiformes,Teleostei
Eleotris senegalensis,Eleotris,0.0085,3.0735,2,SL,6.4,22.2,Eleotridae,Gobiiformes,Teleostei
Eleotris vittata,Eleotris,0.013,3.25,3,TL,3,27.5,Eleotridae,Gobiiformes,Teleostei
Ctenopoma kingsleyae,Ctenopoma,0.0312,2.953,3,TL,5.2,18.3,Anabantidae,Anabantiformes,Teleostei
Diplodus cervinus,Diplodus,0.0117,3.08,4,TL,12,50,Sparidae,Eupercaria/misc,Teleostei
Kyphosus sectatrix,Kyphosus,0.0174,3.079,1,FL,19,20.6,Kyphosidae,Centrarchiformes,Teleostei
Chelon labrosus,Chelon,0.009985,3.022,20,TL,1.7,54.7,Mugilidae,Mugiliformes,Teleostei
Anarhichas lupus,Anarhichas,0.00447,3.175,6,TL,4.5,107,Anarhichadidae,Perciformes/Zoarcoidei,Teleostei
Chimaera monstrosa,Chimaera,0.007,3.0113,6,TL,5,93.3,Chimaeridae,Chimaeriformes,Holocephali
Acipenser nudiventris,Acipenser,0.0068,2.972,3,TL,102,211,Acipenseridae,Acipenseriformes,Chondrostei
Heterobranchus isopterus,Heterobranchus,0.016,2.726,2,SL,7.2,122.5,Clariidae,Siluriformes,Teleostei
Epigonus constanciae,Epigonus,0.0019,3.59,1,TL,10.5,15,Epigonidae,Acropomatiformes,Teleostei
Epigonus denticulatus,Epigonus,0.0045,3.26,1,TL,6.7,14.2,Epigonidae,Acropomatiformes,Teleostei
Epigonus telescopus,Epigonus,0.0269,2.87,5,FL,5,70,Epigonidae,Acropomatiformes,Teleostei
Eptatretus deani,Eptatretus,0.002695,2.89956,2,TL,20,52,Myxinidae,Myxiniformes,Myxini
Eptatretus stoutii,Eptatretus,0.005565,2.665695,2,TL,20,67,Myxinidae,Myxiniformes,Myxini
Myxine glutinosa,Myxine,0.0022,2.8357,1,TL,8.5,41.5,Myxinidae,Myxiniformes,Myxini
Ichthyomyzon unicuspis,Ichthyomyzon,0.001375,2.87,2,TL,,,Petromyzontidae,Petromyzontiformes,Petromyzonti
Lampetra aepyptera,Lampetra,0.0046,2.66,1,TL,7.7,17,Petromyzontidae,Petromyzontiformes,Petromyzonti
Lethenteron camtschaticum,Lethenteron,0.0016,3,11,TL,,43.6,Petromyzontidae,Petromyzontiformes,Petromyzonti
Petromyzon marinus,Petromyzon,0.00208,3,1,TL,,,Petromyzontidae,Petromyzontiformes,Petromyzonti
Notorynchus cepedianus,Notorynchus,0.00668,3,1,TL,170,170,Hexanchidae,Hexanchiformes,Elasmobranchii
Ginglymostoma cirratum,Ginglymostoma,0.006475,2.876,2,SL,23,157,Ginglymostomatidae,Orectolobiformes,Elasmobranchii
Alopias superciliosus,Alopias,0.02265,2.845,6,TL,90,450,Alopiidae,Lamniformes,Elasmobranchii
Alopias vulpinus,Alopias,0.01275,2.6895,2,FL,154,395,Alopiidae,Lamniformes,Elasmobranchii
Pseudotriakis microdon,Pseudotriakis,0.001005,3.66,2,TL,44.7,296,Pseudotriakidae,Carcharhiniformes,Elasmobranchii
Mustelus canis,Mustelus,0.00229,3.09,11,TL,40,150,Triakidae,Carcharhiniformes,Elasmobranchii
Mustelus norrisi,Mustelus,0.00118,3.182,1,,,,Triakidae,Carcharhiniformes,Elasmobranchii
Triakis semifasciata,Triakis,0.00305,3.05,1,,,,Triakidae,Carcharhiniformes,Elasmobranchii
Somniosus pacificus,Somniosus,0.016035,2.93,2,TL,81,233,Somniosidae,Squaliformes,Elasmobranchii
Pristis microdon,Pristis,0.0024,3,1,TL,,695,Pristidae,Rhinopristiformes,Elasmobranchii
Pseudobatos productus,Pseudobatos,0.00396,3,5,TL,9.2,130,Rhinobatidae,Rhinopristiformes,Elasmobranchii
Narcine brasiliensis,Narcine,0.014,2.97,3,TL,8.8,47,Narcinidae,Torpediniformes,Elasmobranchii
Tetronarce nobiliana,Tetronarce,0.0256,2.943,10,TL,8.3,102,Torpedinidae,Torpediniformes,Elasmobranchii
Bathyraja aleutica,Bathyraja,0.00261,3.1745,4,TL,17,143,Arhynchobatidae,Rajiformes,Elasmobranchii
Beringraja binoculata,Beringraja,0.00675,3,1,TL,183,183,Rajidae,Rajiformes,Elasmobranchii
Leucoraja erinaceus,Leucoraja,0.003545,3.145,12,TL,6,63,Rajidae,Rajiformes,Elasmobranchii
Bathyraja interrupta,Bathyraja,0.00502,3.0308,3,TL,18,79,Arhynchobatidae,Rajiformes,Elasmobranchii
Dipturus laevis,Dipturus,0.00164,3.29,1,TL,23,121,Rajidae,Rajiformes,Elasmobranchii
Leucoraja ocellata,Leucoraja,0.00209,3.305,10,TL,4,111,Rajidae,Rajiformes,Elasmobranchii
Arctoraja parmifera,Arctoraja,0.00194,3.28,5,TL,22,120,Arhynchobatidae,Rajiformes,Elasmobranchii
Amblyraja radiata,Amblyraja,0.0069,3.0343,7,TL,7.5,105,Rajidae,Rajiformes,Elasmobranchii
Malacoraja senta,Malacoraja,0.002905,3.123,2,TL,15,65,Rajidae,Rajiformes,Elasmobranchii
Bathyraja trachura,Bathyraja,0.0084,2.8605,1,TL,20,69,Arhynchobatidae,Rajiformes,Elasmobranchii
Bathytoshia centroura,Bathytoshia,0.018,3,5,TL,36,220,Dasyatidae,Myliobatiformes,Elasmobranchii
Hypanus dipterurus,Hypanus,0.017,3.24,6,WD,28.1,167,Dasyatidae,Myliobatiformes,Elasmobranchii
Hypanus sabinus,Hypanus,0.03,3.125,2,WD,11,49,Dasyatidae,Myliobatiformes,Elasmobranchii
Hypanus say,Hypanus,0.022725,3.1415,2,WD,10,104,Dasyatidae,Myliobatiformes,Elasmobranchii
Pteroplatytrygon violacea,Pteroplatytrygon,0.0273,2.9518,3,WD,36.5,68.5,Dasyatidae,Myliobatiformes,Elasmobranchii
Gymnura altavela,Gymnura,0.00747,3.09,8,TL,30,210,Gymnuridae,Myliobatiformes,Elasmobranchii
Gymnura marmorata,Gymnura,0.007,2.96,1,WD,38,93,Gymnuridae,Myliobatiformes,Elasmobranchii
Gymnura micrura,Gymnura,0.004,3.15,5,TL,24,84,Gymnuridae,Myliobatiformes,Elasmobranchii
Urobatis halleri,Urobatis,0.01,3,3,TL,5.7,57,Urotrygonidae,Myliobatiformes,Elasmobranchii
Urobatis jamaicensis,Urobatis,0.01,3,3,TL,12.5,41.6,Urotrygonidae,Myliobatiformes,Elasmobranchii
Myliobatis californica,Myliobatis,0.013,3,3,WD,30.2,60.5,Myliobatidae,Myliobatiformes,Elasmobranchii
Rhinoptera bonasus,Rhinoptera,0.01109,3.06,6,TL,27,107,Rhinopteridae,Myliobatiformes,Elasmobranchii
Mobula hypostoma,Mobula,0.006,3.07,1,WD,96.8,230.8,Mobulidae,Myliobatiformes,Elasmobranchii
Mobula thurstoni,Mobula,0.00541,3.139,1,WD,90.2,197,Mobulidae,Myliobatiformes,Elasmobranchii
Hydrolagus colliei,Hydrolagus,0.00025,2.755,1,OT,,,Chimaeridae,Chimaeriformes,Holocephali
Acipenser brevirostrum,Acipenser,0.00821,3,1,TL,85,85,Acipenseridae,Acipenseriformes,Chondrostei
Acipenser fulvescens,Acipenser,0.00186,3.273,13,TL,,,Acipenseridae,Acipenseriformes,Chondrostei
Acipenser medirostris,Acipenser,0.00593,3,3,FL,151,242,Acipenseridae,Acipenseriformes,Chondrostei
Acipenser oxyrinchus,Acipenser,0.001175,3.315,2,TL,20,159,Acipenseridae,Acipenseriformes,Chondrostei
Acipenser transmontanus,Acipenser,0.00285,3.19,3,FL,54,263,Acipenseridae,Acipenseriformes,Chondrostei
Scaphirhynchus albus,Scaphirhynchus,0.0023,3.758,1,,,,Acipenseridae,Acipenseriformes,Chondrostei
Scaphirhynchus platorynchus,Scaphirhynchus,0.00488,3,1,TL,100,100,Acipenseridae,Acipenseriformes,Chondrostei
Lepisosteus platostomus,Lepisosteus,0.00079,3.43,1,TL,27.9,66,Lepisosteidae,Lepisosteiformes,Holostei
Lepisosteus platyrhincus,Lepisosteus,0.00263,3.1565,2,TL,24.4,134,Lepisosteidae,Lepisosteiformes,Holostei
Amia calva,Amia,0.014525,2.996,2,TL,22.1,74.9,Amiidae,Amiiformes,Holostei
Neoconger mucronatus,Neoconger,0.0011,3,1,TL,16.5,,Moringuidae,Anguilliformes,Teleostei
Gymnothorax nigromarginatus,Gymnothorax,0.00332,2.839,1,TL,48.6,48.6,Muraenidae,Anguilliformes,Teleostei
Gymnothorax saxicola,Gymnothorax,0.0015,3,1,TL,29.3,,Muraenidae,Anguilliformes,Teleostei
Rhynchoconger flavus,Rhynchoconger,0.0012,3.055,1,SL,14.2,42.7,Congridae,Anguilliformes,Teleostei
Ahlia egmontis,Ahlia,0.00025,3.15,1,TL,6.6,23.4,Ophichthidae,Anguilliformes,Teleostei
Echiophis punctifer,Echiophis,0.00152,3,1,TL,,,Ophichthidae,Anguilliformes,Teleostei
Myrophis vafer,Myrophis,5e-04,3,1,TL,21.3,,Ophichthidae,Anguilliformes,Teleostei
Ophichthus triserialis,Ophichthus,0.011,2.417,1,TL,9.2,72.2,Ophichthidae,Anguilliformes,Teleostei
Ophichthus zophochir,Ophichthus,0.00081,3.0742,2,TL,32.4,86.2,Ophichthidae,Anguilliformes,Teleostei
Dysomma anguillare,Dysomma,0.00024,3.407,1,TL,24.6,60,Synaphobranchidae,Anguilliformes,Teleostei
Nemichthys scolopaceus,Nemichthys,0.000905,3,2,SL,11.2,11.2,Nemichthyidae,Anguilliformes,Teleostei
Notacanthus chemnitzii,Notacanthus,0.00382,3.0572,2,TL,36,85,Notacanthidae,Notacanthiformes,Teleostei
Hiodon alosoides,Hiodon,0.010845,3.0345,4,TL,,,Hiodontidae,Hiodontiformes,Teleostei
Hiodon tergisus,Hiodon,0.00288,3.4175,2,TL,7.6,15.2,Hiodontidae,Hiodontiformes,Teleostei
Coregonus autumnalis,Coregonus,0.00323,3.3299,13,FL,4.9,48,Salmonidae,Salmoniformes,Teleostei
Coregonus hoyi,Coregonus,0.018595,3.0095,2,SL,,,Salmonidae,Salmoniformes,Teleostei
Typhlichthys subterraneus,Typhlichthys,0.00903,2.989,1,TL,,,Amblyopsidae,Percopsiformes,Teleostei
Coregonus kiyi,Coregonus,0.00943,3.122,2,SL,,,Salmonidae,Salmoniformes,Teleostei
Coregonus nasus,Coregonus,0.00543,3.269,11,FL,14,71,Salmonidae,Salmoniformes,Teleostei
Coregonus pidschian,Coregonus,0.0048,3.2903,1,TL,24,47.5,Salmonidae,Salmoniformes,Teleostei
Coregonus sardinella,Coregonus,0.00415,3.227,13,FL,5.3,40.1,Salmonidae,Salmoniformes,Teleostei
Prosopium coulterii,Prosopium,0.00378,3.204,1,TL,5.5,15,Salmonidae,Salmoniformes,Teleostei
Prosopium cylindraceum,Prosopium,0.00885,3.294,3,TL,11.7,52.1,Salmonidae,Salmoniformes,Teleostei
Prosopium williamsoni,Prosopium,0.00511,3.125,5,SL,5.8,41.3,Salmonidae,Salmoniformes,Teleostei
Oncorhynchus aguabonita,Oncorhynchus,0.0169,3,1,FL,,,Salmonidae,Salmoniformes,Teleostei
Oncorhynchus apache,Oncorhynchus,0.0121,3,1,TL,58,58,Salmonidae,Salmoniformes,Teleostei
Oncorhynchus clarkii,Oncorhynchus,0.0093,2.9765,12,FL,,,Salmonidae,Salmoniformes,Teleostei
Oncorhynchus gilae,Oncorhynchus,0.009475,3.042,26,TL,,,Salmonidae,Salmoniformes,Teleostei
Salvelinus confluentus,Salvelinus,0.01367,3,1,TL,102,102,Salmonidae,Salmoniformes,Teleostei
Salvelinus malma,Salvelinus,0.00437,3.12,5,FL,12.5,91,Salmonidae,Salmoniformes,Teleostei
Stenodus leucichthys,Stenodus,0.0052,3.147,7,FL,38.7,129,Salmonidae,Salmoniformes,Teleostei
Thymallus arcticus,Thymallus,0.0102,3.04445,6,TL,3.5,75,Salmonidae,Salmoniformes,Teleostei
Allosmerus elongatus,Allosmerus,0.0043,3,2,SL,9.2,,Osmeridae,Osmeriformes,Teleostei
Hypomesus nipponensis,Hypomesus,0.0089,2.8731,1,FL,5.3,10.9,Osmeridae,Osmeriformes,Teleostei
Argentina sialis,Argentina,0.00655,3.153,2,TL,8.3,18,Argentinidae,Argentiniformes,Teleostei
Argentina silus,Argentina,0.0032,3.2518,4,TL,6.5,46.5,Argentinidae,Argentiniformes,Teleostei
Argentina striata,Argentina,0.028935,2.5515,2,TL,4.8,22.1,Argentinidae,Argentiniformes,Teleostei
Leuroglossus stilbius,Leuroglossus,0.012175,2.77,2,SL,2.8,8.5,Bathylagidae,Argentiniformes,Teleostei
Dallia pectoralis,Dallia,0.00568,3.354,2,TL,,,Umbridae,Esociformes,Teleostei
Umbra limi,Umbra,0.00735,3.178,2,TL,3.9,10.6,Umbridae,Esociformes,Teleostei
Umbra pygmaea,Umbra,0.0059,3.3705,2,NG,3.4,13.7,Umbridae,Esociformes,Teleostei
Esox americanus,Esox,0.00785,3.055,4,TL,6.5,42,Esocidae,Esociformes,Teleostei
Esox masquinongy,Esox,0.003405,3.2315,10,FL,,,Esocidae,Esociformes,Teleostei
Esox niger,Esox,0.00411,3.114,2,FL,22.9,56.6,Esocidae,Esociformes,Teleostei
Tactostoma macropus,Tactostoma,0.00065,3.08,1,SL,5,22,Stomiidae,Stomiiformes,Teleostei
Chauliodus macouni,Chauliodus,0.00265,3,4,TL,9.9,29.3,Stomiidae,Stomiiformes,Teleostei
Saurida brasiliensis,Saurida,0.00715,3.04,5,TL,3.1,14,Synodontidae,Aulopiformes,Teleostei
Saurida caribbaea,Saurida,0.005725,2.9355,2,TL,5.4,12.7,Synodontidae,Aulopiformes,Teleostei
Saurida normani,Saurida,0.02895,2.815,2,SL,7.3,26,Synodontidae,Aulopiformes,Teleostei
Synodus foetens,Synodus,0.004275,3.139,14,TL,2,53.8,Synodontidae,Aulopiformes,Teleostei
Synodus intermedius,Synodus,0.006245,3.2245,2,FL,6.2,38.6,Synodontidae,Aulopiformes,Teleostei
Synodus lucioceps,Synodus,0.007,3.0025,2,TL,4.5,46,Synodontidae,Aulopiformes,Teleostei
Synodus poeyi,Synodus,0.0104,3,3,TL,6,21.8,Synodontidae,Aulopiformes,Teleostei
Synodus synodus,Synodus,0.0052,3.2535,2,TL,16.7,43,Synodontidae,Aulopiformes,Teleostei
Trachinocephalus myops,Trachinocephalus,0.00724,3.26,5,TL,14.4,32.6,Synodontidae,Aulopiformes,Teleostei
Parasudis truculenta,Parasudis,0.00288,3.239,1,TL,19.1,25,Chlorophthalmidae,Aulopiformes,Teleostei
Anotopterus pharao,Anotopterus,0.00035,3,2,SL,27.6,,Anotopteridae,Aulopiformes,Teleostei
Benthalbella dentata,Benthalbella,0.00213,3.31,2,TL,12.5,26.2,Scopelarchidae,Aulopiformes,Teleostei
Ceratoscopelus townsendi,Ceratoscopelus,0.00845,3,2,SL,6.4,,Myctophidae,Myctophiformes,Teleostei
Diaphus theta,Diaphus,0.0098,3,2,SL,5.6,,Myctophidae,Myctophiformes,Teleostei
Diogenichthys laternatus,Diogenichthys,0.00613,3.52,1,SL,2.1,2.9,Myctophidae,Myctophiformes,Teleostei
Lampanyctus regalis,Lampanyctus,0.00487,3.23,3,TL,11.2,21,Myctophidae,Myctophiformes,Teleostei
Notoscopelus resplendens,Notoscopelus,0.0113,3.045,1,SL,1.6,9.3,Myctophidae,Myctophiformes,Teleostei
Stenobrachius leucopsarus,Stenobrachius,0.00608,3.155,2,SL,8.5,8.6,Myctophidae,Myctophiformes,Teleostei
Tarletonbeania crenularis,Tarletonbeania,0.0086,3,2,SL,5.2,,Myctophidae,Myctophiformes,Teleostei
Triphoturus mexicanus,Triphoturus,0.00722,3.135,2,SL,2,7.9,Myctophidae,Myctophiformes,Teleostei
Astyanax mexicanus,Astyanax,0.01355,2.9565,2,TL,2.2,9.9,Acestrorhamphidae,Characiformes,Teleostei
Campostoma anomalum,Campostoma,0.00606,3.21,2,FL,3.2,14,Leuciscidae,Cypriniformes,Teleostei
Couesius plumbeus,Couesius,0.009915,2.996,2,FL,,,Leuciscidae,Cypriniformes,Teleostei
Ericymba buccata,Ericymba,0.00443,3.15,2,FL,3.2,8.5,Leuciscidae,Cypriniformes,Teleostei
Siphateles bicolor,Siphateles,0.0224,2.903,1,FL,,,Leuciscidae,Cypriniformes,Teleostei
Lepidomeda copei,Lepidomeda,0.0127,3,2,SL,,9.7,Leuciscidae,Cypriniformes,Teleostei
Hybognathus placitus,Hybognathus,0.01485,3,4,SL,,8.6,Leuciscidae,Cypriniformes,Teleostei
Hybognathus regius,Hybognathus,0.0116,3,4,SL,,9.4,Leuciscidae,Cypriniformes,Teleostei
Macrhybopsis aestivalis,Macrhybopsis,0.0144,2.77,1,TL,7.6,12.7,Leuciscidae,Cypriniformes,Teleostei
Macrhybopsis storeriana,Macrhybopsis,0.01135,3.093,2,SL,4.3,12.6,Leuciscidae,Cypriniformes,Teleostei
Leuciscus idus,Leuciscus,0.005,3.306,17,TL,3,76,Leuciscidae,Cypriniformes,Teleostei
Nocomis micropogon,Nocomis,0.0094,3.06,1,TL,3.2,25.3,Leuciscidae,Cypriniformes,Teleostei
Lythrurus ardens,Lythrurus,0.00141,3.04,1,FL,4.9,6.7,Leuciscidae,Cypriniformes,Teleostei
Notropis atherinoides,Notropis,0.00975,2.812,2,TL,2,10.2,Leuciscidae,Cypriniformes,Teleostei
Luxilus chrysocephalus,Luxilus,0.00326,3.25,2,FL,3.2,16,Leuciscidae,Cypriniformes,Teleostei
Luxilus cornutus,Luxilus,0.00537,3.29,1,TL,7.5,15,Leuciscidae,Cypriniformes,Teleostei
Notropis hudsonius,Notropis,0.00815,3.038,2,TL,2,10.3,Leuciscidae,Cypriniformes,Teleostei
Cyprinella lutrensis,Cyprinella,0.0085,3.122,2,TL,4.1,9.3,Leuciscidae,Cypriniformes,Teleostei
Notropis photogenis,Notropis,0.0091,2.92,1,TL,3.2,12.4,Leuciscidae,Cypriniformes,Teleostei
Lythrurus roseipinnis,Lythrurus,0.00251,3.42,1,TL,2.5,7.6,Leuciscidae,Cypriniformes,Teleostei
Notropis rubellus,Notropis,0.0086,2.886,2,TL,2.3,11,Leuciscidae,Cypriniformes,Teleostei
Cyprinella spiloptera,Cyprinella,0.00605,3.195,2,TL,2.3,10.7,Leuciscidae,Cypriniformes,Teleostei
Miniellus stramineus,Miniellus,0.0087,2.9975,2,TL,2.9,7.5,Leuciscidae,Cypriniformes,Teleostei
Notropis texanus,Notropis,0.0075,3.08,1,TL,3.8,6.9,Leuciscidae,Cypriniformes,Teleostei
Cyprinella venusta,Cyprinella,0.0141,2.72,1,TL,5.1,15.2,Leuciscidae,Cypriniformes,Teleostei
Notropis volucellus,Notropis,0.0082,2.99,3,TL,2.2,7.5,Leuciscidae,Cypriniformes,Teleostei
Pimephales notatus,Pimephales,0.0044,3.28,3,TL,2.5,9.7,Leuciscidae,Cypriniformes,Teleostei
Pimephales vigilax,Pimephales,0.0069,3.187,1,TL,2.1,8.6,Leuciscidae,Cypriniformes,Teleostei
Ptychocheilus grandis,Ptychocheilus,0.0065,3,1,TL,66,69.9,Leuciscidae,Cypriniformes,Teleostei
Ptychocheilus oregonensis,Ptychocheilus,0.0102,2.986,1,FL,,,Leuciscidae,Cypriniformes,Teleostei
Rhinichthys atratulus,Rhinichthys,0.005255,3.101,2,TL,4.2,6.7,Leuciscidae,Cypriniformes,Teleostei
Rhinichthys cataractae,Rhinichthys,0.0079,3.13,1,TL,3.2,12.5,Leuciscidae,Cypriniformes,Teleostei
Rhinichthys osculus,Rhinichthys,0.0631,3.09,1,FL,2.3,8,Leuciscidae,Cypriniformes,Teleostei
Rhodeus sericeus,Rhodeus,0.01912,3.09,3,TL,2.4,9.8,Acheilognathidae,Cypriniformes,Teleostei
Scardinius erythrophthalmus,Scardinius,0.0078,3.188,15,TL,1.9,39,Leuciscidae,Cypriniformes,Teleostei
Semotilus atromaculatus,Semotilus,0.01805,2.96,6,TL,2.8,19.6,Leuciscidae,Cypriniformes,Teleostei
Semotilus corporalis,Semotilus,0.030435,2.849,2,FL,45,45,Leuciscidae,Cypriniformes,Teleostei
Carpiodes carpio,Carpiodes,0.0134,2.9685,10,TL,2.9,61,Catostomidae,Cypriniformes,Teleostei
Carpiodes velifer,Carpiodes,0.01349,2.997,3,TL,7.6,51.4,Catostomidae,Cypriniformes,Teleostei
Catostomus catostomus,Catostomus,0.0255,2.88,4,SL,,,Catostomidae,Cypriniformes,Teleostei
Catostomus commersonii,Catostomus,0.0135,2.94,13,TL,4.3,45.7,Catostomidae,Cypriniformes,Teleostei
Catostomus latipinnis,Catostomus,0.00832,3,1,TL,48,48,Catostomidae,Cypriniformes,Teleostei
Catostomus platyrhynchus,Catostomus,0.0117,2.972,1,TL,,,Catostomidae,Cypriniformes,Teleostei
Chasmistes cujus,Chasmistes,0.01001,3,1,TL,64.8,64.8,Catostomidae,Cypriniformes,Teleostei
Cycleptus elongatus,Cycleptus,0.003085,3.2705,2,TL,19.5,78.6,Catostomidae,Cypriniformes,Teleostei
Erimyzon oblongus,Erimyzon,0.0156,3.202,3,SL,6.5,16.8,Catostomidae,Cypriniformes,Teleostei
Hypentelium nigricans,Hypentelium,0.0105,2.98,3,TL,3.2,38.7,Catostomidae,Cypriniformes,Teleostei
Ictiobus bubalus,Ictiobus,0.02345,2.9845,8,TL,7.6,78.2,Catostomidae,Cypriniformes,Teleostei
Ictiobus cyprinellus,Ictiobus,0.0154,3.139,6,TL,5.1,78.7,Catostomidae,Cypriniformes,Teleostei
Ictiobus niger,Ictiobus,0.013495,3.053,2,TL,18.1,114,Catostomidae,Cypriniformes,Teleostei
Minytrema melanops,Minytrema,0.009365,3.1695,4,TL,5.1,45,Catostomidae,Cypriniformes,Teleostei
Moxostoma anisurum,Moxostoma,0.01089,3.0765,4,TL,7.3,74,Catostomidae,Cypriniformes,Teleostei
Moxostoma carinatum,Moxostoma,0.0132,2.949,3,TL,22,71.4,Catostomidae,Cypriniformes,Teleostei
Moxostoma duquesnei,Moxostoma,0.01975,2.945,6,TL,6,43.4,Catostomidae,Cypriniformes,Teleostei
Moxostoma erythrurum,Moxostoma,0.0124,3.082,5,TL,5,52.5,Catostomidae,Cypriniformes,Teleostei
Moxostoma macrolepidotum,Moxostoma,0.0118,3.021,3,TL,5.7,65.5,Catostomidae,Cypriniformes,Teleostei
Moxostoma poecilurum,Moxostoma,0.0117,2.97,1,TL,10.2,50.8,Catostomidae,Cypriniformes,Teleostei
Moxostoma valenciennesi,Moxostoma,0.01323,3,1,TL,68,68,Catostomidae,Cypriniformes,Teleostei
Misgurnus anguillicaudatus,Misgurnus,0.00422,3.07,15,TL,4.7,21.9,Cobitidae,Cypriniformes,Teleostei
Ameiurus catus,Ameiurus,0.013025,3.008,2,FL,2.5,48.3,Ictaluridae,Siluriformes,Teleostei
Ictalurus furcatus,Ictalurus,0.00199,3.41,3,TL,12.3,139,Ictaluridae,Siluriformes,Teleostei
Ameiurus natalis,Ameiurus,0.0207,2.93,5,TL,2.5,35.6,Ictaluridae,Siluriformes,Teleostei
Ameiurus nebulosus,Ameiurus,0.0099,3.073,5,TL,4,48.3,Ictaluridae,Siluriformes,Teleostei
Ameiurus platycephalus,Ameiurus,0.00719,3.197,1,TL,5.1,22.9,Ictaluridae,Siluriformes,Teleostei
Noturus flavus,Noturus,0.02125,2.8155,2,SL,3.8,18.7,Ictaluridae,Siluriformes,Teleostei
Noturus gyrinus,Noturus,0.024,2.87,1,SL,1.8,6.2,Ictaluridae,Siluriformes,Teleostei
Polymixia lowei,Polymixia,0.011155,3.0365,4,TL,7.3,46.3,Polymixiidae,Polymixiiformes,Teleostei
Pylodictis olivaris,Pylodictis,0.00526,3.2065,8,TL,5.1,99.1,Ictaluridae,Siluriformes,Teleostei
Clarias batrachus,Clarias,0.0223,2.6885,6,TL,7,34,Clariidae,Siluriformes,Teleostei
Bagre panamensis,Bagre,0.0029,3.3024,3,TL,6.5,47,Ariidae,Siluriformes,Teleostei
Hypostomus plecostomus,Hypostomus,0.0423,2.888,5,SL,5.9,35,Loricariidae,Siluriformes,Teleostei
Aphredoderus sayanus,Aphredoderus,0.02203,2.768,1,TL,,,Aphredoderidae,Percopsiformes,Teleostei
Percopsis omiscomaycus,Percopsis,0.0112,3.08,1,SL,,,Percopsidae,Percopsiformes,Teleostei
Percopsis transmontana,Percopsis,0.0192,2.91,1,FL,,,Percopsidae,Percopsiformes,Teleostei
Opsanus beta,Opsanus,0.018,3.151,5,FL,2,33,Batrachoididae,Batrachoidiformes,Teleostei
Opsanus pardus,Opsanus,0.02075,3,2,SL,6.4,,Batrachoididae,Batrachoidiformes,Teleostei
Opsanus tau,Opsanus,0.007825,3.132,2,,,,Batrachoididae,Batrachoidiformes,Teleostei
Porichthys myriaster,Porichthys,0.002,3.547,1,TL,8.7,19.5,Batrachoididae,Batrachoidiformes,Teleostei
Porichthys notatus,Porichthys,0.008,3.047,1,TL,8.3,25.5,Batrachoididae,Batrachoidiformes,Teleostei
Porichthys plectrodon,Porichthys,0.014645,2.893,2,SL,4.2,18.3,Batrachoididae,Batrachoidiformes,Teleostei
Gobiesox maeandricus,Gobiesox,0.0232,3,2,SL,6.5,,Gobiesocidae,Gobiesociformes,Teleostei
Gobiesox rhessodon,Gobiesox,0.0223,3.0615,2,SL,1.74,3.71,Gobiesocidae,Gobiesociformes,Teleostei
Gobiesox strumosus,Gobiesox,0.0128,3.036,1,TL,4.2,4.2,Gobiesocidae,Gobiesociformes,Teleostei
Rimicola eigenmanni,Rimicola,0.00935,3,2,SL,3,,Gobiesocidae,Gobiesociformes,Teleostei
Rimicola muscarum,Rimicola,0.006,3,2,SL,3.8,,Gobiesocidae,Gobiesociformes,Teleostei
Fowlerichthys radiosus,Fowlerichthys,0.1357,2.578,1,SL,2.6,9.4,Antennariidae,Lophiiformes,Teleostei
Halieutichthys aculeatus,Halieutichthys,0.0251,3,2,SL,4.6,,Ogcocephalidae,Lophiiformes,Teleostei
Ogcocephalus radiatus,Ogcocephalus,0.0154,3.063,1,FL,20.4,25.5,Ogcocephalidae,Lophiiformes,Teleostei
Zalieutes mcgintyi,Zalieutes,0.0579,2.634,1,SL,3.3,7.3,Ogcocephalidae,Lophiiformes,Teleostei
Bregmaceros atlanticus,Bregmaceros,0.004295,3.117,4,TL,3.9,7.8,Bregmacerotidae,Gadiformes,Teleostei
Coelorinchus caribbaeus,Coelorinchus,0.002425,3.1,2,TL,7.5,26.2,Macrouridae,Gadiformes,Teleostei
Coelorinchus occa,Coelorinchus,0.1016,2.6845,1,OT,2.5,9.6,Macrouridae,Gadiformes,Teleostei
Nezumia sclerorhynchus,Nezumia,9e-04,3.233,1,TL,9.6,27.3,Macrouridae,Gadiformes,Teleostei
Nezumia stelgidolepis,Nezumia,0.004,3,1,TL,84,84,Macrouridae,Gadiformes,Teleostei
Synagrops bellus,Synagrops,0.00839,3.04,5,TL,2.3,24.2,Synagropidae,Acropomatiformes,Teleostei
Ophidion scrippsae,Ophidion,0.001,3.398,1,TL,18,23.4,Ophidiidae,Ophidiiformes,Teleostei
Brosmophycis marginata,Brosmophycis,0.0103,3,2,SL,27,,Bythitidae,Ophidiiformes,Teleostei
Baldwinella aureorubens,Baldwinella,0.00453,3.15,2,TL,4.8,31,Anthiadidae,Perciformes/Serranoidei,Teleostei
Bothrocara pusillum,Bothrocara,0.00155,3,2,SL,11.4,,Zoarcidae,Perciformes/Zoarcoidei,Teleostei
Gymnelus viridis,Gymnelus,0.00186,3.34,3,TL,,,Zoarcidae,Perciformes/Zoarcoidei,Teleostei
Lycodapus fierasfer,Lycodapus,0.0018,3,2,SL,9.9,,Zoarcidae,Perciformes/Zoarcoidei,Teleostei
Lycodapus mandibularis,Lycodapus,0.00455,3,2,SL,8.8,,Zoarcidae,Perciformes/Zoarcoidei,Teleostei
Lycodapus parviceps,Lycodapus,0.0017,3,2,SL,8.7,,Zoarcidae,Perciformes/Zoarcoidei,Teleostei
Lycodes brevipes,Lycodes,0.0036,3,2,SL,12.8,,Zoarcidae,Perciformes/Zoarcoidei,Teleostei
Lycodes jugoricus,Lycodes,0.00214,3.268,3,TL,,,Zoarcidae,Perciformes/Zoarcoidei,Teleostei
Lycodes palearis,Lycodes,0.0032,3,2,SL,19.2,,Zoarcidae,Perciformes/Zoarcoidei,Teleostei
Lycodes pallidus,Lycodes,0.00345,3,2,SL,14.6,,Zoarcidae,Perciformes/Zoarcoidei,Teleostei
Lycodes polaris,Lycodes,0.004,3.0713,2,TL,3.8,24.5,Zoarcidae,Perciformes/Zoarcoidei,Teleostei
Lycodes reticulatus,Lycodes,0.002705,3.31005,2,NG,,,Zoarcidae,Perciformes/Zoarcoidei,Teleostei
Lycodes rossi,Lycodes,0.0051,2.9575,1,NG,,,Zoarcidae,Perciformes/Zoarcoidei,Teleostei
Lycodes turneri,Lycodes,0.00525,3,2,SL,13.8,,Zoarcidae,Perciformes/Zoarcoidei,Teleostei
Chriodorus atherinoides,Chriodorus,0.00402,3.25,6,TL,3.8,26,Hemiramphidae,Beloniformes,Teleostei
Hemiramphus saltator,Hemiramphus,0.0226,2.4046,1,TL,23.3,48,Hemiramphidae,Beloniformes,Teleostei
Strongylura notata,Strongylura,0.001815,2.8405,4,SL,1.2,59,Belonidae,Beloniformes,Teleostei
Cyprinodon variegatus,Cyprinodon,0.0233,3.35,1,SL,0.9,3.5,Cyprinodontidae,Cyprinodontiformes,Teleostei
Floridichthys carpio,Floridichthys,0.02985,3,2,SL,3.6,,Cyprinodontidae,Cyprinodontiformes,Teleostei
Fundulus chrysotus,Fundulus,0.0207,2.94,1,SL,0.7,6.5,Fundulidae,Cyprinodontiformes,Teleostei
Fundulus confluentus,Fundulus,0.019,3.02,1,SL,0.8,6.8,Fundulidae,Cyprinodontiformes,Teleostei
Fundulus diaphanus,Fundulus,0.00132,3.25,1,FL,2.54,9.65,Fundulidae,Cyprinodontiformes,Teleostei
Fundulus heteroclitus,Fundulus,0.00771,3.2214,11,TL,1.7,12.5,Fundulidae,Cyprinodontiformes,Teleostei
Fundulus luciae,Fundulus,0.00241,3.01,1,SL,,,Fundulidae,Cyprinodontiformes,Teleostei
Fundulus majalis,Fundulus,0.0154,3,2,SL,8.2,,Fundulidae,Cyprinodontiformes,Teleostei
Fundulus notatus,Fundulus,0.0071,3.173,1,TL,3.1,6.2,Fundulidae,Cyprinodontiformes,Teleostei
Fundulus parvipinnis,Fundulus,0.012855,3.39,2,SL,2.3,9.2,Fundulidae,Cyprinodontiformes,Teleostei
Jordanella floridae,Jordanella,0.034,3.01,3,SL,0.7,4.5,Cyprinodontidae,Cyprinodontiformes,Teleostei
Lucania goodei,Lucania,0.0196,2.85,3,SL,0.4,4.2,Fundulidae,Cyprinodontiformes,Teleostei
Lucania parva,Lucania,0.023,3.598,3,SL,1,4.5,Fundulidae,Cyprinodontiformes,Teleostei
Belonesox belizanus,Belonesox,0.00718,3.2,1,SL,1.9,6.8,Poeciliidae,Cyprinodontiformes,Teleostei
Gambusia affinis,Gambusia,0.008795,3.2327,16,TL,1,5.1,Poeciliidae,Cyprinodontiformes,Teleostei
Heterandria formosa,Heterandria,0.0195,2.8,3,SL,0.5,2.7,Poeciliidae,Cyprinodontiformes,Teleostei
Poecilia latipinna,Poecilia,0.026,2.88,3,SL,0.6,5.4,Poeciliidae,Cyprinodontiformes,Teleostei
Poecilia mexicana,Poecilia,0.01005,3.1015,4,TL,2.1,9.9,Poeciliidae,Cyprinodontiformes,Teleostei
Poecilia reticulata,Poecilia,0.016,3.002,9,SL,0.63,4.6,Poeciliidae,Cyprinodontiformes,Teleostei
Poeciliopsis gracilis,Poeciliopsis,0.0142,2.936,3,TL,1.5,9,Poeciliidae,Cyprinodontiformes,Teleostei
Xiphophorus hellerii,Xiphophorus,0.01555,2.858,4,TL,1.8,10.1,Poeciliidae,Cyprinodontiformes,Teleostei
Xiphophorus maculatus,Xiphophorus,0.0236,3,1,SL,1.3,4.2,Poeciliidae,Cyprinodontiformes,Teleostei
Atherinomorus stipes,Atherinomorus,0.00705,3.225,4,SL,1.4,7.7,Atherinidae,Atheriniformes,Teleostei
Atherinops affinis,Atherinops,0.04,2.5,2,SL,4.4,17.7,Atherinopsidae,Atheriniformes,Teleostei
Atherinopsis californiensis,Atherinopsis,0.01,2.92,2,SL,2,7.8,Atherinopsidae,Atheriniformes,Teleostei
Labidesthes sicculus,Labidesthes,0.0051,2.912,1,TL,2.6,9.2,Atherinopsidae,Atheriniformes,Teleostei
Membras martinica,Membras,0.00735,3,2,SL,6.3,,Atherinopsidae,Atheriniformes,Teleostei
Menidia beryllina,Menidia,0.0068,3,2,SL,4.9,,Atherinopsidae,Atheriniformes,Teleostei
Menidia peninsulae,Menidia,0.014,2.747,1,SL,1.6,3.7,Atherinopsidae,Atheriniformes,Teleostei
Neoniphon coruscum,Neoniphon,0.0161,3.069,3,TL,3.4,13.6,Holocentridae,Holocentriformes,Teleostei
Neoniphon vexillarium,Neoniphon,0.0158,3.0514,1,TL,3.5,10.5,Holocentridae,Holocentriformes,Teleostei
Zenopsis nebulosa,Zenopsis,0.021,2.9113,3,TL,11.5,60,Zeidae,Zeiformes,Teleostei
Xenolepidichthys dalgleishi,Xenolepidichthys,0.02451,2.891,1,TL,7.95,17.45,Grammicolepididae,Zeiformes,Teleostei
Antigonia capros,Antigonia,0.042725,2.875,6,TL,4,20.5,Antigoniidae,Acanthuriformes,Teleostei
Antigonia combatia,Antigonia,0.021115,3.106,2,TL,3.5,15.5,Antigoniidae,Acanthuriformes,Teleostei
Eumecichthys fiski,Eumecichthys,0.0031,3,1,TL,,,Lophotidae,Lampriformes,Teleostei
Lophotus lacepede,Lophotus,0.00291,3,2,TL,100,146,Lophotidae,Lampriformes,Teleostei
Trachipterus arcticus,Trachipterus,0.00183,3,1,TL,155,155,Trachipteridae,Lampriformes,Teleostei
Apeltes quadracus,Apeltes,0.0114,3,2,SL,4.5,,Gasterosteidae,Perciformes/Gasterosteoidei,Teleostei
Aulorhynchus flavidus,Aulorhynchus,0.00044,3.43,1,TL,5.5,18.8,Aulorhynchidae,Perciformes/Gasterosteoidei,Teleostei
Pungitius pungitius,Pungitius,0.01102,3,3,TL,2.7,6.8,Gasterosteidae,Perciformes/Gasterosteoidei,Teleostei
Fistularia tabacaria,Fistularia,0.002745,2.92,2,TL,57.5,141.89999,Fistulariidae,Syngnathiformes,Teleostei
Fistularia petimba,Fistularia,3e-04,3.158,5,TL,19,97,Fistulariidae,Syngnathiformes,Teleostei
Syngnathus auliscus,Syngnathus,2e-04,3.29,1,SL,5.67,14.61,Syngnathidae,Syngnathiformes,Teleostei
Syngnathus leptorhynchus,Syngnathus,2e-04,3.12,1,TL,6.8,38.5,Syngnathidae,Syngnathiformes,Teleostei
Syngnathus pelagicus,Syngnathus,0.0198,2.66,1,FL,6,21,Syngnathidae,Syngnathiformes,Teleostei
Syngnathus scovelli,Syngnathus,0.00065,3,2,SL,9.4,,Syngnathidae,Syngnathiformes,Teleostei
Morone chrysops,Morone,0.0163,3.132,1,SL,10.3,26.1,Moronidae,Eupercaria/misc,Teleostei
Morone mississippiensis,Morone,0.0469,2.7,1,,,,Moronidae,Eupercaria/misc,Teleostei
Stereolepis gigas,Stereolepis,0.02214,3,1,TL,226,226,Stereolepididae,Acropomatiformes,Teleostei
Pronotogrammus multifasciatus,Pronotogrammus,0.011,3.16,1,TL,8,28.5,Anthiadidae,Perciformes/Serranoidei,Teleostei
Centropristis ocyurus,Centropristis,0.0878,2.599,1,TL,19.2,29.9,Serranidae,Perciformes/Serranoidei,Teleostei
Centropristis philadelphica,Centropristis,0.0254,3,3,SL,9.7,23.5,Serranidae,Perciformes/Serranoidei,Teleostei
Diplectrum bivittatum,Diplectrum,0.01685,3.1032,2,TL,4.3,15.6,Serranidae,Perciformes/Serranoidei,Teleostei
Dermatolepis inermis,Dermatolepis,0.0111,3.243,3,TL,33.1,92.5,Epinephelidae,Perciformes/Serranoidei,Teleostei
Pronotogrammus martinicensis,Pronotogrammus,0.05486,2.785,1,SL,2.9,14.3,Anthiadidae,Perciformes/Serranoidei,Teleostei
Hypoplectrus unicolor,Hypoplectrus,0.0109,3.182,1,FL,10.9,17,Serranidae,Perciformes/Serranoidei,Teleostei
Mycteroperca jordani,Mycteroperca,0.01873,3,1,TL,137,137,Epinephelidae,Perciformes/Serranoidei,Teleostei
Mycteroperca xenarcha,Mycteroperca,0.01838,3,1,TL,127,127,Epinephelidae,Perciformes/Serranoidei,Teleostei
Paralabrax clathratus,Paralabrax,0.00273,3.27,1,TL,,,Serranidae,Perciformes/Serranoidei,Teleostei
Paralabrax maculatofasciatus,Paralabrax,0.01815,2.939,6,SL,2.22,33,Serranidae,Perciformes/Serranoidei,Teleostei
Paralabrax nebulifer,Paralabrax,0.01988,3,1,TL,67,67,Serranidae,Perciformes/Serranoidei,Teleostei
Serranus atrobranchus,Serranus,0.0252,2.79,1,TL,,,Serranidae,Perciformes/Serranoidei,Teleostei
Serranus baldwini,Serranus,0.0129,3.036,1,FL,5.1,5.1,Serranidae,Perciformes/Serranoidei,Teleostei
Serranus phoebe,Serranus,0.02055,3,2,SL,11.1,,Serranidae,Perciformes/Serranoidei,Teleostei
Serranus tigrinus,Serranus,0.0145,3.048,1,FL,3,28.8,Serranidae,Perciformes/Serranoidei,Teleostei
Rypticus maculatus,Rypticus,0.019,3,1,SL,6.4,8.9,Grammistidae,Perciformes/Serranoidei,Teleostei
Ambloplites cavifrons,Ambloplites,0.01108,3,1,TL,31,31,Centrarchidae,Centrarchiformes,Teleostei
Ambloplites ariommus,Ambloplites,0.0319,3,1,TL,26,30.5,Centrarchidae,Centrarchiformes,Teleostei
Ambloplites constellatus,Ambloplites,0.0206,3,1,TL,27.9,27.9,Centrarchidae,Centrarchiformes,Teleostei
Ambloplites rupestris,Ambloplites,0.0297,3.014,14,SL,4.7,26.5,Centrarchidae,Centrarchiformes,Teleostei
Archoplites interruptus,Archoplites,0.02305,2.9875,4,,,,Centrarchidae,Centrarchiformes,Teleostei
Centrarchus macropterus,Centrarchus,0.02845,3,1,TL,27,27,Centrarchidae,Centrarchiformes,Teleostei
Elassoma evergladei,Elassoma,0.0253,3.15,1,SL,0.7,3.1,Elassomatidae,Centrarchiformes,Teleostei
Enneacanthus gloriosus,Enneacanthus,0.0299,2.99,1,SL,1.2,5.8,Centrarchidae,Centrarchiformes,Teleostei
Lepomis auritus,Lepomis,0.0156,3.0006,3,TL,4.5,23.2,Centrarchidae,Centrarchiformes,Teleostei
Lepomis cyanellus,Lepomis,0.0199,3.19,11,TL,3.5,26.7,Centrarchidae,Centrarchiformes,Teleostei
Lepomis gibbosus,Lepomis,0.0128,3.2185,16,TL,1.5,22.1,Centrarchidae,Centrarchiformes,Teleostei
Lepomis gulosus,Lepomis,0.0285,3.204,7,TL,4.1,27.4,Centrarchidae,Centrarchiformes,Teleostei
Lepomis humilis,Lepomis,0.002855,2.9005,2,TL,2.5,17.5,Centrarchidae,Centrarchiformes,Teleostei
Lepomis macrochirus,Lepomis,0.01312,3.133,67,TL,1.6,28,Centrarchidae,Centrarchiformes,Teleostei
Lepomis marginatus,Lepomis,0.025,3.12,1,SL,1,5.7,Centrarchidae,Centrarchiformes,Teleostei
Lepomis megalotis,Lepomis,0.0519,2.88,11,TL,4.3,18,Centrarchidae,Centrarchiformes,Teleostei
Lepomis microlophus,Lepomis,0.0165,3.0595,10,TL,1.1,30.6,Centrarchidae,Centrarchiformes,Teleostei
Lepomis punctatus,Lepomis,0.0252,3.13,1,SL,1.1,9,Centrarchidae,Centrarchiformes,Teleostei
Micropterus coosae,Micropterus,0.014055,3.078,2,SL,5.1,25.4,Centrarchidae,Centrarchiformes,Teleostei
Micropterus dolomieu,Micropterus,0.01301,3.0765,26,TL,3.2,48.8,Centrarchidae,Centrarchiformes,Teleostei
Micropterus notius,Micropterus,0.02734,3,1,TL,40,40,Centrarchidae,Centrarchiformes,Teleostei
Micropterus punctulatus,Micropterus,0.0124,3.09,9,TL,4.5,46,Centrarchidae,Centrarchiformes,Teleostei
Micropterus salmoides,Micropterus,0.0103,3.101,74,TL,1,62.7,Centrarchidae,Centrarchiformes,Teleostei
Micropterus treculii,Micropterus,0.01716,3,1,TL,46,46,Centrarchidae,Centrarchiformes,Teleostei
Pomoxis annularis,Pomoxis,0.00991,3.114,45,TL,4.8,41,Centrarchidae,Centrarchiformes,Teleostei
Pomoxis nigromaculatus,Pomoxis,0.01295,3.07,20,TL,2.5,39.4,Centrarchidae,Centrarchiformes,Teleostei
Etheostoma blennioides,Etheostoma,0.0088,3.09,1,TL,3.2,9.6,Percidae,Perciformes/Percoidei,Teleostei
Etheostoma caeruleum,Etheostoma,0.00608,3.175,2,FL,3.1,5.7,Percidae,Perciformes/Percoidei,Teleostei
Etheostoma flabellare,Etheostoma,0.00347,2.89,3,TL,3,7.8,Percidae,Perciformes/Percoidei,Teleostei
Etheostoma juliae,Etheostoma,0.01375,3.161,2,SL,,,Percidae,Perciformes/Percoidei,Teleostei
Etheostoma nigrum,Etheostoma,0.00365,3.145,2,FL,2.9,6.1,Percidae,Perciformes/Percoidei,Teleostei
Etheostoma sagitta,Etheostoma,0.00032,3.44,1,FL,3.2,8.7,Percidae,Perciformes/Percoidei,Teleostei
Etheostoma spectabile,Etheostoma,0.00056,3.339,1,TL,,,Percidae,Perciformes/Percoidei,Teleostei
Etheostoma variatum,Etheostoma,0.0089,3.14,1,TL,3.2,9.3,Percidae,Perciformes/Percoidei,Teleostei
Etheostoma zonale,Etheostoma,0.0091,3.123,2,TL,3.2,6.2,Percidae,Perciformes/Percoidei,Teleostei
Percina caprodes,Percina,0.0053,3.21,1,TL,4.7,16.9,Percidae,Perciformes/Percoidei,Teleostei
Percina maculata,Percina,0.00535,3.2715,2,TL,2.4,9.4,Percidae,Perciformes/Percoidei,Teleostei
Percina phoxocephala,Percina,0.0069,3.148,1,TL,3,8.87,Percidae,Perciformes/Percoidei,Teleostei
Sander canadensis,Sander,0.010575,3.0215,2,,,,Percidae,Perciformes/Percoidei,Teleostei
Cookeolus japonicus,Cookeolus,0.0306,2.85,2,TL,15,55,Priacanthidae,Eupercaria/misc,Teleostei
Pristigenys serrula,Pristigenys,0.042,2.88,1,TL,4,28.6,Priacanthidae,Eupercaria/misc,Teleostei
Apogon maculatus,Apogon,0.0158,3.073,1,FL,1.6,6.5,Apogonidae,Kurtiformes,Teleostei
Apogon pseudomaculatus,Apogon,0.02,2.943,1,FL,1.8,6.8,Apogonidae,Kurtiformes,Teleostei
Astrapogon alutus,Astrapogon,0.02998,2.53,1,TL,2.4,10.2,Apogonidae,Kurtiformes,Teleostei
Astrapogon stellatus,Astrapogon,0.017,3.077,1,TL,5.7,5.7,Apogonidae,Kurtiformes,Teleostei
Phaeoptyx pigmentaria,Phaeoptyx,0.008305,3.3132,2,FL,2.5,6,Apogonidae,Kurtiformes,Teleostei
Caulolatilus princeps,Caulolatilus,0.0239,3,1,TL,62.2,62.2,Latilidae,Eupercaria/misc,Teleostei
Malacanthus plumieri,Malacanthus,0.0223,2.6675,6,TL,28.5,69.5,Malacanthidae,Eupercaria/misc,Teleostei
Rachycentron canadum,Rachycentron,0.00562,3.088,13,TL,11,165,Rachycentridae,Carangiformes,Teleostei
Remora brachyptera,Remora,0.008,3,2,SL,13.6,,Echeneidae,Carangiformes,Teleostei
Nematistius pectoralis,Nematistius,0.01313,2.96,2,TL,7.5,162,Nematistiidae,Carangiformes,Teleostei
Platycephalus speculator,Platycephalus,0.0029,3.1432,3,TL,,,Platycephalidae,Perciformes/Scorpaenoidei,Teleostei
Brama caribbea,Brama,0.0011,3.609,1,TL,,,Bramidae,Scombriformes,Teleostei
Brama japonica,Brama,0.026,2.9,1,FL,11.9,52.8,Bramidae,Scombriformes,Teleostei
Brama orcini,Brama,0.066,2.6289,3,FL,15.5,42,Bramidae,Scombriformes,Teleostei
Taractichthys longipinnis,Taractichthys,0.0332,3,2,TL,42,61,Bramidae,Scombriformes,Teleostei
Taractichthys steindachneri,Taractichthys,0.047,2.73,1,FL,,,Bramidae,Scombriformes,Teleostei
Diapterus auratus,Diapterus,0.0139,3.04,11,TL,1.7,42.8,Gerreidae,Eupercaria/misc,Teleostei
Eucinostomus gracilis,Eucinostomus,0.01115,3.25,8,TL,1.09,20.1,Gerreidae,Eupercaria/misc,Teleostei
Ulaema lefroyi,Ulaema,0.0075,3.21,2,TL,2,19.5,Gerreidae,Eupercaria/misc,Teleostei
Eucinostomus jonesii,Eucinostomus,0.092,2.65,3,FL,1.6,14.9,Gerreidae,Eupercaria/misc,Teleostei
Anisotremus davidsonii,Anisotremus,0.0188,3,1,TL,35.6,46.2,Haemulidae,Eupercaria/misc,Teleostei
Microlepidotus inornatus,Microlepidotus,0.0151,2.93,1,TL,11.7,20.9,Haemulidae,Eupercaria/misc,Teleostei
Calamus brachysomus,Calamus,0.20235,2.927,2,FL,9,25,Sparidae,Eupercaria/misc,Teleostei
Lagodon rhomboides,Lagodon,0.0269,3.068,15,SL,1.2,32.4,Sparidae,Eupercaria/misc,Teleostei
Aplodinotus grunniens,Aplodinotus,0.00483,3.08,3,TL,5.9,80,Sciaenidae,Eupercaria/misc,Teleostei
Atractoscion nobilis,Atractoscion,0.0123,2.942,1,TL,,,Sciaenidae,Eupercaria/misc,Teleostei
Cheilotrema saturnum,Cheilotrema,0.013,3.106,1,TL,21.3,33.2,Sciaenidae,Eupercaria/misc,Teleostei
Cynoscion parvipinnis,Cynoscion,0.00968,3,1,TL,54,68.6,Sciaenidae,Eupercaria/misc,Teleostei
Cynoscion xanthulus,Cynoscion,0.00434,3.204,1,,,,Sciaenidae,Eupercaria/misc,Teleostei
Pareques acuminatus,Pareques,0.00871,3.202,1,TL,2.8,19.9,Sciaenidae,Eupercaria/misc,Teleostei
Eques lanceolatus,Eques,0.00109,3.844,1,TL,9.3,22.3,Sciaenidae,Eupercaria/misc,Teleostei
Menticirrhus undulatus,Menticirrhus,0.0455,2.554,4,TL,12,61,Sciaenidae,Eupercaria/misc,Teleostei
Roncador stearnsii,Roncador,0.0153,3,1,TL,48.3,48.3,Sciaenidae,Eupercaria/misc,Teleostei
Seriphus politus,Seriphus,0.0123,3.09,1,SL,,,Sciaenidae,Eupercaria/misc,Teleostei
Umbrina roncador,Umbrina,0.0118,2.9905,2,TL,4,55.9,Sciaenidae,Eupercaria/misc,Teleostei
Pseudupeneus grandisquamis,Pseudupeneus,0.006,3.26,5,TL,6,23.6,Mullidae,Mulliformes,Teleostei
Pempheris schomburgkii,Pempheris,0.0302,2.846,2,FL,4.2,13,Pempheridae,Acropomatiformes,Teleostei
Girella nigricans,Girella,0.0151,3.36,1,SL,2.01,12.87,Girellidae,Centrarchiformes,Teleostei
Kyphosus azureus,Kyphosus,0.0194,3.23,1,SL,3.52,8.24,Kyphosidae,Centrarchiformes,Teleostei
Medialuna californiensis,Medialuna,0.01805,3,2,SL,21.5,,Scorpididae,Centrarchiformes,Teleostei
Chaetodipterus zonatus,Chaetodipterus,0.0597,2.731,3,TL,6.2,20.5,Ephippidae,Acanthuriformes,Teleostei
Chaetodon capistratus,Chaetodon,0.022,3.19,3,TL,1.3,12,Chaetodontidae,Acanthuriformes,Teleostei
Chaetodon ocellatus,Chaetodon,0.0318,2.984,1,TL,10.3,18.1,Chaetodontidae,Acanthuriformes,Teleostei
Chaetodon sedentarius,Chaetodon,0.0252,3.0759,1,TL,3.7,13.4,Chaetodontidae,Acanthuriformes,Teleostei
Chaetodon striatus,Chaetodon,0.0256,3.06,2,TL,2.3,14.3,Chaetodontidae,Acanthuriformes,Teleostei
Holacanthus bermudensis,Holacanthus,0.0319,2.899,1,TL,6.9,42.7,Pomacanthidae,Acanthuriformes,Teleostei
Holacanthus ciliaris,Holacanthus,0.0336,2.9,1,TL,2.9,35,Pomacanthidae,Acanthuriformes,Teleostei
Holacanthus tricolor,Holacanthus,0.03155,2.992,2,TL,4.2,21.3,Pomacanthidae,Acanthuriformes,Teleostei
Pentaceros richardsoni,Pentaceros,0.0165,3,1,TL,38,38,Pentacerotidae,Acropomatiformes,Teleostei
Astronotus ocellatus,Astronotus,0.03765,2.99755,2,SL,9.5,28,Cichlidae,Cichliformes,Teleostei
Amatitlania nigrofasciata,Amatitlania,0.03563,3,2,SL,8.9,12,Cichlidae,Cichliformes,Teleostei
Heros severus,Heros,0.1981,2.528,1,SL,7,18,Cichlidae,Cichliformes,Teleostei
Amphistichus argenteus,Amphistichus,0.02855,3,4,SL,10.4,41,Embiotocidae,Ovalentaria/misc,Teleostei
Amphistichus koelzi,Amphistichus,0.02215,3,2,SL,18.5,,Embiotocidae,Ovalentaria/misc,Teleostei
Amphistichus rhodoterus,Amphistichus,0.012,3.12,3,TL,7.5,36,Embiotocidae,Ovalentaria/misc,Teleostei
Brachyistius frenatus,Brachyistius,0.01905,3,2,SL,10,,Embiotocidae,Ovalentaria/misc,Teleostei
Embiotoca jacksoni,Embiotoca,0.0616,2.8636,1,SL,7.5,22,Embiotocidae,Ovalentaria/misc,Teleostei
Hyperprosopon ellipticum,Hyperprosopon,0.01915,3,2,SL,7.1,,Embiotocidae,Ovalentaria/misc,Teleostei
Micrometrus aurora,Micrometrus,0.0167,3,2,SL,6.2,,Embiotocidae,Ovalentaria/misc,Teleostei
Micrometrus minimus,Micrometrus,0.0251,3,2,SL,3.3,,Embiotocidae,Ovalentaria/misc,Teleostei
Hypsypops rubicundus,Hypsypops,0.0351,3,2,SL,15.9,,Pomacentridae,Ovalentaria/misc,Teleostei
Stegastes fuscus,Stegastes,0.02,2.96,3,FL,1.3,11,Pomacentridae,Ovalentaria/misc,Teleostei
Stegastes leucostictus,Stegastes,0.029,2.87905,2,FL,2.2,8.9,Pomacentridae,Ovalentaria/misc,Teleostei
Stegastes partitus,Stegastes,0.0182,3.152,1,FL,1.4,6.9,Pomacentridae,Ovalentaria/misc,Teleostei
Stegastes planifrons,Stegastes,0.0379,2.857,1,FL,1.4,10.5,Pomacentridae,Ovalentaria/misc,Teleostei
Stegastes variabilis,Stegastes,0.0156,3.13,1,TL,2,7.5,Pomacentridae,Ovalentaria/misc,Teleostei
Amblycirrhitus pinos,Amblycirrhitus,0.00257,3.427,1,FL,27.5,45.2,Cirrhitidae,Centrarchiformes,Teleostei
Doratonotus megalepis,Doratonotus,0.0292,2.86,1,SL,2.3,6.5,Labridae,Eupercaria/misc,Teleostei
Halichoeres bivittatus,Halichoeres,0.0105,3.0933,3,TL,3,15.2,Labridae,Eupercaria/misc,Teleostei
Halichoeres garnoti,Halichoeres,0.00519,3.375,1,TL,2.6,10.5,Labridae,Eupercaria/misc,Teleostei
Halichoeres maculipinna,Halichoeres,0.00276,3.693,1,TL,1.5,9.7,Labridae,Eupercaria/misc,Teleostei
Halichoeres poeyi,Halichoeres,0.0095,3.07,3,TL,1.8,18.3,Labridae,Eupercaria/misc,Teleostei
Xyrichtys martinicensis,Xyrichtys,0.018,3.078,1,TL,2.5,6.2,Labridae,Eupercaria/misc,Teleostei
Xyrichtys splendens,Xyrichtys,0.012425,3.0295,2,SL,2.7,13.7,Labridae,Eupercaria/misc,Teleostei
Oxyjulis californica,Oxyjulis,0.0194,3,2,SL,20.5,,Labridae,Eupercaria/misc,Teleostei
Bodianus pulcher,Bodianus,0.0289,3,1,TL,69.8,76.2,Labridae,Eupercaria/misc,Teleostei
Tautogolabrus adspersus,Tautogolabrus,0.0125,3.085,4,TL,8,44,Labridae,Eupercaria/misc,Teleostei
Thalassoma bifasciatum,Thalassoma,0.0109,2.978,2,FL,1.5,11.8,Labridae,Eupercaria/misc,Teleostei
Cryptotomus roseus,Cryptotomus,0.00645,3.3426,2,TL,3.2,10.7,Scaridae,Eupercaria/misc,Teleostei
Sparisoma atomarium,Sparisoma,0.0121,3.028,1,TL,6.2,8.6,Scaridae,Eupercaria/misc,Teleostei
Sparisoma radians,Sparisoma,0.0095,3.21,3,TL,2.2,20,Scaridae,Eupercaria/misc,Teleostei
Sphyraena argentea,Sphyraena,0.0049,3,1,TL,83,83,Sphyraenidae,Carangaria/misc,Teleostei
Polydactylus approximans,Polydactylus,0.0077,3.0545,4,TL,5,36.8,Polynemidae,Carangaria/misc,Teleostei
Polydactylus opercularis,Polydactylus,0.01,2.934,1,TL,12.6,29.6,Polynemidae,Carangaria/misc,Teleostei
Opistognathus whitehursti,Opistognathus,0.00931,2.99,1,TL,14.4,14.4,Opistognathidae,Ovalentaria/misc,Teleostei
Bathymaster caeruleofasciatus,Bathymaster,0.01125,3,2,SL,13.9,,Bathymasteridae,Perciformes/Zoarcoidei,Teleostei
Bathymaster leurolepis,Bathymaster,0.0102,3,2,SL,18.2,,Bathymasteridae,Perciformes/Zoarcoidei,Teleostei
Bathymaster signatus,Bathymaster,0.0085,3,2,SL,21.2,,Bathymasteridae,Perciformes/Zoarcoidei,Teleostei
Ronquilus jordani,Ronquilus,0.0076,3,2,SL,10.4,,Bathymasteridae,Perciformes/Zoarcoidei,Teleostei
Bembrops anatirostris,Bembrops,0.00206,3.33,1,TL,7.1,31.7,Bembropidae,Perciformes/Bembropoidei,Teleostei
Bembrops gobioides,Bembrops,0.0039,3.203,1,SL,8.8,23.4,Bembropidae,Perciformes/Bembropoidei,Teleostei
Astroscopus guttatus,Astroscopus,0.00595,3,1,TL,43,43,Uranoscopidae,Perciformes/Uranoscopoidei,Teleostei
Kathetostoma albigutta,Kathetostoma,0.0303,3,2,SL,9.9,,Uranoscopidae,Perciformes/Uranoscopoidei,Teleostei
Kathetostoma averruncus,Kathetostoma,0.02725,3.038,2,TL,8,31,Uranoscopidae,Perciformes/Uranoscopoidei,Teleostei
Acanthemblemaria aspera,Acanthemblemaria,0.00771,2.962,1,TL,3,3,Chaenopsidae,Blenniiformes,Teleostei
Enneanectes jordani,Enneanectes,0.0142,3.049,1,TL,2.3,3.4,Tripterygiidae,Blenniiformes,Teleostei
Gibbonsia elegans,Gibbonsia,0.00857,3.104,1,SL,1.86,13.18,Clinidae,Blenniiformes,Teleostei
Gibbonsia metzi,Gibbonsia,0.0103,3,2,SL,6.7,,Clinidae,Blenniiformes,Teleostei
Heterostichus rostratus,Heterostichus,0.00221,3.39,1,TL,,,Clinidae,Blenniiformes,Teleostei
Pontinus longispinis,Pontinus,0.01005,3.094,2,TL,2.6,31.6,Scorpaenidae,Perciformes/Scorpaenoidei,Teleostei
Labrisomus nuchipinnis,Labrisomus,0.0084,3.2,1,TL,2.5,13.5,Labrisomidae,Blenniiformes,Teleostei
Pontinus nematophthalmus,Pontinus,0.00938,2.99,1,TL,2.3,15.5,Scorpaenidae,Perciformes/Scorpaenoidei,Teleostei
Malacoctenus macropus,Malacoctenus,0.0212,2.4715,2,TL,2.5,5,Labrisomidae,Blenniiformes,Teleostei
Malacoctenus triangulatus,Malacoctenus,0.00891,3,1,TL,4.1,5.3,Labrisomidae,Blenniiformes,Teleostei
Paraclinus fasciatus,Paraclinus,0.0145,2.84,1,TL,2,4,Labrisomidae,Blenniiformes,Teleostei
Paraclinus integripinnis,Paraclinus,0.0146,2.863,1,SL,1.48,4.74,Labrisomidae,Blenniiformes,Teleostei
Starksia ocellata,Starksia,0.0122,3,1,TL,1,4.5,Labrisomidae,Blenniiformes,Teleostei
Hypleurochilus bermudensis,Hypleurochilus,0.0123,3.033,1,TL,2.4,4.7,Blenniidae,Blenniiformes,Teleostei
Hypsoblennius gentilis,Hypsoblennius,0.0112,2.979,1,TL,2.18,6.77,Blenniidae,Blenniiformes,Teleostei
Hypsoblennius gilberti,Hypsoblennius,0.0133,3.101,1,SL,1.17,11.64,Blenniidae,Blenniiformes,Teleostei
Scartella cristata,Scartella,0.01811,2.842,2,TL,2.1,7.3,Blenniidae,Blenniiformes,Teleostei
Acantholumpenus mackayi,Acantholumpenus,0.00228,2.898,2,SL,,,Lumpenidae,Perciformes/Zoarcoidei,Teleostei
Alectrias alectrolophus,Alectrias,0.00465,3,2,SL,9.8,,Stichaeidae,Perciformes/Zoarcoidei,Teleostei
Alectridium aurantiacum,Alectridium,0.00565,3,2,SL,7.3,,Stichaeidae,Perciformes/Zoarcoidei,Teleostei
Anoplarchus insignis,Anoplarchus,0.004,3,2,SL,10.2,,Stichaeidae,Perciformes/Zoarcoidei,Teleostei
Anoplarchus purpurescens,Anoplarchus,0.0073,3,2,SL,9,,Stichaeidae,Perciformes/Zoarcoidei,Teleostei
Bryozoichthys marjorius,Bryozoichthys,0.0055,3,2,SL,15.2,,Stichaeidae,Perciformes/Zoarcoidei,Teleostei
Chirolophis decoratus,Chirolophis,0.00775,3,2,SL,20.6,,Stichaeidae,Perciformes/Zoarcoidei,Teleostei
Chirolophis nugator,Chirolophis,0.00535,3,2,SL,9.2,,Stichaeidae,Perciformes/Zoarcoidei,Teleostei
Eumesogrammus praecisus,Eumesogrammus,0.003285,3.325,4,FL,,,Stichaeidae,Perciformes/Zoarcoidei,Teleostei
Lumpenella longirostris,Lumpenella,0.0027,3,2,SL,17.6,,Lumpenidae,Perciformes/Zoarcoidei,Teleostei
Lumpenus fabricii,Lumpenus,0.010845,2.5095,4,TL,,,Lumpenidae,Perciformes/Zoarcoidei,Teleostei
Leptoclinus maculatus,Leptoclinus,0.00126,3.34,5,TL,10.3,16.7,Lumpenidae,Perciformes/Zoarcoidei,Teleostei
Anisarchus medius,Anisarchus,0.00276,2.9946,1,TL,,,Lumpenidae,Perciformes/Zoarcoidei,Teleostei
Lumpenus sagitta,Lumpenus,0.0014,3,2,SL,17.5,,Lumpenidae,Perciformes/Zoarcoidei,Teleostei
Phytichthys chirus,Phytichthys,0.004,3,2,SL,14.9,,Stichaeidae,Perciformes/Zoarcoidei,Teleostei
Plagiogrammus hopkinsii,Plagiogrammus,0.0098,3,2,SL,8.9,,Stichaeidae,Perciformes/Zoarcoidei,Teleostei
Poroclinus rothrocki,Poroclinus,0.0017,3,2,SL,16.8,,Lumpenidae,Perciformes/Zoarcoidei,Teleostei
Stichaeus punctatus,Stichaeus,0.012945,2.745,4,FL,,,Stichaeidae,Perciformes/Zoarcoidei,Teleostei
Xiphister atropurpureus,Xiphister,0.0035,3,2,SL,14.9,,Stichaeidae,Perciformes/Zoarcoidei,Teleostei
Xiphister mucosus,Xiphister,0.00385,3,2,SL,12.7,,Stichaeidae,Perciformes/Zoarcoidei,Teleostei
Apodichthys flavidus,Apodichthys,0.0048,3,2,SL,23.4,,Pholidae,Perciformes/Zoarcoidei,Teleostei
Pholis clemensi,Pholis,0.0014,3,2,SL,6.5,,Pholidae,Perciformes/Zoarcoidei,Teleostei
Pholis gunnellus,Pholis,0.00351,3.0575,2,TL,11.5,25,Pholidae,Perciformes/Zoarcoidei,Teleostei
Pholis laeta,Pholis,0.0038,3,2,SL,14.5,,Pholidae,Perciformes/Zoarcoidei,Teleostei
Pholis ornata,Pholis,0.0031,3,2,SL,13.8,,Pholidae,Perciformes/Zoarcoidei,Teleostei
Pholis schultzi,Pholis,0.0033,3,2,SL,6.3,,Pholidae,Perciformes/Zoarcoidei,Teleostei
Anarhichas denticulatus,Anarhichas,0.078,2.615,1,,,,Anarhichadidae,Perciformes/Zoarcoidei,Teleostei
Anarhichas minor,Anarhichas,0.00172,3.399,1,,,,Anarhichadidae,Perciformes/Zoarcoidei,Teleostei
Anarhichas orientalis,Anarhichas,0.0011,2.9728,1,TL,21,99,Anarhichadidae,Perciformes/Zoarcoidei,Teleostei
Ptilichthys goodei,Ptilichthys,1e-04,3,1,TL,12.5,,Ptilichthyidae,Perciformes/Zoarcoidei,Teleostei
Scytalina cerdale,Scytalina,0.00205,3,2,SL,9.2,,Scytalinidae,Perciformes/Zoarcoidei,Teleostei
Zaprora silenus,Zaprora,0.017,2.922,3,TL,10,90,Zaproridae,Perciformes/Zoarcoidei,Teleostei
Ammodytes americanus,Ammodytes,0.0014,3.321,3,,,,Ammodytidae,Perciformes/Uranoscopoidei,Teleostei
Ammodytes dubius,Ammodytes,0.002,2.994,3,,,,Ammodytidae,Perciformes/Uranoscopoidei,Teleostei
Peristedion gracile,Peristedion,0.005645,3.062,2,TL,8.9,19,Peristediidae,Perciformes/Scorpaenoidei,Teleostei
Peristedion miniatum,Peristedion,0.04719,2.36,1,TL,8.8,26,Peristediidae,Perciformes/Scorpaenoidei,Teleostei
Ammodytes hexapterus,Ammodytes,0.00099,3.4669,1,TL,,,Ammodytidae,Perciformes/Uranoscopoidei,Teleostei
Callionymus bairdi,Callionymus,0.0231,3.121,1,TL,1.6,1.6,Callionymidae,Callionymiformes,Teleostei
Dormitator latifrons,Dormitator,0.0135,3.193,9,SL,1.4,29.6,Eleotridae,Gobiiformes,Teleostei
Dormitator maculatus,Dormitator,0.033,3,2,SL,10.1,,Eleotridae,Gobiiformes,Teleostei
Eleotris picta,Eleotris,0.0119,3.112,2,SL,2.6,43.4,Eleotridae,Gobiiformes,Teleostei
Gobiomorus dormitor,Gobiomorus,0.0094,2.9724,2,TL,2.8,46,Eleotridae,Gobiiformes,Teleostei
Acanthogobius flavimanus,Acanthogobius,0.009905,2.9345,2,TL,5.2,22.5,Gobiidae,Gobiiformes,Teleostei
Bathygobius mystacium,Bathygobius,0.0114,2.94,1,TL,1.1,6,Gobiidae,Gobiiformes,Teleostei
Bathygobius soporator,Bathygobius,0.0166,2.99,9,TL,1.1,11.9,Gobiidae,Gobiiformes,Teleostei
Clevelandia ios,Clevelandia,0.00825,3,2,SL,3.1,,Gobiidae,Gobiiformes,Teleostei
Coryphopterus glaucofraenum,Coryphopterus,0.0131,2.967,3,TL,1.1,6,Gobiidae,Gobiiformes,Teleostei
Rhinogobiops nicholsii,Rhinogobiops,0.01305,3,2,SL,6.9,,Gobiidae,Gobiiformes,Teleostei
Gillichthys mirabilis,Gillichthys,0.02,3.17,1,SL,3.8,11.7,Gobiidae,Gobiiformes,Teleostei
Gnatholepis thompsoni,Gnatholepis,0.00351,3.766,1,TL,1.5,5.2,Gobiidae,Gobiiformes,Teleostei
Gobioides broussonnetii,Gobioides,0.0014,3.46,1,TL,6.1,8,Gobiidae,Gobiiformes,Teleostei
Ctenogobius boleosoma,Ctenogobius,0.0064,3.05,4,TL,1.2,5.9,Gobiidae,Gobiiformes,Teleostei
Ctenogobius sagittula,Ctenogobius,0.014,2.7,4,SL,1.72,17.5,Gobiidae,Gobiiformes,Teleostei
Gobionellus oceanicus,Gobionellus,0.00557,2.87,4,TL,2.3,27,Gobiidae,Gobiiformes,Teleostei
Ctenogobius smaragdus,Ctenogobius,0.004,3.08,1,TL,3.2,9.3,Gobiidae,Gobiiformes,Teleostei
Gobiosoma bosc,Gobiosoma,0.017,3,2,SL,2.4,,Gobiidae,Gobiiformes,Teleostei
Elacatinus oceanops,Elacatinus,0.00799,3.137,1,TL,2.3,4.5,Gobiidae,Gobiiformes,Teleostei
Gobiosoma robustum,Gobiosoma,0.015,3.31,1,SL,1.5,3.5,Gobiidae,Gobiiformes,Teleostei
Lepidogobius lepidus,Lepidogobius,0.00829,3.1,1,SL,,,Gobiidae,Gobiiformes,Teleostei
Lythrypnus dalli,Lythrypnus,0.00992,2.973,1,TL,0.99,4.82,Gobiidae,Gobiiformes,Teleostei
Lythrypnus spilus,Lythrypnus,0.012,2.744,1,TL,1.6,4,Gobiidae,Gobiiformes,Teleostei
Lythrypnus zebra,Lythrypnus,0.02675,3,2,SL,1.4,,Gobiidae,Gobiiformes,Teleostei
Microgobius gulosus,Microgobius,0.00793,3,1,TL,6.1,6.1,Gobiidae,Gobiiformes,Teleostei
Microgobius thalassinus,Microgobius,0.009,3,2,SL,3.2,,Gobiidae,Gobiiformes,Teleostei
Quietula y-cauda,Quietula,0.041,2.47,1,SL,2.29,3.44,Gobiidae,Gobiiformes,Teleostei
Priolepis hipoliti,Priolepis,0.0133,3.041,1,TL,3.6,4.6,Gobiidae,Gobiiformes,Teleostei
Tridentiger trigonocephalus,Tridentiger,0.01222,3.215,4,TL,2.3,8.88,Gobiidae,Gobiiformes,Teleostei
Typhlogobius californiensis,Typhlogobius,0.01425,3,2,SL,5.9,,Gobiidae,Gobiiformes,Teleostei
Neoepinnula orientalis,Neoepinnula,0.00242,3.168,2,TL,14,26.5,Gempylidae,Scombriformes,Teleostei
Nealotus tripes,Nealotus,0.00192,3.216,1,TL,,,Gempylidae,Scombriformes,Teleostei
Benthodesmus elongatus,Benthodesmus,7e-05,3.221,3,TL,27.3,103,Trichiuridae,Scombriformes,Teleostei
Tetrapturus angustirostris,Tetrapturus,0.001015,3.779,2,,,,Istiophoridae,Carangiformes,Teleostei
Hyperoglyphe perciformis,Hyperoglyphe,0.0234,3,1,TL,76.2,86.4,Centrolophidae,Scombriformes,Teleostei
Icichthys lockingtoni,Icichthys,0.0092,3,2,SL,15.8,,Centrolophidae,Scombriformes,Teleostei
Peprilus burti,Peprilus,0.0137,3.12,1,FL,2.5,16.4,Stromateidae,Scombriformes,Teleostei
Icosteus aenigmaticus,Icosteus,0.00597,3,1,TL,160,160,Icosteidae,Scombriformes,Teleostei
Pontinus rathbuni,Pontinus,0.0039,3.398,1,TL,21.6,33.4,Scorpaenidae,Perciformes/Scorpaenoidei,Teleostei
Scorpaena bergii,Scorpaena,0.0085,3.41,1,TL,5,8.5,Scorpaenidae,Perciformes/Scorpaenoidei,Teleostei
Scorpaena guttata,Scorpaena,0.033,2.996,1,TL,10,26,Scorpaenidae,Perciformes/Scorpaenoidei,Teleostei
Scorpaenodes xyris,Scorpaenodes,0.0167,2.925,1,TL,1.24,9.52,Scorpaenidae,Perciformes/Scorpaenoidei,Teleostei
Sebastes aleutianus,Sebastes,0.00613,3.23,3,FL,23,59,Sebastidae,Perciformes/Scorpaenoidei,Teleostei
Sebastes aurora,Sebastes,0.0244,2.832,1,NG,,,Sebastidae,Perciformes/Scorpaenoidei,Teleostei
Sebastes babcocki,Sebastes,0.0209,3,1,TL,59.7,59.7,Sebastidae,Perciformes/Scorpaenoidei,Teleostei
Sebastes borealis,Sebastes,0.0126,3.08,3,FL,19,107,Sebastidae,Perciformes/Scorpaenoidei,Teleostei
Sebastes brevispinis,Sebastes,0.01832,2.924,3,TL,40.6,61,Sebastidae,Perciformes/Scorpaenoidei,Teleostei
Sebastes carnatus,Sebastes,0.0269,3,1,TL,30.5,35.6,Sebastidae,Perciformes/Scorpaenoidei,Teleostei
Sebastes caurinus,Sebastes,0.01746,3,1,TL,53,53,Sebastidae,Perciformes/Scorpaenoidei,Teleostei
Sebastes chlorostictus,Sebastes,0.01465,3.0816,2,NG,36.8,36.8,Sebastidae,Perciformes/Scorpaenoidei,Teleostei
Sebastes ciliatus,Sebastes,0.0175,3,1,TL,41.9,50.8,Sebastidae,Perciformes/Scorpaenoidei,Teleostei
Sebastes constellatus,Sebastes,0.0126,3.0799,2,NG,40.6,40.6,Sebastidae,Perciformes/Scorpaenoidei,Teleostei
Sebastes crameri,Sebastes,0.0295,2.824,1,NG,,,Sebastidae,Perciformes/Scorpaenoidei,Teleostei
Sebastes diploproa,Sebastes,0.0078,3.122,2,NG,41.3,41.3,Sebastidae,Perciformes/Scorpaenoidei,Teleostei
Sebastes elongatus,Sebastes,0.01025,3.06375,2,NG,36.8,36.8,Sebastidae,Perciformes/Scorpaenoidei,Teleostei
Sebastes emphaeus,Sebastes,0.0588,2.687,1,FL,,,Sebastidae,Perciformes/Scorpaenoidei,Teleostei
Sebastes ensifer,Sebastes,0.0132,2.9702,1,NG,,,Sebastidae,Perciformes/Scorpaenoidei,Teleostei
Sebastes eos,Sebastes,0.01735,2.97865,2,NG,53.3,53.3,Sebastidae,Perciformes/Scorpaenoidei,Teleostei
Sebastes fasciatus,Sebastes,0.00829,3.2,3,TL,3,47,Sebastidae,Perciformes/Scorpaenoidei,Teleostei
Sebastes gilli,Sebastes,0.01705,2.99035,2,NG,55.9,66,Sebastidae,Perciformes/Scorpaenoidei,Teleostei
Sebastes goodei,Sebastes,0.0129,3,1,TL,44.5,49.5,Sebastidae,Perciformes/Scorpaenoidei,Teleostei
Sebastes helvomaculatus,Sebastes,0.02485,3,2,SL,19.4,,Sebastidae,Perciformes/Scorpaenoidei,Teleostei
Sebastes hopkinsi,Sebastes,0.0146,2.984,1,NG,,,Sebastidae,Perciformes/Scorpaenoidei,Teleostei
Sebastes jordani,Sebastes,0.0056,3.16,1,NG,,,Sebastidae,Perciformes/Scorpaenoidei,Teleostei
Sebastes levis,Sebastes,0.0119,3.045,2,FL,39.4,99.1,Sebastidae,Perciformes/Scorpaenoidei,Teleostei
Sebastes macdonaldi,Sebastes,0.02965,2.832,2,NG,43.2,55.9,Sebastidae,Perciformes/Scorpaenoidei,Teleostei
Sebastes maliger,Sebastes,0.02966,3,1,TL,48,48,Sebastidae,Perciformes/Scorpaenoidei,Teleostei
Sebastes melanops,Sebastes,0.02111,3,1,TL,60,60,Sebastidae,Perciformes/Scorpaenoidei,Teleostei
Sebastes melanostomus,Sebastes,0.0168,3,1,TL,48.9,70,Sebastidae,Perciformes/Scorpaenoidei,Teleostei
Sebastes miniatus,Sebastes,0.0327,3,1,TL,55,55,Sebastidae,Perciformes/Scorpaenoidei,Teleostei
Sebastes mystinus,Sebastes,0.01727,3,1,TL,41,41,Sebastidae,Perciformes/Scorpaenoidei,Teleostei
Sebastes nebulosus,Sebastes,0.02254,3,1,TL,42,42,Sebastidae,Perciformes/Scorpaenoidei,Teleostei
Sebastes nigrocinctus,Sebastes,0.0288,3,1,TL,42.5,42.5,Sebastidae,Perciformes/Scorpaenoidei,Teleostei
Sebastes ovalis,Sebastes,0.0163,3,1,TL,38.7,38.7,Sebastidae,Perciformes/Scorpaenoidei,Teleostei
Sebastes paucispinis,Sebastes,0.01321,3,1,TL,90,90,Sebastidae,Perciformes/Scorpaenoidei,Teleostei
Sebastes phillipsi,Sebastes,0.0146,3,1,TL,41.9,43.8,Sebastidae,Perciformes/Scorpaenoidei,Teleostei
Sebastes pinniger,Sebastes,0.01379,3,1,TL,69,69,Sebastidae,Perciformes/Scorpaenoidei,Teleostei
Sebastes polyspinis,Sebastes,0.0168,3,2,SL,19.4,,Sebastidae,Perciformes/Scorpaenoidei,Teleostei
Sebastes rastrelliger,Sebastes,0.016,3.025,2,TL,46.4,49.5,Sebastidae,Perciformes/Scorpaenoidei,Teleostei
Sebastes ruberrimus,Sebastes,0.01384,3,1,TL,91,91,Sebastidae,Perciformes/Scorpaenoidei,Teleostei
Sebastes rubrivinctus,Sebastes,0.0298,2.81,2,TL,8.7,46.4,Sebastidae,Perciformes/Scorpaenoidei,Teleostei
Sebastes rufus,Sebastes,0.0151,3,1,TL,50.8,50.8,Sebastidae,Perciformes/Scorpaenoidei,Teleostei
Sebastes saxicola,Sebastes,0.01865,3,2,SL,9.6,,Sebastidae,Perciformes/Scorpaenoidei,Teleostei
Sebastes semicinctus,Sebastes,0.019,2.81,1,TL,6.7,16.5,Sebastidae,Perciformes/Scorpaenoidei,Teleostei
Sebastes serranoides,Sebastes,0.0108,2.968,1,,,,Sebastidae,Perciformes/Scorpaenoidei,Teleostei
Sebastes simulator,Sebastes,0.00412,3.39021,3,TL,,,Sebastidae,Perciformes/Scorpaenoidei,Teleostei
Sebastes umbrosus,Sebastes,0.0214,3,1,TL,29.8,29.8,Sebastidae,Perciformes/Scorpaenoidei,Teleostei
Sebastes zacentrus,Sebastes,0.0189,3,2,SL,23.4,,Sebastidae,Perciformes/Scorpaenoidei,Teleostei
Sebastolobus alascanus,Sebastolobus,0.00508,3.272,4,FL,20,77,Sebastidae,Perciformes/Scorpaenoidei,Teleostei
Bellator brachychir,Bellator,0.0164,3.0165,2,TL,2.8,7.2,Triglidae,Perciformes/Scorpaenoidei,Teleostei
Bellator xenisma,Bellator,0.01285,3,2,SL,7.7,,Triglidae,Perciformes/Scorpaenoidei,Teleostei
Peristedion thompsoni,Peristedion,0.0054,3.079,1,TL,13.5,20,Peristediidae,Perciformes/Scorpaenoidei,Teleostei
Prionotus paralatus,Prionotus,0.0142,3.056,1,SL,7.8,17.5,Triglidae,Perciformes/Scorpaenoidei,Teleostei
Prionotus roseus,Prionotus,0.0122,3.028,1,TL,14.2,14.2,Triglidae,Perciformes/Scorpaenoidei,Teleostei
Prionotus rubio,Prionotus,0.01715,3,2,SL,11.4,,Triglidae,Perciformes/Scorpaenoidei,Teleostei
Prionotus longispinosus,Prionotus,0.0397,2.771,1,SL,3.9,24.7,Triglidae,Perciformes/Scorpaenoidei,Teleostei
Prionotus scitulus,Prionotus,0.00995,3,2,SL,4.4,,Triglidae,Perciformes/Scorpaenoidei,Teleostei
Prionotus stearnsi,Prionotus,0.0193,3,3,TL,4.6,11.9,Triglidae,Perciformes/Scorpaenoidei,Teleostei
Prionotus stephanophrys,Prionotus,0.0152,2.84,5,TL,3.6,30.1,Triglidae,Perciformes/Scorpaenoidei,Teleostei
Prionotus tribulus,Prionotus,0.033,2.8925,2,SL,1.4,14.3,Triglidae,Perciformes/Scorpaenoidei,Teleostei
Erilepis zonifer,Erilepis,0.04747,2.7755,2,TL,10,180,Anoplopomatidae,Perciformes/Cottoidei,Teleostei
Hexagrammos decagrammus,Hexagrammos,0.01558,3,1,TL,45,45,Hexagrammidae,Perciformes/Cottoidei,Teleostei
Hexagrammos lagocephalus,Hexagrammos,0.00655,3.1993,2,TL,23,57,Hexagrammidae,Perciformes/Cottoidei,Teleostei
Hexagrammos stelleri,Hexagrammos,0.00305,3.4278,1,FL,13.6,35.2,Hexagrammidae,Perciformes/Cottoidei,Teleostei
Oxylebius pictus,Oxylebius,0.01365,3,2,SL,12,,Zaniolepididae,Perciformes/Cottoidei,Teleostei
Pleurogrammus monopterygius,Pleurogrammus,0.010595,3.071,2,FL,36,46,Hexagrammidae,Perciformes/Cottoidei,Teleostei
Zaniolepis frenata,Zaniolepis,0.0074,3,2,SL,12.9,,Zaniolepididae,Perciformes/Cottoidei,Teleostei
Zaniolepis latipinnis,Zaniolepis,0.003,3.323,1,TL,9.3,16.3,Zaniolepididae,Perciformes/Cottoidei,Teleostei
Artediellus atlanticus,Artediellus,0.06585,2.1982,2,NG,,,Cottidae,Perciformes/Cottoidei,Teleostei
Artediellus scaber,Artediellus,0.00876,3.3278,1,TL,,,Cottidae,Perciformes/Cottoidei,Teleostei
Artedius fenestralis,Artedius,0.0212,3,2,SL,11.3,,Cottidae,Perciformes/Cottoidei,Teleostei
Artedius harringtoni,Artedius,0.01665,3,2,SL,5.2,,Cottidae,Perciformes/Cottoidei,Teleostei
Artedius lateralis,Artedius,0.01555,3,2,SL,7.4,,Cottidae,Perciformes/Cottoidei,Teleostei
Ascelichthys rhodorus,Ascelichthys,0.02315,3,2,SL,5.6,,Cottidae,Perciformes/Cottoidei,Teleostei
Asemichthys taylori,Asemichthys,0.01255,3,2,SL,5.1,,Cottidae,Perciformes/Cottoidei,Teleostei
Blepsias bilobus,Blepsias,0.0183,3,2,SL,13.6,,Agonidae,Perciformes/Cottoidei,Teleostei
Blepsias cirrhosus,Blepsias,0.0088,3.0278,1,TL,10,19,Agonidae,Perciformes/Cottoidei,Teleostei
Chitonotus pugetensis,Chitonotus,0.0126,3,2,SL,10.1,,Cottidae,Perciformes/Cottoidei,Teleostei
Clinocottus analis,Clinocottus,0.0193,3.078,1,SL,2.24,10.86,Cottidae,Perciformes/Cottoidei,Teleostei
Clinocottus embryum,Clinocottus,0.01875,3,2,SL,3.7,,Cottidae,Perciformes/Cottoidei,Teleostei
Clinocottus globiceps,Clinocottus,0.0229,3.16,1,SL,,,Cottidae,Perciformes/Cottoidei,Teleostei
Clinocottus recalvus,Clinocottus,0.0262,3,2,SL,4.4,,Cottidae,Perciformes/Cottoidei,Teleostei
Cottus asper,Cottus,0.0142,3,2,SL,10.8,,Cottidae,Perciformes/Cottoidei,Teleostei
Cottus asperrimus,Cottus,0.0259,2.8,1,SL,,,Cottidae,Perciformes/Cottoidei,Teleostei
Cottus bairdii,Cottus,0.013,3.03,1,TL,3.6,9.5,Cottidae,Perciformes/Cottoidei,Teleostei
Cottus carolinae,Cottus,0.00231,2.995,1,TL,,,Cottidae,Perciformes/Cottoidei,Teleostei
Cottus klamathensis,Cottus,0.0232,3.1,1,SL,,,Cottidae,Perciformes/Cottoidei,Teleostei
Cottus pitensis,Cottus,0.0216,3.2,1,SL,,,Cottidae,Perciformes/Cottoidei,Teleostei
Dasycottus setiger,Dasycottus,0.0185,3,3,TL,9,73,Psychrolutidae,Perciformes/Cottoidei,Teleostei
Enophrys bison,Enophrys,0.02825,3,2,SL,12,,Cottidae,Perciformes/Cottoidei,Teleostei
Enophrys diceraus,Enophrys,0.0263,3,2,SL,9.7,,Cottidae,Perciformes/Cottoidei,Teleostei
Enophrys lucasi,Enophrys,0.02645,3,2,SL,10.8,,Cottidae,Perciformes/Cottoidei,Teleostei
Enophrys taurina,Enophrys,0.02785,3,2,SL,10.4,,Cottidae,Perciformes/Cottoidei,Teleostei
Gymnocanthus galeatus,Gymnocanthus,0.0074,3.1134,1,TL,19.5,46,Cottidae,Perciformes/Cottoidei,Teleostei
Gymnocanthus tricuspis,Gymnocanthus,0.00573,3.29,3,NG,,,Cottidae,Perciformes/Cottoidei,Teleostei
Hemilepidotus hemilepidotus,Hemilepidotus,0.02824,3,1,TL,34,34,Cottidae,Perciformes/Cottoidei,Teleostei
Hemilepidotus jordani,Hemilepidotus,0.0289,3,1,TL,33,55.9,Cottidae,Perciformes/Cottoidei,Teleostei
Hemilepidotus spinosus,Hemilepidotus,0.0155,3,2,SL,10.2,,Cottidae,Perciformes/Cottoidei,Teleostei
Hemilepidotus zapus,Hemilepidotus,0.2103,2.2071,1,TL,11.5,26,Cottidae,Perciformes/Cottoidei,Teleostei
Hemitripterus americanus,Hemitripterus,0.010865,3.17,6,TL,7,68,Agonidae,Perciformes/Cottoidei,Teleostei
Hemitripterus bolini,Hemitripterus,0.0118,3.11,1,TL,24,63,Agonidae,Perciformes/Cottoidei,Teleostei
Icelinus borealis,Icelinus,0.0131,3,2,SL,8.5,,Cottidae,Perciformes/Cottoidei,Teleostei
Icelinus burchami,Icelinus,0.016,3,2,SL,6.3,,Cottidae,Perciformes/Cottoidei,Teleostei
Icelinus filamentosus,Icelinus,0.01255,3,2,SL,5.3,,Cottidae,Perciformes/Cottoidei,Teleostei
Icelinus quadriseriatus,Icelinus,0.0085,3,2,SL,6,,Cottidae,Perciformes/Cottoidei,Teleostei
Icelinus tenuis,Icelinus,0.0094,3,2,SL,7.6,,Cottidae,Perciformes/Cottoidei,Teleostei
Icelus bicornis,Icelus,0.0082,3.176,1,TL,3,7,Cottidae,Perciformes/Cottoidei,Teleostei
Icelus spatula,Icelus,0.01425,3,2,SL,11.2,,Cottidae,Perciformes/Cottoidei,Teleostei
Icelus spiniger,Icelus,0.01775,3.0489,2,TL,8.5,23,Cottidae,Perciformes/Cottoidei,Teleostei
Jordania zonope,Jordania,0.00835,3,2,SL,5.3,,Jordaniidae,Perciformes/Cottoidei,Teleostei
Leptocottus armatus,Leptocottus,0.04,2.82,2,SL,4.5,13.5,Cottidae,Perciformes/Cottoidei,Teleostei
Malacocottus kincaidi,Malacocottus,0.02455,3,2,SL,7.6,,Psychrolutidae,Perciformes/Cottoidei,Teleostei
Megalocottus platycephalus,Megalocottus,0.02285,2.83845,2,TL,10,46,Cottidae,Perciformes/Cottoidei,Teleostei
Hemilepidotus papilio,Hemilepidotus,0.01798,2.88,1,FL,3.5,45,Cottidae,Perciformes/Cottoidei,Teleostei
Microcottus sellaris,Microcottus,0.02175,3,2,SL,9.6,,Cottidae,Perciformes/Cottoidei,Teleostei
Myoxocephalus jaok,Myoxocephalus,0.017,2.9508,1,TL,,,Cottidae,Perciformes/Cottoidei,Teleostei
Myoxocephalus niger,Myoxocephalus,0.0288,3,2,SL,9.2,,Cottidae,Perciformes/Cottoidei,Teleostei
Myoxocephalus octodecemspinosus,Myoxocephalus,0.008875,3.035,6,TL,4,37,Cottidae,Perciformes/Cottoidei,Teleostei
Myoxocephalus polyacanthocephalus,Myoxocephalus,0.0092,3.1297,5,TL,29,79,Cottidae,Perciformes/Cottoidei,Teleostei
Myoxocephalus quadricornis,Myoxocephalus,0.003115,3.3585,6,TL,6.87,36.3,Cottidae,Perciformes/Cottoidei,Teleostei
Myoxocephalus scorpioides,Myoxocephalus,0.01505,3,2,SL,9.3,,Cottidae,Perciformes/Cottoidei,Teleostei
Nautichthys oculofasciatus,Nautichthys,0.01105,3,2,SL,9.2,,Agonidae,Perciformes/Cottoidei,Teleostei
Nautichthys pribilovius,Nautichthys,0.00672,3.3436,1,TL,,,Agonidae,Perciformes/Cottoidei,Teleostei
Oligocottus rimensis,Oligocottus,0.01135,3,2,SL,3.5,,Cottidae,Perciformes/Cottoidei,Teleostei
Oligocottus rubellio,Oligocottus,0.0212,3,2,SL,5.1,,Cottidae,Perciformes/Cottoidei,Teleostei
Oligocottus snyderi,Oligocottus,0.0116,3.404,1,SL,3.56,5.48,Cottidae,Perciformes/Cottoidei,Teleostei
Orthonopias triacis,Orthonopias,0.01395,3,2,SL,4.4,,Cottidae,Perciformes/Cottoidei,Teleostei
Paricelinus hopliticus,Paricelinus,0.0072,3,2,SL,12.4,,Jordaniidae,Perciformes/Cottoidei,Teleostei
Phallocottus obtusus,Phallocottus,0.01055,3,2,SL,4.3,,Cottidae,Perciformes/Cottoidei,Teleostei
Psychrolutes paradoxus,Psychrolutes,0.0177,3,2,SL,3,,Psychrolutidae,Perciformes/Cottoidei,Teleostei
Radulinus asprellus,Radulinus,0.0057,3,2,SL,7.8,,Cottidae,Perciformes/Cottoidei,Teleostei
Radulinus boleoides,Radulinus,0.00485,3,2,SL,15.5,,Cottidae,Perciformes/Cottoidei,Teleostei
Rhamphocottus richardsonii,Rhamphocottus,0.05135,3,2,SL,6.5,,Rhamphocottidae,Perciformes/Cottoidei,Teleostei
Scorpaenichthys marmoratus,Scorpaenichthys,0.02914,3,1,TL,71,71,Jordaniidae,Perciformes/Cottoidei,Teleostei
Triglops forficatus,Triglops,0.0032,3.1402,1,FL,11,28,Cottidae,Perciformes/Cottoidei,Teleostei
Triglops murrayi,Triglops,0.010675,3,2,SL,12,17.2,Cottidae,Perciformes/Cottoidei,Teleostei
Triglops pingelii,Triglops,0.00532,3.14925,4,NG,10,20,Cottidae,Perciformes/Cottoidei,Teleostei
Triglops scepticus,Triglops,0.0011,3.7277,1,FL,11,24,Cottidae,Perciformes/Cottoidei,Teleostei
Agonomalus mozinoi,Agonomalus,0.0108,3,2,SL,5.4,,Agonidae,Perciformes/Cottoidei,Teleostei
Podothecus accipenserinus,Podothecus,0.005,3,2,SL,11.3,,Agonidae,Perciformes/Cottoidei,Teleostei
Leptagonus decagonus,Leptagonus,0.0047,3,3,NG,17.9,17.9,Agonidae,Perciformes/Cottoidei,Teleostei
Anoplagonus inermis,Anoplagonus,0.00285,3,2,SL,8.3,,Agonidae,Perciformes/Cottoidei,Teleostei
Aspidophoroides monopterygius,Aspidophoroides,0.0025,2.8,1,SL,5.1,14.4,Agonidae,Perciformes/Cottoidei,Teleostei
Aspidophoroides olrikii,Aspidophoroides,0.00279,3.4837,1,TL,,,Agonidae,Perciformes/Cottoidei,Teleostei
Bathyagonus nigripinnis,Bathyagonus,0.00225,3,2,SL,15.2,,Agonidae,Perciformes/Cottoidei,Teleostei
Bothragonus swanii,Bothragonus,0.03475,3,2,SL,5,,Agonidae,Perciformes/Cottoidei,Teleostei
Hypsagonus quadricornis,Hypsagonus,0.01735,3,2,SL,7.3,,Agonidae,Perciformes/Cottoidei,Teleostei
Odontopyxis trispinosa,Odontopyxis,0.0043,3,2,SL,6.4,,Agonidae,Perciformes/Cottoidei,Teleostei
Pallasina barbata,Pallasina,0.0017,3,2,SL,10.1,,Agonidae,Perciformes/Cottoidei,Teleostei
Sarritor frenatus,Sarritor,0.0035,3,2,SL,22.2,,Agonidae,Perciformes/Cottoidei,Teleostei
Sarritor leptorhynchus,Sarritor,0.0031,3,2,SL,12.8,,Agonidae,Perciformes/Cottoidei,Teleostei
Xeneretmus latifrons,Xeneretmus,0.00503,3,1,TL,17.8,17.8,Agonidae,Perciformes/Cottoidei,Teleostei
Xeneretmus triacanthus,Xeneretmus,0.00345,3,2,SL,13.6,,Agonidae,Perciformes/Cottoidei,Teleostei
Aptocyclus ventricosus,Aptocyclus,0.167,2.5,1,TL,8,38,Cyclopteridae,Perciformes/Cottoidei,Teleostei
Careproctus melanurus,Careproctus,0.007,3.1953,3,TL,18,54,Liparidae,Perciformes/Cottoidei,Teleostei
Crystallichthys cyclospilus,Crystallichthys,0.0137,3,2,SL,15.3,,Liparidae,Perciformes/Cottoidei,Teleostei
Eumicrotremus derjugini,Eumicrotremus,0.12515,3,2,SL,5.2,,Cyclopteridae,Perciformes/Cottoidei,Teleostei
Eumicrotremus orbis,Eumicrotremus,0.09555,3,2,SL,4.1,,Cyclopteridae,Perciformes/Cottoidei,Teleostei
Eumicrotremus spinosus,Eumicrotremus,0.02972,3.2553,1,TL,,,Cyclopteridae,Perciformes/Cottoidei,Teleostei
Liparis callyodon,Liparis,0.01125,3,2,SL,6.9,,Liparidae,Perciformes/Cottoidei,Teleostei
Liparis cyclopus,Liparis,0.0094,3,2,SL,5.1,,Liparidae,Perciformes/Cottoidei,Teleostei
Liparis gibbus,Liparis,0.0111,3,2,SL,12.6,,Liparidae,Perciformes/Cottoidei,Teleostei
Liparis dennyi,Liparis,0.01825,3,2,SL,9.9,,Liparidae,Perciformes/Cottoidei,Teleostei
Liparis florae,Liparis,0.01425,3,2,SL,10,,Liparidae,Perciformes/Cottoidei,Teleostei
Liparis fucensis,Liparis,0.01395,3,2,SL,11.4,,Liparidae,Perciformes/Cottoidei,Teleostei
Liparis inquilinus,Liparis,0.02195,3,2,SL,2.3,,Liparidae,Perciformes/Cottoidei,Teleostei
Liparis mucosus,Liparis,0.01005,3,2,SL,8.6,,Liparidae,Perciformes/Cottoidei,Teleostei
Liparis pulchellus,Liparis,0.01085,3,2,SL,8.4,,Liparidae,Perciformes/Cottoidei,Teleostei
Liparis rutteri,Liparis,0.01645,3,2,SL,7.9,,Liparidae,Perciformes/Cottoidei,Teleostei
Liparis tunicatus,Liparis,0.00713,3.2354,1,TL,,,Liparidae,Perciformes/Cottoidei,Teleostei
Nectoliparis pelagicus,Nectoliparis,0.0039,3,2,SL,4.2,,Liparidae,Perciformes/Cottoidei,Teleostei
Paraliparis deani,Paraliparis,0.0046,3,2,SL,5,,Liparidae,Perciformes/Cottoidei,Teleostei
Ancylopsetta quadrocellata,Ancylopsetta,0.0155,3,2,SL,16.6,,Paralichthyidae,Pleuronectiformes,Teleostei
Bothus ocellatus,Bothus,0.02231,2.83,3,TL,5.2,17.8,Bothidae,Pleuronectiformes,Teleostei
Citharichthys arenaceus,Citharichthys,0.0075,3.083,5,TL,1.2,19.1,Cyclopsettidae,Pleuronectiformes,Teleostei
Citharichthys fragilis,Citharichthys,0.004,3.455,1,TL,7,15,Cyclopsettidae,Pleuronectiformes,Teleostei
Citharichthys macrops,Citharichthys,0.00624,3.189,5,TL,4.6,19.2,Cyclopsettidae,Pleuronectiformes,Teleostei
Citharichthys spilopterus,Citharichthys,0.0067,3.099,13,TL,1.3,21,Cyclopsettidae,Pleuronectiformes,Teleostei
Citharichthys xanthostigma,Citharichthys,0.0138,2.911,1,TL,7.5,20,Cyclopsettidae,Pleuronectiformes,Teleostei
Etropus crossotus,Etropus,0.0087,3.092,19,TL,2.9,22.4,Cyclopsettidae,Pleuronectiformes,Teleostei
Gastropsetta frontalis,Gastropsetta,0.0142,3,2,SL,11.7,,Paralichthyidae,Pleuronectiformes,Teleostei
Hippoglossina stomata,Hippoglossina,0.007,3.17,1,TL,8.8,26,Paralichthyidae,Pleuronectiformes,Teleostei
Monolene sessilicauda,Monolene,0.0095,2.856,1,SL,4.9,11.8,Bothidae,Pleuronectiformes,Teleostei
Paralichthys californicus,Paralichthys,0.00772,3.079,2,TL,14.1,132,Paralichthyidae,Pleuronectiformes,Teleostei
Hippoglossina oblonga,Hippoglossina,0.003135,3.25,6,TL,3,49,Paralichthyidae,Pleuronectiformes,Teleostei
Syacium gunteri,Syacium,0.00371,3.274,1,TL,6.1,14.5,Cyclopsettidae,Pleuronectiformes,Teleostei
Syacium micrurum,Syacium,0.0065,3.15,3,TL,3.4,25,Cyclopsettidae,Pleuronectiformes,Teleostei
Syacium papillosum,Syacium,0.00831,3.04,7,TL,4.4,26,Cyclopsettidae,Pleuronectiformes,Teleostei
Trichopsetta ventralis,Trichopsetta,0.0109,3.092,1,SL,3.6,18,Bothidae,Pleuronectiformes,Teleostei
Xystreurys liolepis,Xystreurys,0.012,3.125,3,TL,6.8,63.5,Paralichthyidae,Pleuronectiformes,Teleostei
Eopsetta jordani,Eopsetta,0.00422,3.26185,4,TL,21,67,Pleuronectidae,Pleuronectiformes,Teleostei
Glyptocephalus zachirus,Glyptocephalus,0.001855,3.459,4,TL,20,52,Pleuronectidae,Pleuronectiformes,Teleostei
Hippoglossoides platessoides,Hippoglossoides,0.002955,3.29755,8,TL,1.15,65,Pleuronectidae,Pleuronectiformes,Teleostei
Hippoglossoides robustus,Hippoglossoides,0.00489,3.25,3,TL,15,53,Pleuronectidae,Pleuronectiformes,Teleostei
Pleuronichthys guttulatus,Pleuronichthys,0.0208,2.871,1,TL,10.6,27.3,Pleuronectidae,Pleuronectiformes,Teleostei
Isopsetta isolepis,Isopsetta,0.00825,3.063,2,NG,10,100,Pleuronectidae,Pleuronectiformes,Teleostei
Liopsetta glacialis,Liopsetta,0.01124,2.9402,4,TL,12,32.5,Pleuronectidae,Pleuronectiformes,Teleostei
Microstomus pacificus,Microstomus,0.01222,2.9387,1,TL,19,62,Pleuronectidae,Pleuronectiformes,Teleostei
Parophrys vetulus,Parophrys,0.00906,3.0153,2,TL,22,55,Pleuronectidae,Pleuronectiformes,Teleostei
Platichthys stellatus,Platichthys,0.0121,3.081,11,TL,17.6,64,Pleuronectidae,Pleuronectiformes,Teleostei
Pleuronectes quadrituberculatus,Pleuronectes,0.01138,3.0362,9,TL,21,61,Pleuronectidae,Pleuronectiformes,Teleostei
Pleuronichthys ritteri,Pleuronichthys,0.01005,3.099,1,TL,9,21.6,Pleuronectidae,Pleuronectiformes,Teleostei
Pleuronichthys verticalis,Pleuronichthys,0.014,3.124,1,TL,6.3,20,Pleuronectidae,Pleuronectiformes,Teleostei
Psettichthys melanostictus,Psettichthys,0.01605,3,2,SL,22.5,,Pleuronectidae,Pleuronectiformes,Teleostei
Achirus lineatus,Achirus,0.0129,3.18,19,TL,0.9,33.1,Achiridae,Pleuronectiformes,Teleostei
Trinectes maculatus,Trinectes,0.017505,3.054725,4,TL,2.4,13,Achiridae,Pleuronectiformes,Teleostei
Aluterus monoceros,Aluterus,0.0222,2.86,3,SL,12,48.5,Monacanthidae,Tetraodontiformes,Teleostei
Aluterus scriptus,Aluterus,0.823,1.814,1,TL,19.3,61.5,Monacanthidae,Tetraodontiformes,Teleostei
Balistes polylepis,Balistes,0.04885,2.6805,4,TL,5.2,48,Balistidae,Tetraodontiformes,Teleostei
Cantherhines macrocerus,Cantherhines,0.03585,2.9265,2,TL,6,39.5,Monacanthidae,Tetraodontiformes,Teleostei
Canthidermis sufflamen,Canthidermis,0.0739,2.7185,4,FL,13,58,Balistidae,Tetraodontiformes,Teleostei
Monacanthus ciliatus,Monacanthus,0.0192,2.9162,5,TL,2,12.6,Monacanthidae,Tetraodontiformes,Teleostei
Stephanolepis hispida,Stephanolepis,0.0208,2.94,10,TL,2.2,36.9,Monacanthidae,Tetraodontiformes,Teleostei
Monacanthus tuckeri,Monacanthus,0.0074,3.5613,1,TL,2.1,6,Monacanthidae,Tetraodontiformes,Teleostei
Lactophrys bicaudalis,Lactophrys,0.07325,2.815,2,SL,13.6,27.1,Ostraciidae,Tetraodontiformes,Teleostei
Acanthostracion polygonium,Acanthostracion,0.051,2.6845,4,TL,9.3,41.7,Ostraciidae,Tetraodontiformes,Teleostei
Lagocephalus lagocephalus,Lagocephalus,0.0066,3,3,TL,12.3,49,Tetraodontidae,Tetraodontiformes,Teleostei
Sphoeroides annulatus,Sphoeroides,0.044,2.815,9,TL,1.1,44.5,Tetraodontidae,Tetraodontiformes,Teleostei
Sphoeroides lobatus,Sphoeroides,0.0416,2.8215,4,TL,2,35.8,Tetraodontidae,Tetraodontiformes,Teleostei
Sphoeroides pachygaster,Sphoeroides,0.0612,2.713,3,TL,12,44.8,Tetraodontidae,Tetraodontiformes,Teleostei
Sphoeroides parvus,Sphoeroides,0.0239,3,2,SL,7.8,,Tetraodontidae,Tetraodontiformes,Teleostei
Chiloscyllium griseum,Chiloscyllium,0.0145,2.731,1,,,,Hemiscylliidae,Orectolobiformes,Elasmobranchii
Acanthurus achilles,Acanthurus,0.003285,3,2,SL,14.9,25,Acanthuridae,Acanthuriformes,Teleostei
Plagioscion squamosissimus,Plagioscion,0.01,3.0905,12,SL,5,65.5,Sciaenidae,Eupercaria/misc,Teleostei
Aulichthys japonicus,Aulichthys,0.00095,3.256,1,TL,9,13.8,Hypoptychidae,Perciformes/Gasterosteoidei,Teleostei
Istigobius ornatus,Istigobius,0.010205,3.097125,2,FL,3.8,11,Gobiidae,Gobiiformes,Teleostei
Istigobius rigilius,Istigobius,0.01334,3,1,TL,9.6,9.6,Gobiidae,Gobiiformes,Teleostei
Leucoraja naevus,Leucoraja,0.0025,3.214,9,TL,8,70,Rajidae,Rajiformes,Elasmobranchii
Istigobius goldmanni,Istigobius,0.0095,3.07,2,TL,,,Gobiidae,Gobiiformes,Teleostei
Istigobius decoratus,Istigobius,0.02035,2.73174,2,FL,5.5,11,Gobiidae,Gobiiformes,Teleostei
Raja montagui,Raja,0.00201,3.263,11,TL,12,102,Rajidae,Rajiformes,Elasmobranchii
Myliobatis aquila,Myliobatis,0.0058,3.09,9,OT,12.2,129,Myliobatidae,Myliobatiformes,Elasmobranchii
Lycodes esmarkii,Lycodes,0.001,3.4112,3,TL,59.5,63.5,Zoarcidae,Perciformes/Zoarcoidei,Teleostei
Stegastes albifasciatus,Stegastes,0.0296,3,1,TL,,,Pomacentridae,Ovalentaria/misc,Teleostei
Plectroglyphidodon aureus,Plectroglyphidodon,0.00682,3.293,1,TL,2.5,8.7,Pomacentridae,Ovalentaria/misc,Teleostei
Plectroglyphidodon fasciolatus,Plectroglyphidodon,0.0028,4.063,1,FL,8.5,12,Pomacentridae,Ovalentaria/misc,Teleostei
Stegastes limbatus,Stegastes,0.0179,3.126,1,TL,3.1,15.5,Pomacentridae,Ovalentaria/misc,Teleostei
Stegastes punctatus,Stegastes,0.046325,2.856755,2,FL,2.4,15.5,Pomacentridae,Ovalentaria/misc,Teleostei
Stegastes nigricans,Stegastes,0.03841,3.01,3,FL,0.7,12.6,Pomacentridae,Ovalentaria/misc,Teleostei
Rondeletia loricata,Rondeletia,0.026,3,3,SL,,10.8,Rondeletiidae,Beryciformes,Teleostei
Barbourisia rufa,Barbourisia,0.0136,3,2,SL,,,Barbourisiidae,Beryciformes,Teleostei
Calotomus carolinus,Calotomus,0.0131,3.16,5,FL,14,44.5,Scaridae,Eupercaria/misc,Teleostei
Calotomus spinidens,Calotomus,0.011525,3.2115,2,TL,2,24.2,Scaridae,Eupercaria/misc,Teleostei
Calotomus viridescens,Calotomus,0.035,2.81,1,TL,16.8,31.3,Scaridae,Eupercaria/misc,Teleostei
Leptoscarus vaigiensis,Leptoscarus,0.01785,2.9545,4,TL,3.5,35.2,Scaridae,Eupercaria/misc,Teleostei
Pervagor janthinosoma,Pervagor,0.025,2.946,1,TL,6.5,10.6,Monacanthidae,Tetraodontiformes,Teleostei
Cirripectes castaneus,Cirripectes,0.016,3.07,1,TL,2.21,6.59,Blenniidae,Blenniiformes,Teleostei
Cirripectes chelomatus,Cirripectes,0.0147,3.09948,1,FL,7,10,Blenniidae,Blenniiformes,Teleostei
Cirripectes fuscoguttatus,Cirripectes,0.00311,3,2,SL,9,9,Blenniidae,Blenniiformes,Teleostei
Cirripectes polyzona,Cirripectes,0.002685,3,2,SL,6.9,6.9,Blenniidae,Blenniiformes,Teleostei
Cirripectes stigmaticus,Cirripectes,0.0195,2.93725,2,FL,5.5,9,Blenniidae,Blenniiformes,Teleostei
Suezichthys gracilis,Suezichthys,0.010765,3,2,SL,7.1,7.1,Labridae,Eupercaria/misc,Teleostei
Rhyacichthys aspro,Rhyacichthys,0.01631,3,1,TL,14.4,14.4,Rhyacichthyidae,Gobiiformes,Teleostei
Kurtus gulliveri,Kurtus,0.007075,3.0045,4,TL,5.3,39.5,Kurtidae,Kurtiformes,Teleostei
Labeo catla,Labeo,0.012,3.086,7,TL,2,114,Cyprinidae,Cypriniformes,Teleostei
Platycaranx chrysophrys,Platycaranx,0.02668,2.90195,3,FL,12.5,60,Carangidae,Carangiformes,Teleostei
Platycaranx malabaricus,Platycaranx,0.0219,2.964,8,TL,8.4,44,Carangidae,Carangiformes,Teleostei
Upeneus moluccensis,Upeneus,0.0126,3.0873,21,TL,4.9,22.5,Mullidae,Mulliformes,Teleostei
Upeneus sulphureus,Upeneus,0.0193,3.0726,15,FL,1,24.5,Mullidae,Mulliformes,Teleostei
Pomadasys maculatus,Pomadasys,0.05035,2.5945,6,TL,11,57,Haemulidae,Eupercaria/misc,Teleostei
Pentaprion longimanus,Pentaprion,0.0169,2.965,5,TL,3.5,15.6,Gerreidae,Eupercaria/misc,Teleostei
Photopectoralis bindus,Photopectoralis,0.041165,2.849,16,TL,2.4,15,Leiognathidae,Acanthuriformes,Teleostei
Equulites popei,Equulites,0.0099,3.42,1,SL,6.9,10.3,Leiognathidae,Acanthuriformes,Teleostei
Leiognathus equula,Leiognathus,0.01911,3.02,11,TL,2.5,28.5,Leiognathidae,Acanthuriformes,Teleostei
Aurigequula fasciata,Aurigequula,0.020605,3.087195,6,FL,5,20,Leiognathidae,Acanthuriformes,Teleostei
Equulites leuciscus,Equulites,0.01297,3.243835,4,FL,5,18,Leiognathidae,Acanthuriformes,Teleostei
Eubleekeria splendens,Eubleekeria,0.02882,2.992,11,SL,1.2,23,Leiognathidae,Acanthuriformes,Teleostei
Deveximentum insidiator,Deveximentum,0.023,2.906,9,TL,6.6,11.6,Leiognathidae,Acanthuriformes,Teleostei
Siganus canaliculatus,Siganus,0.022,2.943,9,SL,2.1,40,Siganidae,Acanthuriformes,Teleostei
Siganus spinus,Siganus,0.0274,2.986255,4,FL,6.5,27,Siganidae,Acanthuriformes,Teleostei
Terapon jarbua,Terapon,0.02382,2.939,15,TL,1,28.5,Terapontidae,Centrarchiformes,Teleostei
Epinephelus fuscoguttatus,Epinephelus,0.01335,3.05723,5,FL,12,100,Epinephelidae,Perciformes/Serranoidei,Teleostei
Epinephelus tauvina,Epinephelus,0.0228,3.021,7,TL,8,96.5,Epinephelidae,Perciformes/Serranoidei,Teleostei
Gazza minuta,Gazza,0.03272,2.883,5,FL,2.5,21,Leiognathidae,Acanthuriformes,Teleostei
Gerres filamentosus,Gerres,0.0152,2.989,19,TL,5,39,Gerreidae,Eupercaria/misc,Teleostei
Diagramma pictum,Diagramma,0.01,2.99,5,FL,7,84,Haemulidae,Eupercaria/misc,Teleostei
Pseudobalistes fuscus,Pseudobalistes,0.152275,2.60614,2,FL,16.3,58,Balistidae,Tetraodontiformes,Teleostei
Gnathanodon speciosus,Gnathanodon,0.02684,2.84,11,TL,4,74.5,Carangidae,Carangiformes,Teleostei
Saurida micropectoralis,Saurida,0.00564,3.0865,4,FL,7,55,Synodontidae,Aulopiformes,Teleostei
Symbolophorus evermanni,Symbolophorus,0.0154,2.8828,1,TL,4.6,11.7,Myctophidae,Myctophiformes,Teleostei
Leptomelanosoma indicum,Leptomelanosoma,0.0025,3.28,1,TL,35,81,Polynemidae,Carangaria/misc,Teleostei
Polydactylus sextarius,Polydactylus,0.01905,3.0575,4,SL,3.1,16.5,Polynemidae,Carangaria/misc,Teleostei
Blicca bjoerkna,Blicca,0.0063,3.239,15,TL,2.2,45.5,Leuciscidae,Cypriniformes,Teleostei
Barbus barbus,Barbus,0.0152,2.88,15,TL,3.8,63.6,Cyprinidae,Cypriniformes,Teleostei
Dawkinsia filamentosa,Dawkinsia,0.00985,2.968,2,TL,8.5,14.5,Cyprinidae,Cypriniformes,Teleostei
Gymnocephalus cernua,Gymnocephalus,0.0118,3.01699,161,TL,2.5,23.3,Percidae,Perciformes/Percoidei,Teleostei
Astyanax bimaculatus,Astyanax,0.0106,3.174,9,TL,1.8,17.5,Acestrorhamphidae,Characiformes,Teleostei
Parachondrostoma toxostoma,Parachondrostoma,0.006,3.179,1,TL,4.4,13.2,Leuciscidae,Cypriniformes,Teleostei
Gobio gobio,Gobio,0.00655,3.1545,16,TL,1.9,21,Gobionidae,Cypriniformes,Teleostei
Hydrocynus vittatus,Hydrocynus,0.00767,3.192,6,TL,5.5,72,Alestidae,Characiformes,Teleostei
Lampetra fluviatilis,Lampetra,0.00111,3.141,3,TL,9.25,45,Petromyzontidae,Petromyzontiformes,Petromyzonti
Lampetra planeri,Lampetra,0.004665,2.7125,2,TL,2.5,20.5,Petromyzontidae,Petromyzontiformes,Petromyzonti
Squalius cephalus,Squalius,0.00841,3.1125,46,TL,0.92,43,Leuciscidae,Cypriniformes,Teleostei
Rhodeus amarus,Rhodeus,0.00985,3.11,8,TL,1.2,11.2,Acheilognathidae,Cypriniformes,Teleostei
Dactyloptena orientalis,Dactyloptena,0.01801,3,3,TL,6.1,34,Dactylopteridae,Dactylopteriformes,Teleostei
Dasyscopelus asper,Dasyscopelus,0.0076,3.42305,2,SL,2.5,7.9,Myctophidae,Myctophiformes,Teleostei
Myctophum aurolaternatum,Myctophum,0.00795,3,2,SL,5.3,,Myctophidae,Myctophiformes,Teleostei
Myctophum nitidulum,Myctophum,0.0109,3.129,1,SL,1.7,7.3,Myctophidae,Myctophiformes,Teleostei
Polydactylus multiradiatus,Polydactylus,0.0112,3.0785,2,FL,7.8,24.5,Polynemidae,Carangaria/misc,Teleostei
Sphyraena obtusata,Sphyraena,0.006995,2.879,10,TL,12,50,Sphyraenidae,Carangaria/misc,Teleostei
Cirrhinus cirrhosus,Cirrhinus,0.00546,3.052,11,TL,19.5,100,Cyprinidae,Cypriniformes,Teleostei
Cottocomephorus grewingkii,Cottocomephorus,0.0127,3,1,TL,,,Cottidae,Perciformes/Cottoidei,Teleostei
Hydrocynus forskahlii,Hydrocynus,0.00873,3,7,SL,9,45.2,Alestidae,Characiformes,Teleostei
Lates angustifrons,Lates,0.0151,3.02,3,TL,,,Latidae,Carangaria/misc,Teleostei
Lates stappersii,Lates,0.006795,3.04,10,TL,,,Latidae,Carangaria/misc,Teleostei
Sparidentex hasta,Sparidentex,0.013,3.001,3,SL,7.1,67.5,Sparidae,Eupercaria/misc,Teleostei
Pygocentrus nattereri,Pygocentrus,0.028,3.125,5,SL,7,33.3,Serrasalmidae,Characiformes,Teleostei
Tetragonopterus argenteus,Tetragonopterus,0.0766,2.6829,1,SL,5.5,10.5,Characidae,Characiformes,Teleostei
Psettodes belcheri,Psettodes,0.009,3.06,1,TL,15,44.4,Psettodidae,Pleuronectiformes,Teleostei
Neoceratodus forsteri,Neoceratodus,0.012,3,1,TL,,,Neoceratodontidae,Ceratodontiformes,Dipneusti
Gymnarchus niloticus,Gymnarchus,0.00795,2.9625,2,TL,10,150,Gymnarchidae,Osteoglossiformes,Teleostei
Eurypharynx pelecanoides,Eurypharynx,0.00058,3,1,TL,50.3,50.3,Eurypharyngidae,Saccopharyngiformes,Teleostei
Hepsetus odoe,Hepsetus,0.006,3.1355,12,TL,7.5,44.2,Hepsetidae,Characiformes,Teleostei
Hypophthalmus edentatus,Hypophthalmus,0.004955,3.2335,6,SL,5.5,44.6,Pimelodidae,Siluriformes,Teleostei
Saurida gracilis,Saurida,0.00639,3.171465,4,FL,4.8,25.5,Synodontidae,Aulopiformes,Teleostei
Dentex gibbosus,Dentex,0.014795,3,8,TL,12.2,47.8,Sparidae,Eupercaria/misc,Teleostei
Lepidogalaxias salamandroides,Lepidogalaxias,0.0037,3,6,SL,,5.4,Lepidogalaxiidae,Lepidogalaxiiformes,Teleostei
Dentex maroccanus,Dentex,0.02,3.06,9,TL,11.4,34,Sparidae,Eupercaria/misc,Teleostei
Dentex canariensis,Dentex,0.0165,2.98,7,FL,4.2,40.4,Sparidae,Eupercaria/misc,Teleostei
Pagrus caeruleostictus,Pagrus,0.0222,2.946,13,TL,5.5,54,Sparidae,Eupercaria/misc,Teleostei
Argyrops filamentosus,Argyrops,0.02705,3,2,SL,31.3,31.3,Sparidae,Eupercaria/misc,Teleostei
Polysteganus undulosus,Polysteganus,0.166,2.47,1,TL,,,Sparidae,Eupercaria/misc,Teleostei
Acanthopagrus bifasciatus,Acanthopagrus,0.0232,2.989,5,TL,17,57,Sparidae,Eupercaria/misc,Teleostei
Sillago sihama,Sillago,0.00586,3.064,15,TL,3,33,Sillaginidae,Eupercaria/misc,Teleostei
Siganus rivulatus,Siganus,0.0118,3.029,17,TL,5.5,30.2,Siganidae,Acanthuriformes,Teleostei
Umbrina ronchus,Umbrina,0.0101,3.0603,1,TL,10.2,26.3,Sciaenidae,Eupercaria/misc,Teleostei
Umbrina canariensis,Umbrina,0.0093,3.0887,3,TL,12.2,41.8,Sciaenidae,Eupercaria/misc,Teleostei
Pseudotolithus typus,Pseudotolithus,0.005,3.0642,3,TL,13.5,84.2,Sciaenidae,Eupercaria/misc,Teleostei
Amphiprion chrysopterus,Amphiprion,0.025145,3,2,SL,11.5,11.5,Pomacentridae,Ovalentaria/misc,Teleostei
Raja brachyura,Raja,0.0021,3.27,5,TL,12,105.5,Rajidae,Rajiformes,Elasmobranchii
Nemipterus peronii,Nemipterus,0.0157,2.884,9,TL,8,48.5,Nemipteridae,Eupercaria/misc,Teleostei
Trachyrincus scabrus,Trachyrincus,0.00129,3.232,1,TL,19.9,45.7,Trachyrincidae,Gadiformes,Teleostei
Nemipterus nematophorus,Nemipterus,0.0203,2.97,7,TL,8.1,20,Nemipteridae,Eupercaria/misc,Teleostei
Nemipterus japonicus,Nemipterus,0.0213,2.8855,22,TL,4,35.5,Nemipteridae,Eupercaria/misc,Teleostei
Dendrophysa russelii,Dendrophysa,0.009925,3.053,4,TL,7.4,38.3,Sciaenidae,Eupercaria/misc,Teleostei
Siganus vermiculatus,Siganus,0.0043,3.48,1,FL,17.5,44.3,Siganidae,Acanthuriformes,Teleostei
Triacanthus biaculeatus,Triacanthus,0.01783,2.895,4,TL,2.6,28,Triacanthidae,Tetraodontiformes,Teleostei
Equulites lineolatus,Equulites,0.006,3.144,5,TL,4.3,12.4,Leiognathidae,Acanthuriformes,Teleostei
Nemipterus bathybius,Nemipterus,0.0214,2.92,8,TL,4.2,32,Nemipteridae,Eupercaria/misc,Teleostei
Nemipterus hexodon,Nemipterus,0.02235,2.9395,6,SL,5,25,Nemipteridae,Eupercaria/misc,Teleostei
Nemipterus marginatus,Nemipterus,0.015,3.057,5,TL,8.1,23.5,Nemipteridae,Eupercaria/misc,Teleostei
Nemipterus mesoprion,Nemipterus,0.0151,2.955,11,TL,4,27,Nemipteridae,Eupercaria/misc,Teleostei
Nemipterus nemurus,Nemipterus,0.0159,2.975,4,TL,6.5,19.8,Nemipteridae,Eupercaria/misc,Teleostei
Miichthys miiuy,Miichthys,0.0135,3.061,3,SL,2.1,73.8,Sciaenidae,Eupercaria/misc,Teleostei
Otolithoides biauritus,Otolithoides,0.00879,2.9,4,TL,10.6,143.5,Sciaenidae,Eupercaria/misc,Teleostei
Protonibea diacanthus,Protonibea,0.0108,2.97,6,TL,19.8,165,Sciaenidae,Eupercaria/misc,Teleostei
Karalla daura,Karalla,0.0307,3.11,1,SL,4.6,13.2,Leiognathidae,Acanthuriformes,Teleostei
Rudarius ercodes,Rudarius,0.03031,2.7615,2,TL,1.4,7.2,Monacanthidae,Tetraodontiformes,Teleostei
Pseudorhombus cinnamoneus,Pseudorhombus,0.0112,3,1,TL,,,Paralichthyidae,Pleuronectiformes,Teleostei
Symphodus mediterraneus,Symphodus,0.01439,3.012,7,TL,2,20.2,Labridae,Eupercaria/misc,Teleostei
Gobius cobitis,Gobius,0.0096,3.134,7,TL,2.2,19.5,Gobiidae,Gobiiformes,Teleostei
Serrasalmus humeralis,Serrasalmus,0.0123,3.05,1,TL,3.5,11,Serrasalmidae,Characiformes,Teleostei
Symphodus rostratus,Symphodus,0.00595,3.30275,8,TL,1.2,17.7,Labridae,Eupercaria/misc,Teleostei
Xyrichtys novacula,Xyrichtys,0.0149,3.075,5,TL,3.5,21,Labridae,Eupercaria/misc,Teleostei
Labrus merula,Labrus,0.0109,3.076,5,TL,16.9,34,Labridae,Eupercaria/misc,Teleostei
Chelon ramada,Chelon,0.0107,2.955,23,TL,1.5,59.8,Mugilidae,Mugiliformes,Teleostei
Parapristipoma trilineatum,Parapristipoma,0.00409,3.25,1,FL,5,36,Haemulidae,Eupercaria/misc,Teleostei
Okamejei hollandi,Okamejei,0.033,3.07,1,OT,6.8,26.2,Rajidae,Rajiformes,Elasmobranchii
Sebastes inermis,Sebastes,0.01619,3.03,6,TL,7.05,35.9,Sebastidae,Perciformes/Scorpaenoidei,Teleostei
Sebastes pachycephalus,Sebastes,0.01565,3.065,4,TL,9.8,42,Sebastidae,Perciformes/Scorpaenoidei,Teleostei
Siganus guttatus,Siganus,0.0309,3,7,TL,4,44,Siganidae,Acanthuriformes,Teleostei
Lateolabrax japonicus,Lateolabrax,0.0198,2.918,5,TL,3.7,23,Lateolabracidae,Acropomatiformes,Teleostei
Paracentropogon rubripinnis,Paracentropogon,0.0137,3.116,1,TL,4.8,10.5,Tetrarogidae,Perciformes/Scorpaenoidei,Teleostei
Branchiostegus japonicus,Branchiostegus,0.0213,3.049,5,OT,8.7,49.3,Latilidae,Eupercaria/misc,Teleostei
Branchiostegus auratus,Branchiostegus,0.0412,2.68,1,SL,8.5,26.8,Latilidae,Eupercaria/misc,Teleostei
Nuchequula nuchalis,Nuchequula,0.0217,2.9781,4,TL,4.3,11.8,Leiognathidae,Acanthuriformes,Teleostei
Sebastiscus marmoratus,Sebastiscus,0.0113,3.13,5,TL,1.9,36.2,Sebastidae,Perciformes/Scorpaenoidei,Teleostei
Chelidonichthys spinosus,Chelidonichthys,0.0053,3.17,5,TL,5.7,40,Triglidae,Perciformes/Scorpaenoidei,Teleostei
Doederleinia berycoides,Doederleinia,0.0183,2.92,5,TL,3,35.2,Acropomatidae,Acropomatiformes,Teleostei
Ostorhinchus cyanosoma,Ostorhinchus,0.011,3.24,3,FL,1.4,6.9,Apogonidae,Kurtiformes,Teleostei
Mylopharyngodon piceus,Mylopharyngodon,0.023,2.93,5,SL,7.6,83.6,Xenocyprididae,Cypriniformes,Teleostei
Acipenser ruthenus,Acipenser,3e-04,3.7377,2,TL,38,87,Acipenseridae,Acipenseriformes,Chondrostei
Thymallus thymallus,Thymallus,0.00673,3.09,11,TL,7.7,42,Salmonidae,Salmoniformes,Teleostei
Siganus corallinus,Siganus,0.003525,3.380395,2,FL,9,19,Siganidae,Acanthuriformes,Teleostei
Siganus luridus,Siganus,0.015425,2.9955,8,TL,3.8,28,Siganidae,Acanthuriformes,Teleostei
Siganus argenteus,Siganus,0.01485,3.074,6,FL,9.5,32,Siganidae,Acanthuriformes,Teleostei
Siganus sutor,Siganus,0.0596,2.754,3,TL,14,46,Siganidae,Acanthuriformes,Teleostei
Siganus fuscescens,Siganus,0.0162,3.01,5,FL,3,38.6,Siganidae,Acanthuriformes,Teleostei
Siganus puellus,Siganus,0.01761,3,3,FL,5.5,24,Siganidae,Acanthuriformes,Teleostei
Siganus javus,Siganus,0.0134,3.068,3,TL,3.7,33,Siganidae,Acanthuriformes,Teleostei
Siganus punctatus,Siganus,0.019075,3.1385,6,FL,4,37.2,Siganidae,Acanthuriformes,Teleostei
Siganus stellatus,Siganus,0.0441,2.597,1,TL,12,34,Siganidae,Acanthuriformes,Teleostei
Siganus doliatus,Siganus,0.01233,3.21804,2,FL,2,22.5,Siganidae,Acanthuriformes,Teleostei
Siganus virgatus,Siganus,0.0204,3.236,1,SL,3.9,16.5,Siganidae,Acanthuriformes,Teleostei
Siganus lineatus,Siganus,0.02365,2.97316,2,FL,5.5,35,Siganidae,Acanthuriformes,Teleostei
Siganus randalli,Siganus,0.0287,2.93,1,FL,18.6,33.5,Siganidae,Acanthuriformes,Teleostei
Siganus vulpinus,Siganus,0.022445,3,2,SL,21.2,21.2,Siganidae,Acanthuriformes,Teleostei
Huso dauricus,Huso,0.00165,3.34665,2,TL,43,341,Acipenseridae,Acipenseriformes,Chondrostei
Chanodichthys erythropterus,Chanodichthys,0.0051,3.034,17,TL,2.86,85.4,Xenocyprididae,Cypriniformes,Teleostei
Labeo niloticus,Labeo,0.00381,3.14,1,TL,12,63,Cyprinidae,Cypriniformes,Teleostei
Esox reichertii,Esox,0.015775,2.91815,2,FL,18.9,96,Esocidae,Esociformes,Teleostei
Dentex congoensis,Dentex,0.0319,2.812,5,FL,8.5,21,Sparidae,Eupercaria/misc,Teleostei
Galeorhinus galeus,Galeorhinus,0.0068,2.94,15,TL,23.5,169,Triakidae,Carcharhiniformes,Elasmobranchii
Tor tor,Tor,0.0177,3,1,TL,135,135,Cyprinidae,Cypriniformes,Teleostei
Johnius carutta,Johnius,0.011655,2.98039,4,TL,4,22,Sciaenidae,Eupercaria/misc,Teleostei
Priacanthus tayenus,Priacanthus,0.0407,2.7,9,TL,5.5,32.4,Priacanthidae,Eupercaria/misc,Teleostei
Amphiprion melanopus,Amphiprion,0.01545,3,3,FL,2.2,10.8,Pomacentridae,Ovalentaria/misc,Teleostei
Amphiprion tricinctus,Amphiprion,0.04276,2.85853,2,FL,5.5,12,Pomacentridae,Ovalentaria/misc,Teleostei
Phoxinus phoxinus,Phoxinus,0.0091,3.094,11,TL,2.2,12.77,Leuciscidae,Cypriniformes,Teleostei
Leuciscus leuciscus,Leuciscus,0.005725,3.2425,18,TL,3.5,28,Leuciscidae,Cypriniformes,Teleostei
Monopterus albus,Monopterus,5e-04,3.1086,4,TL,11,56,Synbranchidae,Synbranchiformes,Teleostei
Hucho hucho,Hucho,0.022215,2.87003,2,TL,54,150,Salmonidae,Salmoniformes,Teleostei
Rhynchorhamphus georgii,Rhynchorhamphus,0.014,2.32,1,SL,7.1,17,Hemiramphidae,Beloniformes,Teleostei
Planiliza parsia,Planiliza,0.02,2.87,3,TL,8.21,23.5,Mugilidae,Mugiliformes,Teleostei
Oryzias latipes,Oryzias,0.00719,3.14,3,TL,0.9,4,Adrianichthyidae,Beloniformes,Teleostei
Umbra krameri,Umbra,0.015905,3,6,SL,4.59,7.87,Umbridae,Esociformes,Teleostei
Sander vitreus,Sander,0.00829,3.097,13,FL,12.9,104,Percidae,Perciformes/Percoidei,Teleostei
Labeobarbus kimberleyensis,Labeobarbus,0.00558,3.27,1,FL,10,69.2,Cyprinidae,Cypriniformes,Teleostei
Trichopodus trichopterus,Trichopodus,0.029,3,3,TL,4.9,12,Osphronemidae,Anabantiformes,Teleostei
Barbodes semifasciolatus,Barbodes,0.0085,3.294,3,TL,2.12,7.57,Cyprinidae,Cypriniformes,Teleostei
Odontesthes bonariensis,Odontesthes,0.0129,3,3,TL,6.9,50,Atherinopsidae,Atheriniformes,Teleostei
Australoheros facetus,Australoheros,0.03,3.065,4,SL,1.1,19.3,Cichlidae,Cichliformes,Teleostei
Poecilia sphenops,Poecilia,0.031,2.985,2,SL,1.8,7.5,Poeciliidae,Cyprinodontiformes,Teleostei
Etroplus suratensis,Etroplus,0.02295,3,8,TL,3.9,31.6,Cichlidae,Cichliformes,Teleostei
Acipenser baerii,Acipenser,0.00132,3.55215,2,TL,23,142,Acipenseridae,Acipenseriformes,Chondrostei
Parachromis managuensis,Parachromis,0.02195,3.05255,4,SL,3.24,54.6,Cichlidae,Cichliformes,Teleostei
Phalloceros caudimaculatus,Phalloceros,0.0189,3.091,1,SL,1.9,3.8,Poeciliidae,Cyprinodontiformes,Teleostei
Coregonus peled,Coregonus,0.07915,2.8804,4,TL,14,39,Salmonidae,Salmoniformes,Teleostei
Pseudorasbora parva,Pseudorasbora,0.0085,3.102,21,TL,1.9,12.5,Gobionidae,Cypriniformes,Teleostei
Amphilophus trimaculatus,Amphilophus,0.044,3.02,1,SL,1,19.2,Cichlidae,Cichliformes,Teleostei
Trichromis salvini,Trichromis,0.061,2.748,1,SL,2.5,9.6,Cichlidae,Cichliformes,Teleostei
Micropercops cinctus,Micropercops,0.0092,3.173,4,TL,1.7,7.66,Odontobutidae,Gobiiformes,Teleostei
Perccottus glenii,Perccottus,0.01785,3.0055,2,SL,3.3,17.8,Odontobutidae,Gobiiformes,Teleostei
Callionymus belcheri,Callionymus,6e-04,3.7,3,TL,,,Callionymidae,Callionymiformes,Teleostei
Scatophagus argus,Scatophagus,0.0377,2.881,11,TL,4,45,Scatophagidae,Acanthuriformes,Teleostei
Sargocentron diadema,Sargocentron,0.02505,2.95522,3,FL,5,15,Holocentridae,Holocentriformes,Teleostei
Osteomugil cunnesius,Osteomugil,0.016,2.88,7,TL,3.2,27.43,Mugilidae,Mugiliformes,Teleostei
Notothenia coriiceps,Notothenia,0.01575,3.0415,8,TL,25.2,56,Nototheniidae,Perciformes/Notothenioidei,Teleostei
Platycephalus richardsoni,Platycephalus,0.00565,3.10365,2,FL,22,60,Platycephalidae,Perciformes/Scorpaenoidei,Teleostei
Plotosus lineatus,Plotosus,0.006275,3.21455,12,TL,5,35.2,Plotosidae,Siluriformes,Teleostei
Sillago ciliata,Sillago,0.003245,3.349765,2,FL,15.5,31,Sillaginidae,Eupercaria/misc,Teleostei
Evynnis tumifrons,Evynnis,0.03335,2.9625,4,TL,5.3,32.6,Sparidae,Eupercaria/misc,Teleostei
Pomadasys jubelini,Pomadasys,0.0156,2.991,6,TL,5.2,36,Haemulidae,Eupercaria/misc,Teleostei
Acipenser gueldenstaedtii,Acipenser,0.0085,2.9942,3,TL,18,225,Acipenseridae,Acipenseriformes,Chondrostei
Pethia conchonius,Pethia,0.01345,2.75,14,TL,1.55,12.83,Cyprinidae,Cypriniformes,Teleostei
Pterophyllum scalare,Pterophyllum,0.054,2.807,3,SL,4.3,10.5,Cichlidae,Cichliformes,Teleostei
Tilapia sparrmanii,Tilapia,0.0285,2.6425,2,TL,5,12,Cichlidae,Cichliformes,Teleostei
Oreochromis urolepis,Oreochromis,0.013,3.03,1,TL,2.7,3,Cichlidae,Cichliformes,Teleostei
Neogobius fluviatilis,Neogobius,0.0092,3.127,5,TL,1.7,13,Gobiidae,Gobiiformes,Teleostei
Bagrus meridionalis,Bagrus,0.005535,3.0955,2,TL,4.5,105,Bagridae,Siluriformes,Teleostei
Callorhinchus milii,Callorhinchus,0.0091,3.02,1,FL,,,Callorhinchidae,Chimaeriformes,Holocephali
Scopelopsis multipunctatus,Scopelopsis,0.0024,3.534,1,TL,3.4,9.1,Myctophidae,Myctophiformes,Teleostei
Andinoacara pulcher,Andinoacara,0.0702,2.853,1,SL,1.1,10.4,Cichlidae,Cichliformes,Teleostei
Trichopsis vittata,Trichopsis,0.0168,2.572,1,TL,2.88,4.8,Osphronemidae,Anabantiformes,Teleostei
Trichopodus microlepis,Trichopodus,0.0082,3.135,1,TL,6,14,Osphronemidae,Anabantiformes,Teleostei
Alburnus alburnus,Alburnus,0.0062,3.1966,27,TL,1.5,20,Leuciscidae,Cypriniformes,Teleostei
Oncorhynchus rhodurus,Oncorhynchus,0.0145,3,1,TL,44.2,44.2,Salmonidae,Salmoniformes,Teleostei
Acanthurus thompsoni,Acanthurus,0.02611,3,2,SL,20.1,20.1,Acanthuridae,Acanthuriformes,Teleostei
Acanthurus guttatus,Acanthurus,0.026185,2.95,4,FL,12.5,24.5,Acanthuridae,Acanthuriformes,Teleostei
Acanthurus leucopareius,Acanthurus,0.00409,3,2,SL,20,20,Acanthuridae,Acanthuriformes,Teleostei
Acanthurus nigrofuscus,Acanthurus,0.028235,2.997685,6,FL,4.5,18.7,Acanthuridae,Acanthuriformes,Teleostei
Acanthurus pyroferus,Acanthurus,0.00342,3,2,SL,20.5,20.5,Acanthuridae,Acanthuriformes,Teleostei
Acanthurus olivaceus,Acanthurus,0.0384,3.055,3,FL,2.6,29.8,Acanthuridae,Acanthuriformes,Teleostei
Acanthurus maculiceps,Acanthurus,0.0154,3.21,1,FL,15.1,28.6,Acanthuridae,Acanthuriformes,Teleostei
Acanthurus nigricauda,Acanthurus,0.0329,2.845,8,FL,4.6,45.3,Acanthuridae,Acanthuriformes,Teleostei
Acanthurus grammoptilus,Acanthurus,0.0265,3,1,FL,15.2,35.6,Acanthuridae,Acanthuriformes,Teleostei
Acanthurus blochii,Acanthurus,0.0219,3.07,3,FL,2.5,38,Acanthuridae,Acanthuriformes,Teleostei
Geophagus brasiliensis,Geophagus,0.019,3.03,15,TL,0.9,27.8,Cichlidae,Cichliformes,Teleostei
Hemibarbus maculatus,Hemibarbus,0.007,3.171,7,TL,4.2,33.5,Gobionidae,Cypriniformes,Teleostei
Cnesterodon decemmaculatus,Cnesterodon,0.0162,3.28,3,SL,1.4,3.5,Poeciliidae,Cyprinodontiformes,Teleostei
Hemiculter leucisculus,Hemiculter,0.00505,3.135,18,TL,2.4,29,Xenocyprididae,Cypriniformes,Teleostei
Aplocheilus panchax,Aplocheilus,0.009,3.063,1,TL,2.3,6,Aplocheilidae,Cyprinodontiformes,Teleostei
Hoplias malabaricus,Hoplias,0.0126,3.09,27,SL,1.15,65,Erythrinidae,Characiformes,Teleostei
Tanichthys albonubes,Tanichthys,0.005,3.378,1,TL,2.4,3.2,Tanichthyidae,Cypriniformes,Teleostei
Pethia gelius,Pethia,0.0162,2.9871,1,TL,2.1,4.9,Cyprinidae,Cypriniformes,Teleostei
Lagocephalus sceleratus,Lagocephalus,0.017345,2.90975,14,TL,3.8,83,Tetraodontidae,Tetraodontiformes,Teleostei
Saurida elongata,Saurida,0.0147,2.908,3,SL,14,46,Synodontidae,Aulopiformes,Teleostei
Barbonymus schwanefeldii,Barbonymus,0.01265,3.04,4,TL,4,33.2,Cyprinidae,Cypriniformes,Teleostei
Malacocephalus occidentalis,Malacocephalus,0.00022,3.732,4,TL,5.8,45.5,Macrouridae,Gadiformes,Teleostei
Anablepsoides hartii,Anablepsoides,0.0133,2.984,1,TL,,,Rivulidae,Cyprinodontiformes,Teleostei
Trichogaster fasciata,Trichogaster,0.0276,2.815,4,TL,3.6,9.4,Osphronemidae,Anabantiformes,Teleostei
Nezumia aequalis,Nezumia,0.0042,2.8,3,TL,6.1,22.4,Macrouridae,Gadiformes,Teleostei
Poecilia velifera,Poecilia,0.022,3.302,1,SL,1.4,5.2,Poeciliidae,Cyprinodontiformes,Teleostei
Trichogaster lalius,Trichogaster,0.0191,3.01,5,TL,2.35,9.5,Osphronemidae,Anabantiformes,Teleostei
Carpiodes cyprinus,Carpiodes,0.00787,2.966,3,TL,2.5,59.6,Catostomidae,Cypriniformes,Teleostei
Macropodus opercularis,Macropodus,0.012,3.021,2,TL,3.08,8.12,Osphronemidae,Anabantiformes,Teleostei
Geophagus surinamensis,Geophagus,0.0332,3.03,1,SL,3.7,12,Cichlidae,Cichliformes,Teleostei
Leucaspius delineatus,Leucaspius,0.00745,3.1215,2,TL,2,9,Leuciscidae,Cypriniformes,Teleostei
Leuciscus aspius,Leuciscus,0.004,3.187,11,TL,4,71.5,Leuciscidae,Cypriniformes,Teleostei
Rhodeus ocellatus,Rhodeus,0.00985,3.15,9,TL,1.2,9.2,Acheilognathidae,Cypriniformes,Teleostei
Pimephales promelas,Pimephales,0.01275,2.975,10,TL,5.7,8.3,Leuciscidae,Cypriniformes,Teleostei
Amphilophus citrinellus,Amphilophus,0.0325,3,1,TL,29.2,35.6,Cichlidae,Cichliformes,Teleostei
Coregonus migratorius,Coregonus,0.00096,3.7298,1,FL,29.5,48.5,Salmonidae,Salmoniformes,Teleostei
Megalobrama terminalis,Megalobrama,0.00546,3.2175,4,TL,10.3,63.5,Xenocyprididae,Cypriniformes,Teleostei
Misgurnus fossilis,Misgurnus,0.00305,3.1535,2,TL,12.6,23.3,Cobitidae,Cypriniformes,Teleostei
Pterygoplichthys multiradiatus,Pterygoplichthys,0.0471,2.75,2,SL,12.2,43.7,Loricariidae,Siluriformes,Teleostei
Macropodus ocellatus,Macropodus,0.023,2.72,1,TL,4.1,8.6,Osphronemidae,Anabantiformes,Teleostei
Sarda lineolata,Sarda,0.01193,3,1,FL,91,102,Scombridae,Scombriformes,Teleostei
Mayaheros urophthalmus,Mayaheros,0.0324,3.045,7,SL,2.5,27.1,Cichlidae,Cichliformes,Teleostei
Channa argus,Channa,0.0065,3.069,5,TL,8,88,Channidae,Anabantiformes,Teleostei
Setarches guentheri,Setarches,0.0093,3.118,4,TL,5.5,31.4,Setarchidae,Perciformes/Scorpaenoidei,Teleostei
Leiopotherapon unicolor,Leiopotherapon,0.0107,3.149,1,TL,4.6,20.2,Terapontidae,Centrarchiformes,Teleostei
Lates microlepis,Lates,0.00886,3.05,2,FL,93,93,Latidae,Carangaria/misc,Teleostei
Hampala macrolepidota,Hampala,0.0105,3.011,9,TL,3,63.9,Cyprinidae,Cypriniformes,Teleostei
Clarias macrocephalus,Clarias,0.0222,2.9325,2,TL,19.4,41,Clariidae,Siluriformes,Teleostei
Ambassis gymnocephalus,Ambassis,0.02135,2.997,4,SL,1.7,12.8,Ambassidae,Ovalentaria/misc,Teleostei
Cynoglossus puncticeps,Cynoglossus,0.00625,3.0685,2,TL,,,Cynoglossidae,Pleuronectiformes,Teleostei
Nuchequula blochii,Nuchequula,0.00922,3.16,3,TL,5.4,10.75,Leiognathidae,Acanthuriformes,Teleostei
Nuchequula gerreoides,Nuchequula,0.023,2.89,5,TL,3.1,11.4,Leiognathidae,Acanthuriformes,Teleostei
Leiognathus brevirostris,Leiognathus,0.02308,2.93,6,SL,2.1,12.3,Leiognathidae,Acanthuriformes,Teleostei
Deveximentum ruconius,Deveximentum,0.0268,2.833,11,FL,0.7,7.9,Leiognathidae,Acanthuriformes,Teleostei
Pethia ticto,Pethia,0.0157,3.02,9,TL,1.22,12.52,Cyprinidae,Cypriniformes,Teleostei
Planiliza macrolepis,Planiliza,0.0167,2.951,7,TL,3.1,37.2,Mugilidae,Mugiliformes,Teleostei
Moolgarda buchanani,Moolgarda,0.01145,3.03,4,FL,4.8,60,Mugilidae,Mugiliformes,Teleostei
Planiliza subviridis,Planiliza,0.017,2.89,11,TL,4.4,44.1,Mugilidae,Mugiliformes,Teleostei
Planiliza planiceps,Planiliza,0.028845,2.69,2,TL,9.26,26.54,Mugilidae,Mugiliformes,Teleostei
Upeneus vittatus,Upeneus,0.009205,3.14535,12,TL,6,25,Mullidae,Mulliformes,Teleostei
Zenion hololepis,Zenion,0.03216,2.6645,2,TL,3.2,15.6,Zeniontidae,Zeiformes,Teleostei
Otolithes ruber,Otolithes,0.0133,2.943,14,TL,4.3,60,Sciaenidae,Eupercaria/misc,Teleostei
Epinephelus sexfasciatus,Epinephelus,0.02155,3.04,2,SL,14.5,30.5,Epinephelidae,Perciformes/Serranoidei,Teleostei
Plectropomus leopardus,Plectropomus,0.011825,3.05827,10,FL,5,91,Epinephelidae,Perciformes/Serranoidei,Teleostei
Sphyraena jello,Sphyraena,0.0124,2.847,10,TL,7.6,119,Sphyraenidae,Carangaria/misc,Teleostei
Saurida longimanus,Saurida,0.004,3.11,3,TL,12.7,25.5,Synodontidae,Aulopiformes,Teleostei
Terapon theraps,Terapon,0.01135,3.079,2,FL,4.6,18.4,Terapontidae,Centrarchiformes,Teleostei
Erpetoichthys calabaricus,Erpetoichthys,0.00273,2.8317,6,TL,15.2,41.4,Polypteridae,Polypteriformes,Cladistii
Glossogobius giuris,Glossogobius,0.011,2.983,19,TL,2.3,29.1,Gobiidae,Gobiiformes,Teleostei
Aphanius fasciatus,Aphanius,0.01047,3.311,18,TL,1.5,7.2,Aphaniidae,Cyprinodontiformes,Teleostei
Ostorhinchus nigrofasciatus,Ostorhinchus,0.010335,3.41697,2,FL,3.5,8,Apogonidae,Kurtiformes,Teleostei
Ostorhinchus aureus,Ostorhinchus,0.00813,3.409,3,FL,5.1,12.8,Apogonidae,Kurtiformes,Teleostei
Ostorhinchus fleurieu,Ostorhinchus,0.0055,3.4746,1,TL,7.6,14.2,Apogonidae,Kurtiformes,Teleostei
Halichoeres argus,Halichoeres,0.01746,2.95682,1,FL,3.1,10.1,Labridae,Eupercaria/misc,Teleostei
Halichoeres melanurus,Halichoeres,0.011355,3.13075,4,SL,3.6,10.6,Labridae,Eupercaria/misc,Teleostei
Halichoeres chloropterus,Halichoeres,0.016,2.87,1,TL,1.9,12.6,Labridae,Eupercaria/misc,Teleostei
Labropsis xanthonota,Labropsis,0.0076,3.105,1,TL,,,Labridae,Eupercaria/misc,Teleostei
Leiopotherapon plumbeus,Leiopotherapon,0.032,3,1,SL,2.2,11.8,Terapontidae,Centrarchiformes,Teleostei
Platycephalus bassensis,Platycephalus,0.00204,3.332,12,,,,Platycephalidae,Perciformes/Scorpaenoidei,Teleostei
Platycephalus caeruleopunctatus,Platycephalus,0.0032,3.19665,2,FL,26,64,Platycephalidae,Perciformes/Scorpaenoidei,Teleostei
Alburnoides bipunctatus,Alburnoides,0.00609,3.21,7,TL,2.5,18.5,Leuciscidae,Cypriniformes,Teleostei
Apricaphanius iberus,Apricaphanius,0.0161,3.02,3,FL,0.8,4.2,Aphaniidae,Cyprinodontiformes,Teleostei
Salariopsis fluviatilis,Salariopsis,0.0102,3.08,5,TL,2,7.5,Blenniidae,Blenniiformes,Teleostei
Chondrostoma nasus,Chondrostoma,0.009,3.04,1,TL,15.1,38.2,Leuciscidae,Cypriniformes,Teleostei
Gambusia holbrooki,Gambusia,0.00835,3.32,14,TL,0.7,5.9,Poeciliidae,Cyprinodontiformes,Teleostei
Salmo macrostigma,Salmo,0.0155,2.98215,6,FL,4.6,43.6,Salmonidae,Salmoniformes,Teleostei
Eudontomyzon danfordi,Eudontomyzon,0.00106,3.0272,3,TL,8.49,21.85,Petromyzontidae,Petromyzontiformes,Petromyzonti
Rita rita,Rita,0.0159,2.946,6,TL,5.5,65.8,Ritidae,Siluriformes,Teleostei
Heteropneustes fossilis,Heteropneustes,0.0063,2.978,4,TL,6.2,41.2,Heteropneustidae,Siluriformes,Teleostei
Plectropomus maculatus,Plectropomus,0.0073,3.1645,5,TL,,,Epinephelidae,Perciformes/Serranoidei,Teleostei
Spicara maena,Spicara,0.01087,3.04,39,TL,3.2,27.5,Sparidae,Eupercaria/misc,Teleostei
Anampses twistii,Anampses,0.02146,3,2,SL,11.2,11.2,Labridae,Eupercaria/misc,Teleostei
Acentrogobius caninus,Acentrogobius,0.0129,2.9575,4,SL,2.6,18.3,Gobiidae,Gobiiformes,Teleostei
Trypauchen vagina,Trypauchen,0.004945,2.995,16,TL,4.5,20,Gobiidae,Gobiiformes,Teleostei
Mistichthys luzonensis,Mistichthys,0.00195,3.499,1,TL,0.8,2.5,Gobiidae,Gobiiformes,Teleostei
Taenioides cirratus,Taenioides,0.01,2.59,3,TL,5.2,25.4,Gobiidae,Gobiiformes,Teleostei
Boleophthalmus boddarti,Boleophthalmus,0.0156,2.89,3,TL,3,20.1,Oxudercidae,Gobiiformes,Teleostei
Gymnothorax undulatus,Gymnothorax,0.001465,3.04,2,TL,12,90.3,Muraenidae,Anguilliformes,Teleostei
Sargocentron punctatissimum,Sargocentron,0.0129,3.074,2,TL,4.8,20,Holocentridae,Holocentriformes,Teleostei
Sargocentron caudimaculatum,Sargocentron,0.0391,2.941,1,SL,10,15,Holocentridae,Holocentriformes,Teleostei
Sargocentron tiere,Sargocentron,0.02752,2.945,4,FL,14,26,Holocentridae,Holocentriformes,Teleostei
Myripristis berndti,Myripristis,0.0471,2.834,6,FL,4.5,27.2,Holocentridae,Holocentriformes,Teleostei
Neoniphon sammara,Neoniphon,0.02762,2.843,5,TL,3.5,21.9,Holocentridae,Holocentriformes,Teleostei
Dendrochirus brachypterus,Dendrochirus,0.011275,3.268925,2,FL,4,12,Scorpaenidae,Perciformes/Scorpaenoidei,Teleostei
Scorpaenodes parvipinnis,Scorpaenodes,0.02542,3,3,FL,3,15.7,Scorpaenidae,Perciformes/Scorpaenoidei,Teleostei
Scorpaenopsis diabolus,Scorpaenopsis,0.015475,3,2,SL,17.7,22,Scorpaenidae,Perciformes/Scorpaenoidei,Teleostei
Anyperodon leucogrammicus,Anyperodon,0.00461,3.23,5,FL,13,51,Epinephelidae,Perciformes/Serranoidei,Teleostei
Epinephelus merra,Epinephelus,0.0093,3.151,8,FL,3.9,36.5,Epinephelidae,Perciformes/Serranoidei,Teleostei
Grammistes sexlineatus,Grammistes,0.02551,3,2,SL,15.4,15.4,Grammistidae,Perciformes/Serranoidei,Teleostei
Sphaeramia orbicularis,Sphaeramia,0.0676,2.809,1,SL,3.3,7.6,Apogonidae,Kurtiformes,Teleostei
Carlarius heudelotii,Carlarius,0.0248,2.671,1,,,,Ariidae,Siluriformes,Teleostei
Carlarius latiscutatus,Carlarius,0.006,3.2367,1,FL,15.5,61.4,Ariidae,Siluriformes,Teleostei
Balistes punctatus,Balistes,0.0493,2.797,4,TL,15,51.8,Balistidae,Tetraodontiformes,Teleostei
Batrachoides liberiensis,Batrachoides,0.014,3.0541,1,TL,5,32.8,Batrachoididae,Batrachoidiformes,Teleostei
Bembrops heterurus,Bembrops,0.00578,2.99,3,TL,8.8,24,Bembropidae,Perciformes/Bembropoidei,Teleostei
Branchiostegus semifasciatus,Branchiostegus,0.01,3,1,TL,31,49.5,Latilidae,Eupercaria/misc,Teleostei
Cephalopholis taeniops,Cephalopholis,0.00715,3.2065,4,TL,15,53,Epinephelidae,Perciformes/Serranoidei,Teleostei
Citharichthys stampflii,Citharichthys,0.004,3.34,5,TL,3.77,19,Cyclopsettidae,Pleuronectiformes,Teleostei
Citharus linguatula,Citharus,0.0058,3.086,29,TL,3.5,39.7,Citharidae,Pleuronectiformes,Teleostei
Carlarius parkii,Carlarius,0.009,3.1236,1,TL,14.8,52.5,Ariidae,Siluriformes,Teleostei
Cynoglossus canariensis,Cynoglossus,0.00306,3.138,5,TL,,,Cynoglossidae,Pleuronectiformes,Teleostei
Parachela oxygastroides,Parachela,0.00918,2.931,1,TL,5,15,Xenocyprididae,Cypriniformes,Teleostei
Cynoglossus senegalensis,Cynoglossus,0.0035,3.02655,2,TL,11.6,63.5,Cynoglossidae,Pleuronectiformes,Teleostei
Cyttopsis rosea,Cyttopsis,0.01167,3.044,2,TL,0.89,18.5,Parazenidae,Zeiformes,Teleostei
Dasyatis marmorata,Dasyatis,0.00385,3.1515,4,TL,20,74.5,Dasyatidae,Myliobatiformes,Elasmobranchii
Bodianus speciosus,Bodianus,0.0336,2.865,2,TL,21,55,Labridae,Eupercaria/misc,Teleostei
Dibranchus atlanticus,Dibranchus,0.0154,3.04,3,TL,3.4,17.2,Ogcocephalidae,Lophiiformes,Teleostei
Dicologlossa hexophthalma,Dicologlossa,0.0092,3.056,1,TL,10.4,13.2,Soleidae,Pleuronectiformes,Teleostei
Diretmus argenteus,Diretmus,0.05955,2.8895,2,SL,1.4,7.6,Diretmidae,Trachichthyiformes,Teleostei
Elops lacerta,Elops,0.00746,2.943,7,TL,8.4,33.8,Elopidae,Elopiformes,Teleostei
Ephippion guttifer,Ephippion,0.0182,2.995,2,TL,8.4,64,Tetraodontidae,Tetraodontiformes,Teleostei
Epinephelus goreensis,Epinephelus,0.0164,3.02,1,TL,51,95,Epinephelidae,Perciformes/Serranoidei,Teleostei
Gephyroberyx darwinii,Gephyroberyx,0.0176,3,3,TL,18.6,63,Trachichthyidae,Trachichthyiformes,Teleostei
Hoplostethus mediterraneus,Hoplostethus,0.0086,3.1528,12,TL,4.3,30,Trachichthyidae,Trachichthyiformes,Teleostei
Scarus dubius,Scarus,0.015125,3.375,2,SL,14.5,26,Scaridae,Eupercaria/misc,Teleostei
Scarus flavipectoralis,Scarus,0.0228,3.134,1,SL,15,22,Scaridae,Eupercaria/misc,Teleostei
Scarus rivulatus,Scarus,0.02025,3.107025,4,SL,1.8,41.5,Scaridae,Eupercaria/misc,Teleostei
Scarus globiceps,Scarus,0.01775,3.02,4,TL,15.5,37.2,Scaridae,Eupercaria/misc,Teleostei
Scarus dimidiatus,Scarus,0.0278,3.049,1,SL,10,26.5,Scaridae,Eupercaria/misc,Teleostei
Scarus schlegeli,Scarus,0.02378,2.999595,4,TL,2.2,37,Scaridae,Eupercaria/misc,Teleostei
Chlorurus bleekeri,Chlorurus,0.0415,2.946,1,SL,10,28,Scaridae,Eupercaria/misc,Teleostei
Chlorurus japanensis,Chlorurus,0.017,3.08,1,FL,17,56.2,Scaridae,Eupercaria/misc,Teleostei
Pycnochromis atripes,Pycnochromis,0.014245,3,2,SL,6.6,6.6,Pomacentridae,Ovalentaria/misc,Teleostei
Lophius vaillanti,Lophius,0.0097,3.127,1,TL,18.9,80.3,Lophiidae,Lophiiformes,Teleostei
Malacocephalus laevis,Malacocephalus,0.341375,2.9715,2,OT,1.5,47.5,Macrouridae,Gadiformes,Teleostei
Microchirus ocellatus,Microchirus,0.0163,2.9535,6,TL,5.2,21,Soleidae,Pleuronectiformes,Teleostei
Mugil bananensis,Mugil,0.0183,3.0669,2,SL,4.7,19.5,Mugilidae,Mugiliformes,Teleostei
Mustelus mustelus,Mustelus,0.0026,3.05415,22,TL,25.5,159,Triakidae,Carcharhiniformes,Elasmobranchii
Paragaleus pectoralis,Paragaleus,0.0025,3.053,2,TL,48,130,Hemigaleidae,Carcharhiniformes,Elasmobranchii
Polydactylus quadrifilis,Polydactylus,0.007,3.114,9,TL,10.5,143,Polynemidae,Carangaria/misc,Teleostei
Pomadasys incisus,Pomadasys,0.0197,2.8513,7,TL,4.5,53.5,Haemulidae,Eupercaria/misc,Teleostei
Pontinus kuhlii,Pontinus,0.015,2.98,5,TL,15.7,47,Scorpaenidae,Perciformes/Scorpaenoidei,Teleostei
Promethichthys prometheus,Promethichthys,0.00413,2.989,3,TL,29,48.5,Gempylidae,Scombriformes,Teleostei
Pseudotolithus senegallus,Pseudotolithus,0.007465,3.06815,2,TL,10.5,85,Sciaenidae,Eupercaria/misc,Teleostei
Pseudotolithus moorii,Pseudotolithus,0.001,3.8472,1,TL,18.4,27.8,Sciaenidae,Eupercaria/misc,Teleostei
Aetomylaeus bovinus,Aetomylaeus,0.00618,3.0675,4,WD,32,160,Myliobatidae,Myliobatiformes,Elasmobranchii
Raja miraletus,Raja,0.00168,3.3435,24,TL,6.5,56.5,Rajidae,Rajiformes,Elasmobranchii
Raja straeleni,Raja,0.00565,3.0531,3,TL,,,Rajidae,Rajiformes,Elasmobranchii
Rhinobatos rhinobatos,Rhinobatos,0.0013,3.17675,6,TL,23,185,Rhinobatidae,Rhinopristiformes,Elasmobranchii
Scarus hoefleri,Scarus,0.0199,2.9472,1,TL,32.5,66,Scaridae,Eupercaria/misc,Teleostei
Scorpaena elongata,Scorpaena,0.0147,3.0435,4,TL,5.6,50,Scorpaenidae,Perciformes/Scorpaenoidei,Teleostei
Elops senegalensis,Elops,0.00965,3,3,TL,11.8,72,Elopidae,Elopiformes,Teleostei
Polypterus senegalus,Polypterus,0.00901,2.862,6,TL,6.2,33,Polypteridae,Polypteriformes,Cladistii
Scorpaena stephanica,Scorpaena,0.024,2.851,3,TL,13.9,41.8,Scorpaenidae,Perciformes/Scorpaenoidei,Teleostei
Sphyraena afra,Sphyraena,0.006,2.99,5,FL,12.2,172,Sphyraenidae,Carangaria/misc,Teleostei
Dalophis boulengeri,Dalophis,0.003,2.375,1,TL,34,48.5,Ophichthidae,Anguilliformes,Teleostei
Denticeps clupeoides,Denticeps,0.00063,2.53,1,TL,,,Denticipitidae,Clupeiformes,Teleostei
Trachinus radiatus,Trachinus,0.011,2.992,5,TL,14.2,50.7,Trachinidae,Perciformes/Percoidei,Teleostei
Trigla lyra,Trigla,0.00987,2.9237,18,TL,3.5,51,Triglidae,Perciformes/Scorpaenoidei,Teleostei
Uranoscopus cadenati,Uranoscopus,0.019,2.713,1,TL,,,Uranoscopidae,Perciformes/Uranoscopoidei,Teleostei
Bathygadus melanobranchus,Bathygadus,0.00277,3.07,1,TL,,,Bathygadidae,Gadiformes,Teleostei
Chaunax pictus,Chaunax,0.00676,3.45,1,TL,,,Chaunacidae,Lophiiformes,Teleostei
Cubiceps pauciradiatus,Cubiceps,0.0122,2.949,1,TL,,,Nomeidae,Scombriformes,Teleostei
Harriotta raleighana,Harriotta,0.00106,3.228,7,TL,18.7,98,Rhinochimaeridae,Chimaeriformes,Holocephali
Polymetme corythaeola,Polymetme,0.001985,3.41,2,TL,13.7,21.5,Phosichthyidae,Stomiiformes,Teleostei
Kaperangus microlepis,Kaperangus,0.02712,2.59,1,TL,6.9,10.9,Synagropidae,Acropomatiformes,Teleostei
Papyrocranus afer,Papyrocranus,0.00485,2.922,3,SL,10.3,55.5,Notopteridae,Osteoglossiformes,Teleostei
Xenodermichthys copei,Xenodermichthys,0.00691,3,4,SL,14.6,17.8,Alepocephalidae,Alepocephaliformes,Teleostei
Odaxothrissa mento,Odaxothrissa,0.02915,2.5045,2,SL,6.3,11.6,Dorosomatidae,Clupeiformes,Teleostei
Xenomystus nigri,Xenomystus,0.0054,3.172,1,SL,7.2,17.2,Notopteridae,Osteoglossiformes,Teleostei
Pagrus auriga,Pagrus,0.016625,3.038,2,TL,15,54,Sparidae,Eupercaria/misc,Teleostei
Pagrus africanus,Pagrus,0.02117,3,1,TL,64,64,Sparidae,Eupercaria/misc,Teleostei
Paraconger notialis,Paraconger,0.0012,3.144,1,TL,48.5,72,Congridae,Anguilliformes,Teleostei
Alepocephalus rostratus,Alepocephalus,0.0039,3.145,2,TL,11,39,Alepocephalidae,Alepocephaliformes,Teleostei
Mormyrus tapirus,Mormyrus,0.02,2.8,1,TL,,,Mormyridae,Osteoglossiformes,Teleostei
Hyperopisus bebe,Hyperopisus,0.02,2.722,3,TL,7.6,42.7,Mormyridae,Osteoglossiformes,Teleostei
Isichthys henryi,Isichthys,0.0267,2.252,1,TL,20,31.9,Mormyridae,Osteoglossiformes,Teleostei
Spicara melanurus,Spicara,0.04565,2.69075,2,TL,18.2,32.8,Sparidae,Eupercaria/misc,Teleostei
Chelidonichthys lastoviza,Chelidonichthys,0.01058,3.017,26,TL,4.5,42,Triglidae,Perciformes/Scorpaenoidei,Teleostei
Marcusenius cyprinoides,Marcusenius,0.0161,2.888,1,SL,9.3,16,Mormyridae,Osteoglossiformes,Teleostei
Searsia koefoedi,Searsia,0.0034,3.453,1,SL,5.5,14.3,Platytroctidae,Alepocephaliformes,Teleostei
Lophius budegassa,Lophius,0.0154,2.99,23,TL,4.3,82,Lophiidae,Lophiiformes,Teleostei
Argyropelecus olfersii,Argyropelecus,0.02563,3,2,SL,9,9,Sternoptychidae,Stomiiformes,Teleostei
Diproctacanthus xanthurus,Diproctacanthus,0.0076,3.105,1,TL,,,Labridae,Eupercaria/misc,Teleostei
Labrichthys unilineatus,Labrichthys,0.020355,3,2,SL,11,11,Labridae,Eupercaria/misc,Teleostei
Dascyllus aruanus,Dascyllus,0.04151,2.686,5,TL,1.3,10,Pomacentridae,Ovalentaria/misc,Teleostei
Dascyllus trimaculatus,Dascyllus,0.07185,2.6925,4,TL,5.5,13.5,Pomacentridae,Ovalentaria/misc,Teleostei
Dascyllus reticulatus,Dascyllus,0.046155,2.939855,2,FL,3.3,8,Pomacentridae,Ovalentaria/misc,Teleostei
Chelon dumerili,Chelon,0.0156,3.034,7,SL,3,29.2,Mugilidae,Mugiliformes,Teleostei
Cyclothone acclinidens,Cyclothone,0.00351,2.84,1,SL,2.9,6.3,Gonostomatidae,Stomiiformes,Teleostei
Poromitra crassiceps,Poromitra,0.0078,3.1,2,SL,11.8,14,Melamphaidae,Beryciformes,Teleostei
Melanonus zugmayeri,Melanonus,0.0036,2.973,1,SL,6.4,19.1,Melanonidae,Gadiformes,Teleostei
Scopelengys tristis,Scopelengys,0.0029,3.42,1,SL,6.3,14.7,Neoscopelidae,Myctophiformes,Teleostei
Chiloscyllium plagiosum,Chiloscyllium,0.0055,3,2,SL,,24.3,Hemiscylliidae,Orectolobiformes,Elasmobranchii
Cypselurus poecilopterus,Cypselurus,0.021,2.908,1,FL,,,Exocoetidae,Beloniformes,Teleostei
Oligolepis acutipennis,Oligolepis,0.0183,3.054,1,SL,1.6,5.6,Gobiidae,Gobiiformes,Teleostei
Pomadasys commersonnii,Pomadasys,0.0259,2.873,4,SL,1.4,64,Haemulidae,Eupercaria/misc,Teleostei
Coryphaenoides armatus,Coryphaenoides,0.229,3.1955,2,OT,6.7,16.1,Macrouridae,Gadiformes,Teleostei
Astronesthes macropogon,Astronesthes,0.00126,3.106,1,TL,,,Stomiidae,Stomiiformes,Teleostei
Torpedo marmorata,Torpedo,0.026175,2.905,30,TL,7.2,50.5,Torpedinidae,Torpediniformes,Elasmobranchii
Champsocephalus esox,Champsocephalus,0.003,3.187,1,TL,17,33,Channichthyidae,Perciformes/Notothenioidei,Teleostei
Patagonotothen tessellata,Patagonotothen,0.008,3.163,1,TL,7,28,Nototheniidae,Perciformes/Notothenioidei,Teleostei
Chaetodon miliaris,Chaetodon,0.042,3,1,SL,,,Chaetodontidae,Acanthuriformes,Teleostei
Engraulicypris sardella,Engraulicypris,0.00215,3.22,3,,,,Danionidae,Cypriniformes,Teleostei
Mystus vittatus,Mystus,0.0139,2.918,9,TL,2.4,20,Bagridae,Siluriformes,Teleostei
Mystus gulio,Mystus,0.0143,3.0175,10,TL,4.9,23.4,Bagridae,Siluriformes,Teleostei
Mystus cavasius,Mystus,0.009545,2.97,10,TL,5,27.4,Bagridae,Siluriformes,Teleostei
Channa orientalis,Channa,0.01015,3.09105,2,TL,7.1,19.6,Channidae,Anabantiformes,Teleostei
Channa marulius,Channa,0.014,2.859,3,TL,20,61.2,Channidae,Anabantiformes,Teleostei
Chelon richardsonii,Chelon,0.01845,2.9995,2,SL,2.4,28,Mugilidae,Mugiliformes,Teleostei
Channa punctata,Channa,0.01755,2.82,12,TL,3,27.9,Channidae,Anabantiformes,Teleostei
Mystus armatus,Mystus,0.012,2.697,1,TL,10.1,12.6,Bagridae,Siluriformes,Teleostei
Esomus danrica,Esomus,0.00805,3.005,2,TL,2.1,10.9,Danionidae,Cypriniformes,Teleostei
Labeo calbasu,Labeo,0.010815,3.011,10,TL,4.4,79,Cyprinidae,Cypriniformes,Teleostei
Macrognathus aculeatus,Macrognathus,0.0029,3.082,5,TL,6,28,Mastacembelidae,Synbranchiformes,Teleostei
Ambassis interrupta,Ambassis,0.01405,2.8885,4,FL,5,12,Ambassidae,Ovalentaria/misc,Teleostei
Stomias atriventer,Stomias,2e-04,3.73,1,SL,7.2,20.9,Stomiidae,Stomiiformes,Teleostei
Melanostigma pammelas,Melanostigma,0.00225,3,2,SL,10.3,,Zoarcidae,Perciformes/Zoarcoidei,Teleostei
Kuhlia sandvicensis,Kuhlia,0.02102,3,3,FL,2.5,23,Kuhliidae,Centrarchiformes,Teleostei
Epinephelus akaara,Epinephelus,0.0304,2.971,1,,,,Epinephelidae,Perciformes/Serranoidei,Teleostei
Borostomias panamensis,Borostomias,0.0102,2.95,1,SL,,,Stomiidae,Stomiiformes,Teleostei
Rasbora argyrotaenia,Rasbora,0.01062,2.915,3,TL,4,14,Danionidae,Cypriniformes,Teleostei
Barbodes binotatus,Barbodes,0.006885,3.155,4,TL,1.53,13.9,Cyprinidae,Cypriniformes,Teleostei
Sagamichthys abei,Sagamichthys,0.0088,3,3,SL,,11.4,Platytroctidae,Alepocephaliformes,Teleostei
Bajacalifornia burragei,Bajacalifornia,0.00545,3,4,SL,,14.4,Alepocephalidae,Alepocephaliformes,Teleostei
Hippopotamyrus pictus,Hippopotamyrus,0.0145,2.916,1,SL,7.8,24.6,Mormyridae,Osteoglossiformes,Teleostei
Brevimyrus niger,Brevimyrus,0.01124,2.87194,2,TL,6.7,15,Mormyridae,Osteoglossiformes,Teleostei
Brienomyrus brachyistius,Brienomyrus,0.0182,2.541,3,TL,3.1,20,Mormyridae,Osteoglossiformes,Teleostei
Brienomyrus longianalis,Brienomyrus,0.0104,2.293,1,SL,,,Mormyridae,Osteoglossiformes,Teleostei
Petrocephalus soudanensis,Petrocephalus,0.01347,2.89643,1,TL,6.1,10.8,Mormyridae,Osteoglossiformes,Teleostei
Petrocephalus ansorgii,Petrocephalus,0.0352,2.712,2,TL,10.9,15.2,Mormyridae,Osteoglossiformes,Teleostei
Petrocephalus pallidomaculatus,Petrocephalus,0.02214,2.68009,1,TL,6.6,9.7,Mormyridae,Osteoglossiformes,Teleostei
Pollimyrus isidori,Pollimyrus,0.012785,2.97188,2,SL,5.2,10.3,Mormyridae,Osteoglossiformes,Teleostei
Pollimyrus adspersus,Pollimyrus,0.00397,3.5185,1,TL,6,9.8,Mormyridae,Osteoglossiformes,Teleostei
Phractolaemus ansorgii,Phractolaemus,0.0061,3.17,1,TL,4.5,23.6,Phractolaemidae,Gonorynchiformes,Teleostei
Hydrocynus brevis,Hydrocynus,0.0128,3,1,TL,64.8,67.3,Alestidae,Characiformes,Teleostei
Mormyrus macrophthalmus,Mormyrus,0.007515,3.0155,2,SL,9.5,23.1,Mormyridae,Osteoglossiformes,Teleostei
Marcusenius mento,Marcusenius,0.0071,3.065,2,SL,5.9,36.1,Mormyridae,Osteoglossiformes,Teleostei
Alestes dentex,Alestes,0.00465,3.265,2,SL,6.61,43.5,Alestidae,Characiformes,Teleostei
Alestes macrophthalmus,Alestes,0.017,3.0455,2,TL,5,35,Alestidae,Characiformes,Teleostei
Brycinus leuciscus,Brycinus,0.00685,2.761,4,TL,5.2,13.3,Alestidae,Characiformes,Teleostei
Bryconalestes longipinnis,Bryconalestes,0.0129,3.055,7,TL,4.5,16.4,Alestidae,Characiformes,Teleostei
Brachyalestes nurse,Brachyalestes,0.01301,2.95787,7,SL,5.3,25.4,Alestidae,Characiformes,Teleostei
Brachyalestes imberi,Brachyalestes,0.023,2.756,8,TL,5.4,32.8,Alestidae,Characiformes,Teleostei
Brycinus macrolepidotus,Brycinus,0.01485,2.9365,8,SL,5.4,43,Alestidae,Characiformes,Teleostei
Micralestes elongatus,Micralestes,0.029,2.425,1,SL,4.9,7.3,Alestidae,Characiformes,Teleostei
Phago loricatus,Phago,0.00387,3.02788,1,TL,7.1,15.2,Distichodontidae,Characiformes,Teleostei
Ichthyborus quadrilineatus,Ichthyborus,0.00395,3.235,2,SL,11.6,20.8,Distichodontidae,Characiformes,Teleostei
Distichodus engycephalus,Distichodus,0.0141,3.035,2,SL,4.29,26.3,Distichodontidae,Characiformes,Teleostei
Distichodus brevipinnis,Distichodus,0.011,3.17,3,TL,4.42,38.9,Distichodontidae,Characiformes,Teleostei
Paradistichodus dimidiatus,Paradistichodus,0.00645,3.235,2,SL,3.13,8.48,Distichodontidae,Characiformes,Teleostei
Neolebias unifasciatus,Neolebias,0.0099,3.31,2,SL,2.12,4.92,Distichodontidae,Characiformes,Teleostei
Citharinus latus,Citharinus,0.0102,3.10998,1,TL,5.2,32.5,Citharinidae,Characiformes,Teleostei
Citharinus citharus,Citharinus,0.02235,2.661,2,FL,11,28.9,Citharinidae,Characiformes,Teleostei
Leptocypris niloticus,Leptocypris,0.0086,3.145,2,SL,3.03,10.8,Danionidae,Cypriniformes,Teleostei
Raiamas senegalensis,Raiamas,0.00554,3.161,3,SL,6.9,25,Danionidae,Cypriniformes,Teleostei
Labeobarbus wurtzi,Labeobarbus,0.014,2.853,1,SL,8.6,24.5,Cyprinidae,Cypriniformes,Teleostei
Hoplerythrinus unitaeniatus,Hoplerythrinus,0.016,3.099,3,SL,4.4,28.35,Erythrinidae,Characiformes,Teleostei
Synbranchus marmoratus,Synbranchus,9e-04,3.05,4,SL,4.3,50,Synbranchidae,Synbranchiformes,Teleostei
Enteromius chlorotaenia,Enteromius,0.012,2.949,3,TL,4.5,10,Cyprinidae,Cypriniformes,Teleostei
Lepidocephalichthys guntea,Lepidocephalichthys,0.00845,3.222,6,TL,5,10.72,Cobitidae,Cypriniformes,Teleostei
Monopterus cuchia,Monopterus,0.000645,3.175,2,TL,19,89.5,Synbranchidae,Synbranchiformes,Teleostei
Rhinomugil corsula,Rhinomugil,0.0109,2.94,1,TL,6.5,34,Mugilidae,Mugiliformes,Teleostei
Engyprosopon macrolepis,Engyprosopon,0.0145,2.9517,2,TL,8.9,16,Bothidae,Pleuronectiformes,Teleostei
Epinephelus fasciatus,Epinephelus,0.0195,2.903,6,TL,5.8,52,Epinephelidae,Perciformes/Serranoidei,Teleostei
Epinephelus cyanopodus,Epinephelus,0.012275,3.087365,2,FL,9.5,76,Epinephelidae,Perciformes/Serranoidei,Teleostei
Epinephelus maculatus,Epinephelus,0.0144,2.99,3,FL,6.5,60.5,Epinephelidae,Perciformes/Serranoidei,Teleostei
Symbolophorus californiensis,Symbolophorus,0.00683,3,1,TL,13,13,Myctophidae,Myctophiformes,Teleostei
Leporinus fasciatus,Leporinus,0.010275,3.111,2,SL,10.6,37,Anostomidae,Characiformes,Teleostei
Epinephelus morrhua,Epinephelus,0.034835,2.877,2,FL,26,84,Epinephelidae,Perciformes/Serranoidei,Teleostei
Variola louti,Variola,0.013,3.07913,9,FL,10,66,Epinephelidae,Perciformes/Serranoidei,Teleostei
Serranochromis angusticeps,Serranochromis,0.006,3.282,2,TL,,,Cichlidae,Cichliformes,Teleostei
Serranochromis macrocephalus,Serranochromis,0.012,3.174,3,SL,,,Cichlidae,Cichliformes,Teleostei
Sargochromis codringtonii,Sargochromis,0.019,3.15,3,SL,,,Cichlidae,Cichliformes,Teleostei
Serranochromis jallae,Serranochromis,0.00433,3.44,1,SL,,,Cichlidae,Cichliformes,Teleostei
Sargochromis giardi,Sargochromis,0.0163,3.2575,2,SL,,,Cichlidae,Cichliformes,Teleostei
Sargochromis carlottae,Sargochromis,0.0277,3.044,2,SL,,,Cichlidae,Cichliformes,Teleostei
Pharyngochromis darlingi,Pharyngochromis,0.02655,2.93,2,SL,1,14.6,Cichlidae,Cichliformes,Teleostei
Cephalopholis igarashiensis,Cephalopholis,0.0491,2.748,1,FL,23,41,Epinephelidae,Perciformes/Serranoidei,Teleostei
Epinephelus areolatus,Epinephelus,0.0142,2.9692,13,TL,6,53,Epinephelidae,Perciformes/Serranoidei,Teleostei
Rhabdosargus sarba,Rhabdosargus,0.02305,2.9315,12,TL,1.7,36,Sparidae,Eupercaria/misc,Teleostei
Lampanyctus ritteri,Lampanyctus,0.00815,3.41,1,SL,,,Myctophidae,Myctophiformes,Teleostei
Parajulis poecilepterus,Parajulis,0.01,3.15,3,SL,0.7,20.3,Labridae,Eupercaria/misc,Teleostei
Stegostoma tigrinum,Stegostoma,0.0099,3,4,SL,,52.8,Stegostomatidae,Orectolobiformes,Elasmobranchii
Neotrygon kuhlii,Neotrygon,0.02845,3.0365,4,WD,15.1,49.5,Dasyatidae,Myliobatiformes,Elasmobranchii
Oxyeleotris marmorata,Oxyeleotris,0.006925,3.1859,6,TL,4.8,42.2,Butidae,Gobiiformes,Teleostei
Hoplosternum littorale,Hoplosternum,0.02075,2.985,8,TL,3,25.4,Callichthyidae,Siluriformes,Teleostei
Trachurus capensis,Trachurus,0.0078,3.011,1,TL,,,Carangidae,Carangiformes,Teleostei
Sparodon durbanensis,Sparodon,0.05065,2.8235,2,TL,,,Sparidae,Eupercaria/misc,Teleostei
Mormyrus longirostris,Mormyrus,0.009585,3.0755,2,SL,,,Mormyridae,Osteoglossiformes,Teleostei
Echidna nebulosa,Echidna,0.000345,3.415,4,TL,27.8,72,Muraenidae,Anguilliformes,Teleostei
Echidna polyzona,Echidna,0.00036,3.4,3,TL,21.4,61.5,Muraenidae,Anguilliformes,Teleostei
Gymnothorax chilospilus,Gymnothorax,0.00074,3.15,3,TL,18.9,39.1,Muraenidae,Anguilliformes,Teleostei
Gymnothorax favagineus,Gymnothorax,0.000845,3.33,2,TL,46.9,90.1,Muraenidae,Anguilliformes,Teleostei
Gymnothorax flavimarginatus,Gymnothorax,0.00021,3.52,4,TL,22.5,105.3,Muraenidae,Anguilliformes,Teleostei
Gymnothorax margaritophorus,Gymnothorax,6e-04,3.18,3,TL,25.7,63.2,Muraenidae,Anguilliformes,Teleostei
Gymnothorax meleagris,Gymnothorax,0.00117,3.18,3,TL,33,83.2,Muraenidae,Anguilliformes,Teleostei
Gymnothorax pseudothyrsoideus,Gymnothorax,0.00013,3.65,3,TL,23.6,75.6,Muraenidae,Anguilliformes,Teleostei
Gymnothorax rueppelliae,Gymnothorax,0.000365,3.385,4,TL,28.9,73.2,Muraenidae,Anguilliformes,Teleostei
Gymnothorax zonipectis,Gymnothorax,0.00092,3.065,4,TL,21.2,49,Muraenidae,Anguilliformes,Teleostei
Synodus variegatus,Synodus,0.00314,3.316,5,FL,5,22.2,Synodontidae,Aulopiformes,Teleostei
Taeniura lymma,Taeniura,0.023,3.41,1,WD,14.5,31.5,Dasyatidae,Myliobatiformes,Elasmobranchii
Uropterygius marmoratus,Uropterygius,0.0011,3,1,TL,22.8,,Muraenidae,Anguilliformes,Teleostei
Abantennarius coccineus,Abantennarius,0.00527,3,2,SL,4.3,4.3,Antennariidae,Lophiiformes,Teleostei
Hemiramphus far,Hemiramphus,0.003825,3,8,TL,8.7,44.5,Hemiramphidae,Beloniformes,Teleostei
Marcusenius macrolepidotus,Marcusenius,0.010805,3.078,4,TL,,,Mormyridae,Osteoglossiformes,Teleostei
Sargocentron cornutum,Sargocentron,0.0405,2.837,1,OT,11.5,15.2,Holocentridae,Holocentriformes,Teleostei
Cyphomyrus discorhynchus,Cyphomyrus,0.036,2.53,3,SL,,,Mormyridae,Osteoglossiformes,Teleostei
Myripristis murdjan,Myripristis,0.0231,3.034,5,TL,4.2,26,Holocentridae,Holocentriformes,Teleostei
Labeo cylindricus,Labeo,0.01245,3.1225,2,FL,6.4,18.5,Cyprinidae,Cypriniformes,Teleostei
Nemipterus thosaporni,Nemipterus,0.01425,2.985,2,TL,7,23.5,Nemipteridae,Eupercaria/misc,Teleostei
Nemipterus nematopus,Nemipterus,0.0512,2.737,1,SL,8.5,15.5,Nemipteridae,Eupercaria/misc,Teleostei
Enteromius trimaculatus,Enteromius,0.02,2.944,1,SL,,,Cyprinidae,Cypriniformes,Teleostei
Lepophidium profundorum,Lepophidium,0.00174,3.24,2,TL,6.1,28,Ophidiidae,Ophidiiformes,Teleostei
Probarbus jullieni,Probarbus,0.012055,3.03,4,TL,6,105,Cyprinidae,Cypriniformes,Teleostei
Osmerus mordax,Osmerus,0.0068,3.094,13,FL,8,35,Osmeridae,Osmeriformes,Teleostei
Sphoeroides greeleyi,Sphoeroides,0.01845,3.08065,10,TL,1.5,22.6,Tetraodontidae,Tetraodontiformes,Teleostei
Barbus meridionalis,Barbus,0.009,3.121,3,FL,4,21.8,Cyprinidae,Cypriniformes,Teleostei
Arothron hispidus,Arothron,0.06338,2.755,3,TL,1.5,52,Tetraodontidae,Tetraodontiformes,Teleostei
Anguilla malgumora,Anguilla,0.00281,2.875,1,SL,14,31,Anguillidae,Anguilliformes,Teleostei
Hemibagrus nemurus,Hemibagrus,0.00677,3.09,7,TL,5,55,Bagridae,Siluriformes,Teleostei
Halobatrachus didactylus,Halobatrachus,0.01555,3.0582,6,TL,5.1,35.3,Batrachoididae,Batrachoidiformes,Teleostei
Garra borneensis,Garra,0.0179,2.456,1,SL,5.3,9.8,Cyprinidae,Cypriniformes,Teleostei
Osteochilus spilurus,Osteochilus,0.012,3.173,1,SL,4.1,10.2,Cyprinidae,Cypriniformes,Teleostei
Tor douronensis,Tor,0.0164,3.059,1,SL,5.2,16.5,Cyprinidae,Cypriniformes,Teleostei
Rasbora sumatrana,Rasbora,0.003645,3.194,2,SL,4.6,11.6,Danionidae,Cypriniformes,Teleostei
Upeneus tragula,Upeneus,0.0155,2.9845,10,TL,3.5,30,Mullidae,Mulliformes,Teleostei
Fistularia commersonii,Fistularia,0.000735,3,8,TL,12,117.6,Fistulariidae,Syngnathiformes,Teleostei
Cirrhitichthys falco,Cirrhitichthys,0.010265,3.41313,2,FL,4.3,8,Cirrhitidae,Centrarchiformes,Teleostei
Chaetodon kleinii,Chaetodon,0.04485,2.932,2,SL,6.5,8.7,Chaetodontidae,Acanthuriformes,Teleostei
Amphiprion clarkii,Amphiprion,0.0441,2.99,1,SL,,,Pomacentridae,Ovalentaria/misc,Teleostei
Diodon holocanthus,Diodon,0.09725,2.7798,4,TL,7.3,43,Diodontidae,Tetraodontiformes,Teleostei
Chromis atripectoralis,Chromis,0.019155,3.253865,2,FL,3.5,9,Pomacentridae,Ovalentaria/misc,Teleostei
Brycon moorei,Brycon,0.0134,3.155,2,SL,9.1,53,Bryconidae,Characiformes,Teleostei
Centropyge bicolor,Centropyge,0.031275,3,2,SL,9.4,9.4,Pomacanthidae,Acanthuriformes,Teleostei
Cynoglossus bilineatus,Cynoglossus,0.0037,3.1179,4,TL,8.7,33.1,Cynoglossidae,Pleuronectiformes,Teleostei
Cynoglossus cynoglossus,Cynoglossus,0.004,3.155,1,,,,Cynoglossidae,Pleuronectiformes,Teleostei
Centropyge flavissima,Centropyge,0.02232,3.125,1,TL,2.7,12.3,Pomacanthidae,Acanthuriformes,Teleostei
Centropyge bispinosa,Centropyge,0.111475,2.358995,2,FL,2,11.5,Pomacanthidae,Acanthuriformes,Teleostei
Labroides dimidiatus,Labroides,0.00585,3.179,3,TL,4.5,11.3,Labridae,Eupercaria/misc,Teleostei
Bagrus bajad,Bagrus,0.0148,2.888,7,FL,9.7,85,Bagridae,Siluriformes,Teleostei
Clarotes laticeps,Clarotes,0.0343,2.87,1,SL,13,56,Claroteidae,Siluriformes,Teleostei
Neochelon falcipinnis,Neochelon,0.01085,2.9815,12,TL,3.4,39,Mugilidae,Mugiliformes,Teleostei
Tetraodon lineatus,Tetraodon,0.0389,2.883,3,TL,6.56,38.5,Tetraodontidae,Tetraodontiformes,Teleostei
Parachanna obscura,Parachanna,0.007,3.088,11,TL,3.8,56,Channidae,Anabantiformes,Teleostei
Synodontis annectens,Synodontis,0.02,2.91,2,SL,4.23,33.5,Mochokidae,Siluriformes,Teleostei
Synodontis batensoda,Synodontis,0.0146,3.125,2,SL,5.09,28.6,Mochokidae,Siluriformes,Teleostei
Synodontis ocellifer,Synodontis,0.0228,2.992,1,SL,3.5,16.2,Mochokidae,Siluriformes,Teleostei
Alburnus chalcoides,Alburnus,0.0037,3.357,13,TL,4.1,28.8,Leuciscidae,Cypriniformes,Teleostei
Amblyglyphidodon curacao,Amblyglyphidodon,0.0413,2.886,3,FL,3.6,10.5,Pomacentridae,Ovalentaria/misc,Teleostei
Bathygadus macrops,Bathygadus,0.05975,2.85,1,TL,8.7,41.4,Bathygadidae,Gadiformes,Teleostei
Chauliodus schmidti,Chauliodus,0.0013,3.231,1,SL,5,22.3,Stomiidae,Stomiiformes,Teleostei
Cheilodipterus quinquelineatus,Cheilodipterus,0.01607,3.004,3,FL,2.3,11.2,Apogonidae,Kurtiformes,Teleostei
Chelmon rostratus,Chelmon,0.01,3.208,3,TL,3.5,17,Chaetodontidae,Acanthuriformes,Teleostei
Coris variegata,Coris,0.017665,3,2,SL,7.8,13.6,Labridae,Eupercaria/misc,Teleostei
Cynoglossus lida,Cynoglossus,0.00275,3.215,5,TL,,,Cynoglossidae,Pleuronectiformes,Teleostei
Raja microocellata,Raja,0.00494,3.311,3,TL,15,87,Rajidae,Rajiformes,Elasmobranchii
Rasbora daniconius,Rasbora,0.00892,3.0165,2,TL,,,Danionidae,Cypriniformes,Teleostei
Pachypterus atherinoides,Pachypterus,0.01455,2.79,2,SL,4.2,8.6,Schilbeidae,Siluriformes,Teleostei
Mystus bleekeri,Mystus,0.0147,2.7,9,TL,4.88,17.7,Bagridae,Siluriformes,Teleostei
Sperata aor,Sperata,0.005225,2.993,8,TL,8.5,80,Bagridae,Siluriformes,Teleostei
Choerodon anchorago,Choerodon,0.024,3,3,TL,8.5,27,Labridae,Eupercaria/misc,Teleostei
Pomadasys rogerii,Pomadasys,0.013,3.07,1,TL,22,40,Haemulidae,Eupercaria/misc,Teleostei
Rhynchobatus djiddensis,Rhynchobatus,0.00362,3.05785,4,TL,39.5,271,Rhinidae,Rhinopristiformes,Elasmobranchii
Pachymetopon blochii,Pachymetopon,0.0209,3.051,3,,,,Sparidae,Eupercaria/misc,Teleostei
Himantura uarnak,Himantura,0.0388,2.983,7,WD,32,148.60001,Dasyatidae,Myliobatiformes,Elasmobranchii
Gymnura natalensis,Gymnura,0.00768,3.02,1,WD,,,Gymnuridae,Myliobatiformes,Elasmobranchii
Acroteriobatus annulatus,Acroteriobatus,0.00704,2.92,2,TL,,,Rhinobatidae,Rhinopristiformes,Elasmobranchii
Acroteriobatus leucospilus,Acroteriobatus,0.0221,2.56,1,TL,,,Rhinobatidae,Rhinopristiformes,Elasmobranchii
Dichistius multifasciatus,Dichistius,0.012,3.152,1,,,,Dichistiidae,Centrarchiformes,Teleostei
Elops machnata,Elops,0.01246,2.92707,7,FL,2.4,85,Elopidae,Elopiformes,Teleostei
Chelon tricuspidens,Chelon,0.0212,2.943,3,SL,2.4,49.5,Mugilidae,Mugiliformes,Teleostei
Muraenesox bagio,Muraenesox,0.002885,2.96214,4,TL,35,176,Muraenesocidae,Anguilliformes,Teleostei
Plotosus limbatus,Plotosus,0.00753,2.97,2,TL,28,50,Plotosidae,Siluriformes,Teleostei
Pomadasys multimaculatus,Pomadasys,0.03475,2.813,2,SL,9,37.2,Haemulidae,Eupercaria/misc,Teleostei
Pomadasys olivaceus,Pomadasys,0.0298,2.9785,2,FL,1.8,8.2,Haemulidae,Eupercaria/misc,Teleostei
Johnius belangerii,Johnius,0.0148,3.09,7,SL,3.1,22.8,Sciaenidae,Eupercaria/misc,Teleostei
Neoscorpis lithophilus,Neoscorpis,0.014,3.08,1,,,,Kyphosidae,Centrarchiformes,Teleostei
Dinoperca petersi,Dinoperca,0.0249,2.96,1,TL,,,Dinopercidae,Eupercaria/misc,Teleostei
Epinephelus andersoni,Epinephelus,0.017,2.955,1,,,,Epinephelidae,Perciformes/Serranoidei,Teleostei
Epinephelus chlorostigma,Epinephelus,0.011,3.05,5,TL,26.1,73,Epinephelidae,Perciformes/Serranoidei,Teleostei
Epinephelus tukula,Epinephelus,0.106,2.56,1,TL,,,Epinephelidae,Perciformes/Serranoidei,Teleostei
Acanthopagrus berda,Acanthopagrus,0.0151,3.091,5,TL,2.1,38.2,Sparidae,Eupercaria/misc,Teleostei
Chrysoblephus anglicus,Chrysoblephus,0.0893,2.68,1,FL,,,Sparidae,Eupercaria/misc,Teleostei
Chrysoblephus laticeps,Chrysoblephus,0.0171,3.154,3,FL,,,Sparidae,Eupercaria/misc,Teleostei
Chrysoblephus puniceus,Chrysoblephus,0.063,2.849,1,,,,Sparidae,Eupercaria/misc,Teleostei
Cymatoceps nasutus,Cymatoceps,0.02255,3.043,2,FL,,,Sparidae,Eupercaria/misc,Teleostei
Pachymetopon grande,Pachymetopon,0.022,3.046,1,,,,Sparidae,Eupercaria/misc,Teleostei
Polysteganus praeorbitalis,Polysteganus,0.08185,2.6,2,FL,,,Sparidae,Eupercaria/misc,Teleostei
Rhabdosargus holubi,Rhabdosargus,0.0272,2.959,3,FL,1.1,24,Sparidae,Eupercaria/misc,Teleostei
Mirogrex terraesanctae,Mirogrex,0.0029,3.24,1,TL,,,Leuciscidae,Cypriniformes,Teleostei
Cetoscarus bicolor,Cetoscarus,0.0184,3,3,FL,18.5,49.7,Scaridae,Eupercaria/misc,Teleostei
Hipposcarus longiceps,Hipposcarus,0.01545,3.06,2,TL,14.8,52.1,Scaridae,Eupercaria/misc,Teleostei
Scarus altipinnis,Scarus,0.0197,3.013,6,FL,11,51.5,Scaridae,Eupercaria/misc,Teleostei
Chlorurus bowersi,Chlorurus,0.0247,3.14,1,SL,18.5,30,Scaridae,Eupercaria/misc,Teleostei
Scarus festivus,Scarus,0.0104,3.24,1,TL,20.1,39.5,Scaridae,Eupercaria/misc,Teleostei
Scarus forsteni,Scarus,0.03415,2.93,2,FL,19,46.6,Scaridae,Eupercaria/misc,Teleostei
Scarus frenatus,Scarus,0.0228,3.1,2,FL,10.6,44.5,Scaridae,Eupercaria/misc,Teleostei
Chlorurus frontalis,Chlorurus,0.0187,3.05,4,TL,15.7,49.5,Scaridae,Eupercaria/misc,Teleostei
Scarus ghobban,Scarus,0.02165,3.0065,6,TL,2.6,51.6,Scaridae,Eupercaria/misc,Teleostei
Scarus niger,Scarus,0.0145,3.135,6,FL,11,44.4,Scaridae,Eupercaria/misc,Teleostei
Scarus oviceps,Scarus,0.0162,3.06995,4,TL,17,44.5,Scaridae,Eupercaria/misc,Teleostei
Scarus psittacus,Scarus,0.02055,3.0175,8,FL,4.3,43,Scaridae,Eupercaria/misc,Teleostei
Scarus quoyi,Scarus,0.0565,2.818,1,SL,13.5,23.5,Scaridae,Eupercaria/misc,Teleostei
Scarus rubroviolaceus,Scarus,0.01255,3.18,4,TL,14.5,54,Scaridae,Eupercaria/misc,Teleostei
Chlorurus sordidus,Chlorurus,0.022155,3.0905,6,TL,2.3,37,Scaridae,Eupercaria/misc,Teleostei
Chaetodon auriga,Chaetodon,0.0312,2.953,3,TL,2.4,19,Chaetodontidae,Acanthuriformes,Teleostei
Chaetodon baronessa,Chaetodon,0.0448,2.828,1,TL,,,Chaetodontidae,Acanthuriformes,Teleostei
Chaetodon bennetti,Chaetodon,0.03839,2.88508,1,FL,3,12.6,Chaetodontidae,Acanthuriformes,Teleostei
Chaetodon citrinellus,Chaetodon,0.0381,2.81257,2,FL,3,10.5,Chaetodontidae,Acanthuriformes,Teleostei
Chaetodon ephippium,Chaetodon,0.022745,3.05046,2,FL,3.4,17.5,Chaetodontidae,Acanthuriformes,Teleostei
Chaetodon lineolatus,Chaetodon,0.06926,2.62151,1,FL,2,20,Chaetodontidae,Acanthuriformes,Teleostei
Chaetodon melannotus,Chaetodon,0.032345,2.9848,2,FL,2,12.5,Chaetodontidae,Acanthuriformes,Teleostei
Chaetodon mertensii,Chaetodon,0.00426,3.80069,2,FL,7,10,Chaetodontidae,Acanthuriformes,Teleostei
Chaetodon speculum,Chaetodon,0.06637,2.69302,1,FL,2,11.5,Chaetodontidae,Acanthuriformes,Teleostei
Chaetodon trifascialis,Chaetodon,0.03629,2.86354,2,FL,3,14,Chaetodontidae,Acanthuriformes,Teleostei
Chaetodon trifasciatus,Chaetodon,0.0349,2.93483,4,TL,2.4,12.1,Chaetodontidae,Acanthuriformes,Teleostei
Chaetodon ulietensis,Chaetodon,0.03114,2.87412,1,FL,3.3,12.1,Chaetodontidae,Acanthuriformes,Teleostei
Chaetodon unimaculatus,Chaetodon,0.0533,2.83328,1,FL,4.5,18,Chaetodontidae,Acanthuriformes,Teleostei
Chaetodon vagabundus,Chaetodon,0.02776,2.97346,1,FL,4,14,Chaetodontidae,Acanthuriformes,Teleostei
Coradion chrysozonus,Coradion,0.0468,2.758,1,TL,,,Chaetodontidae,Acanthuriformes,Teleostei
Forcipiger flavissimus,Forcipiger,0.01675,3,2,SL,10.5,15.3,Chaetodontidae,Acanthuriformes,Teleostei
Forcipiger longirostris,Forcipiger,0.01891,3,3,TL,17.2,17.2,Chaetodontidae,Acanthuriformes,Teleostei
Hemitaurichthys polylepis,Hemitaurichthys,0.03527,3,2,SL,10.9,10.9,Chaetodontidae,Acanthuriformes,Teleostei
Heniochus acuminatus,Heniochus,0.0259,3.0834,2,FL,3.5,17.5,Chaetodontidae,Acanthuriformes,Teleostei
Heniochus chrysostomus,Heniochus,0.014665,3.315585,2,FL,5,14,Chaetodontidae,Acanthuriformes,Teleostei
Heniochus monoceros,Heniochus,0.0195,3.16779,2,FL,9,21,Chaetodontidae,Acanthuriformes,Teleostei
Heniochus singularius,Heniochus,0.039415,3,2,SL,20.2,20.2,Chaetodontidae,Acanthuriformes,Teleostei
Heniochus varius,Heniochus,0.01494,3,2,SL,15.6,15.6,Chaetodontidae,Acanthuriformes,Teleostei
Oxycheilinus arenatus,Oxycheilinus,0.02549,3,2,SL,21.3,21.3,Labridae,Eupercaria/misc,Teleostei
Oxycheilinus bimaculatus,Oxycheilinus,0.06785,2.31728,3,TL,2.1,16.4,Labridae,Eupercaria/misc,Teleostei
Oxycheilinus celebicus,Oxycheilinus,0.0134,3,3,SL,10,17,Labridae,Eupercaria/misc,Teleostei
Cheilinus chlorourus,Cheilinus,0.0293,2.88,5,FL,4.2,32,Labridae,Eupercaria/misc,Teleostei
Oxycheilinus digramma,Oxycheilinus,0.02232,3,4,SL,10,22,Labridae,Eupercaria/misc,Teleostei
Cheilinus fasciatus,Cheilinus,0.0318,3,3,OT,12.4,27.7,Labridae,Eupercaria/misc,Teleostei
Cheilinus trilobatus,Cheilinus,0.0358,2.886,6,FL,2.6,35.2,Labridae,Eupercaria/misc,Teleostei
Cheilinus undulatus,Cheilinus,0.0162,3.04,5,FL,15,134.3,Labridae,Eupercaria/misc,Teleostei
Oxycheilinus unifasciatus,Oxycheilinus,0.02102,3,2,SL,15,19.3,Labridae,Eupercaria/misc,Teleostei
Epibulus insidiator,Epibulus,0.023025,3,4,SL,8.7,35,Labridae,Eupercaria/misc,Teleostei
Novaculoides macrolepidotus,Novaculoides,0.013,2.91,1,TL,2.2,16.2,Labridae,Eupercaria/misc,Teleostei
Novaculichthys taeniourus,Novaculichthys,0.0378,2.889,1,SL,10.5,21,Labridae,Eupercaria/misc,Teleostei
Pseudocheilinus evanidus,Pseudocheilinus,0.00488,3.51,1,TL,4.4,7,Labridae,Eupercaria/misc,Teleostei
Pseudocheilinus hexataenia,Pseudocheilinus,0.01674,3,3,TL,6.1,6.1,Labridae,Eupercaria/misc,Teleostei
Anampses melanurus,Anampses,0.01276,3,2,SL,6.2,6.2,Labridae,Eupercaria/misc,Teleostei
Cheilio inermis,Cheilio,0.00381,3.073785,4,TL,2.3,37,Labridae,Eupercaria/misc,Teleostei
Coris aygula,Coris,0.01452,3,3,FL,32.5,55,Labridae,Eupercaria/misc,Teleostei
Coris gaimard,Coris,0.014025,3,2,SL,15.7,15.7,Labridae,Eupercaria/misc,Teleostei
Gomphosus varius,Gomphosus,0.01231,3,4,TL,5,21.2,Labridae,Eupercaria/misc,Teleostei
Halichoeres biocellatus,Halichoeres,0.01804,3,2,SL,10.4,10.4,Labridae,Eupercaria/misc,Teleostei
Halichoeres hartzfeldii,Halichoeres,0.0092,3.262,1,OT,11.2,16.3,Labridae,Eupercaria/misc,Teleostei
Halichoeres margaritaceus,Halichoeres,0.01437,3,2,SL,8.5,8.5,Labridae,Eupercaria/misc,Teleostei
Halichoeres marginatus,Halichoeres,0.013,3,3,TL,5.5,17,Labridae,Eupercaria/misc,Teleostei
Halichoeres scapularis,Halichoeres,0.01627,3.175,2,SL,7,18.3,Labridae,Eupercaria/misc,Teleostei
Halichoeres trimaculatus,Halichoeres,0.025095,2.76992,2,FL,3.5,16,Labridae,Eupercaria/misc,Teleostei
Hemigymnus fasciatus,Hemigymnus,0.023005,3,2,SL,23.8,23.8,Labridae,Eupercaria/misc,Teleostei
Hemigymnus melapterus,Hemigymnus,0.022615,2.98,4,FL,6.2,39.6,Labridae,Eupercaria/misc,Teleostei
Stethojulis bandanensis,Stethojulis,0.018755,3,4,TL,3,12,Labridae,Eupercaria/misc,Teleostei
Stethojulis strigiventer,Stethojulis,0.01794,2.90513,2,FL,2.5,11.5,Labridae,Eupercaria/misc,Teleostei
Thalassoma amblycephalum,Thalassoma,0.00955,3,3,TL,3.1,14,Labridae,Eupercaria/misc,Teleostei
Thalassoma hardwicke,Thalassoma,0.015865,3.012825,4,TL,3.9,16.5,Labridae,Eupercaria/misc,Teleostei
Thalassoma jansenii,Thalassoma,0.01906,3,2,SL,19,19,Labridae,Eupercaria/misc,Teleostei
Thalassoma lunare,Thalassoma,0.02245,2.84337,4,FL,2.8,20,Labridae,Eupercaria/misc,Teleostei
Thalassoma lutescens,Thalassoma,0.01265,3.05943,2,FL,4.5,17.6,Labridae,Eupercaria/misc,Teleostei
Thalassoma purpureum,Thalassoma,0.02593,3,1,TL,36,36,Labridae,Eupercaria/misc,Teleostei
Thalassoma quinquevittatum,Thalassoma,0.01674,3,2,SL,6.6,13.1,Labridae,Eupercaria/misc,Teleostei
Neomyxus leuciscus,Neomyxus,0.01692,3,3,FL,4.4,31.8,Mugilidae,Mugiliformes,Teleostei
Planiliza melinoptera,Planiliza,0.0149,2.952,7,TL,4,35.5,Mugilidae,Mugiliformes,Teleostei
Plicomugil labiosus,Plicomugil,0.0175,2.79,2,TL,7.9,16.7,Mugilidae,Mugiliformes,Teleostei
Osteomugil engeli,Osteomugil,0.013,3.09,5,FL,3.2,47.7,Mugilidae,Mugiliformes,Teleostei
Moolgarda seheli,Moolgarda,0.023,2.86,8,TL,3.5,46.7,Mugilidae,Mugiliformes,Teleostei
Moolgarda crenilabis,Moolgarda,0.0368,2.86,3,FL,11.5,48.2,Mugilidae,Mugiliformes,Teleostei
Pomacanthus semicirculatus,Pomacanthus,0.016825,3,2,SL,40.5,40.5,Pomacanthidae,Acanthuriformes,Teleostei
Centropyge heraldi,Centropyge,0.01609,3,2,SL,9.4,9.4,Pomacanthidae,Acanthuriformes,Teleostei
Pycnochromis pacifica,Pycnochromis,0.0379,3,1,SL,6.7,6.7,Pomacentridae,Ovalentaria/misc,Teleostei
Pycnochromis amboinensis,Pycnochromis,0.040585,3,2,SL,6.2,8,Pomacentridae,Ovalentaria/misc,Teleostei
Azurina lepidolepis,Azurina,0.195,1.9385,1,FL,5,6.8,Pomacentridae,Ovalentaria/misc,Teleostei
Pycnochromis margaritifer,Pycnochromis,0.01404,3.088,1,TL,2.4,10.2,Pomacentridae,Ovalentaria/misc,Teleostei
Pycnochromis retrofasciatus,Pycnochromis,0.009,2.773,1,FL,3,4.5,Pomacentridae,Ovalentaria/misc,Teleostei
Chromis ternatensis,Chromis,0.029485,3.1485,2,FL,5,7.5,Pomacentridae,Ovalentaria/misc,Teleostei
Chromis viridis,Chromis,0.03507,2.89965,5,FL,2,9.8,Pomacentridae,Ovalentaria/misc,Teleostei
Chromis weberi,Chromis,0.03906,3,1,SL,,,Pomacentridae,Ovalentaria/misc,Teleostei
Chromis xanthura,Chromis,0.009,2.773,1,TL,,,Pomacentridae,Ovalentaria/misc,Teleostei
Abudefduf sexfasciatus,Abudefduf,0.02309,3.130985,2,FL,5,15,Pomacentridae,Ovalentaria/misc,Teleostei
Abudefduf sordidus,Abudefduf,0.020515,3.071,4,TL,2.1,20.1,Pomacentridae,Ovalentaria/misc,Teleostei
Amblyglyphidodon leucogaster,Amblyglyphidodon,0.02173,3,3,FL,6.5,14.4,Pomacentridae,Ovalentaria/misc,Teleostei
Chrysiptera biocellata,Chrysiptera,0.0319,3,2,SL,5.5,8.1,Pomacentridae,Ovalentaria/misc,Teleostei
Chrysiptera glauca,Chrysiptera,0.02981,3,2,SL,5.2,7.8,Pomacentridae,Ovalentaria/misc,Teleostei
Dischistodus melanotus,Dischistodus,0.0537,2.886,1,TL,,,Pomacentridae,Ovalentaria/misc,Teleostei
Neopomacentrus taeniurus,Neopomacentrus,0.0724,2.262,1,FL,1.5,5,Pomacentridae,Ovalentaria/misc,Teleostei
Neopomacentrus violascens,Neopomacentrus,0.0297,2.868,1,TL,,,Pomacentridae,Ovalentaria/misc,Teleostei
Neoglyphidodon nigroris,Neoglyphidodon,0.01782,3.1822,1,FL,6.5,10.6,Pomacentridae,Ovalentaria/misc,Teleostei
Plectroglyphidodon dickii,Plectroglyphidodon,0.04303,2.8485,2,TL,2.8,11.6,Pomacentridae,Ovalentaria/misc,Teleostei
Plectroglyphidodon johnstonianus,Plectroglyphidodon,0.0612,2.635,1,TL,6.1,8.5,Pomacentridae,Ovalentaria/misc,Teleostei
Pomacentrus amboinensis,Pomacentrus,0.08347,2.56288,2,FL,2.5,10.5,Pomacentridae,Ovalentaria/misc,Teleostei
Pomacentrus brachialis,Pomacentrus,0.0116,3.312,3,FL,4,9.5,Pomacentridae,Ovalentaria/misc,Teleostei
Pomacentrus coelestis,Pomacentrus,0.024945,2.8515,2,TL,1.8,7.9,Pomacentridae,Ovalentaria/misc,Teleostei
Pomacentrus chrysurus,Pomacentrus,0.02396,3.153895,2,FL,2.5,14.5,Pomacentridae,Ovalentaria/misc,Teleostei
Pomacentrus moluccensis,Pomacentrus,0.050375,2.829055,2,FL,3,8,Pomacentridae,Ovalentaria/misc,Teleostei
Pomacentrus pavo,Pomacentrus,0.03084,2.873265,2,FL,2.5,9.5,Pomacentridae,Ovalentaria/misc,Teleostei
Pomacentrus philippinus,Pomacentrus,0.02314,2.707,3,FL,3.5,10,Pomacentridae,Ovalentaria/misc,Teleostei
Pomacentrus simsiang,Pomacentrus,0.0586,2.683,1,FL,5,7.5,Pomacentridae,Ovalentaria/misc,Teleostei
Pomacentrus vaiuli,Pomacentrus,0.0472,2.77525,3,FL,2.5,8.5,Pomacentridae,Ovalentaria/misc,Teleostei
Sphyraena forsteri,Sphyraena,0.008855,2.9615,4,FL,8.3,92.3,Sphyraenidae,Carangaria/misc,Teleostei
Sphyraena novaehollandiae,Sphyraena,0.03178,2.4339,5,TL,19,28,Sphyraenidae,Carangaria/misc,Teleostei
Platax orbicularis,Platax,0.0425,2.975,1,TL,4.5,50,Ephippidae,Acanthuriformes,Teleostei
Foa brachygramma,Foa,0.023035,3,2,SL,4.5,4.5,Apogonidae,Kurtiformes,Teleostei
Fowleria punctulata,Fowleria,0.02561,3,2,SL,8.7,8.7,Apogonidae,Kurtiformes,Teleostei
Fowleria marmorata,Fowleria,0.001335,4.039045,2,FL,4,7.5,Apogonidae,Kurtiformes,Teleostei
Fowleria variegata,Fowleria,0.01597,3.270295,2,FL,3,8,Apogonidae,Kurtiformes,Teleostei
Rhabdamia gracilis,Rhabdamia,0.0103,3.09,1,TL,1.8,7.4,Apogonidae,Kurtiformes,Teleostei
Pristicon trimaculatus,Pristicon,0.0513,2.71,3,FL,2,16,Apogonidae,Kurtiformes,Teleostei
Apogonichthyoides melas,Apogonichthyoides,0.0291,2.96,2,SL,4,12.1,Apogonidae,Kurtiformes,Teleostei
Jaydia ellioti,Jaydia,0.01715,2.99116,3,TL,5.5,16,Apogonidae,Kurtiformes,Teleostei
Apogon coccineus,Apogon,0.00519,3,3,TL,1.1,4.58,Apogonidae,Kurtiformes,Teleostei
Pristiapogon taeniopterus,Pristiapogon,0.02342,3,2,SL,16.2,16.2,Apogonidae,Kurtiformes,Teleostei
Pristiapogon exostigma,Pristiapogon,0.01635,2.985,3,FL,1.64,10.3,Apogonidae,Kurtiformes,Teleostei
Pristiapogon fraenatus,Pristiapogon,0.01461,3.109645,2,FL,3.5,11,Apogonidae,Kurtiformes,Teleostei
Pristiapogon kallopterus,Pristiapogon,0.0101,3.31416,3,FL,3.8,12.6,Apogonidae,Kurtiformes,Teleostei
Ostorhinchus hartzfeldii,Ostorhinchus,0.0174,3.24,1,SL,3.5,11.5,Apogonidae,Kurtiformes,Teleostei
Fibramia lateralis,Fibramia,0.021965,2.953995,2,FL,3.5,8.5,Apogonidae,Kurtiformes,Teleostei
Nectamia bandanensis,Nectamia,0.01838,3.108135,2,FL,3.5,10,Apogonidae,Kurtiformes,Teleostei
Ostorhinchus angustatus,Ostorhinchus,0.014115,3.35853,2,FL,2.6,16,Apogonidae,Kurtiformes,Teleostei
Ostorhinchus novemfasciatus,Ostorhinchus,0.00863,3.41355,1,FL,3,9.5,Apogonidae,Kurtiformes,Teleostei
Ostorhinchus compressus,Ostorhinchus,0.01855,3,3,FL,6,10.4,Apogonidae,Kurtiformes,Teleostei
Taeniamia fucata,Taeniamia,0.014405,3.12189,2,FL,5.2,8.5,Apogonidae,Kurtiformes,Teleostei
Taeniamia zosterophora,Taeniamia,0.0313,2.697,1,FL,5.5,7.5,Apogonidae,Kurtiformes,Teleostei
Sphaeramia nematoptera,Sphaeramia,0.05348,2.95,1,SL,4.5,7.4,Apogonidae,Kurtiformes,Teleostei
Cheilodipterus artus,Cheilodipterus,0.00376,3.59016,1,FL,4.7,14.4,Apogonidae,Kurtiformes,Teleostei
Cheilodipterus macrodon,Cheilodipterus,0.004765,3.5049,2,FL,6,18.5,Apogonidae,Kurtiformes,Teleostei
Cheilodipterus singapurensis,Cheilodipterus,0.065375,2.9735,2,FL,6,16.9,Apogonidae,Kurtiformes,Teleostei
Kuhlia marginata,Kuhlia,0.01398,3.101925,2,FL,4,17.5,Kuhliidae,Centrarchiformes,Teleostei
Kuhlia mugil,Kuhlia,0.01404,3,2,SL,16.2,16.2,Kuhliidae,Centrarchiformes,Teleostei
Priacanthus hamrur,Priacanthus,0.02,2.80085,5,TL,4.5,38,Priacanthidae,Eupercaria/misc,Teleostei
Malacanthus brevirostris,Malacanthus,0.00746,3,3,OT,10.9,20.4,Malacanthidae,Eupercaria/misc,Teleostei
Gerres erythrourus,Gerres,0.011,3.107,6,TL,8.3,27.9,Gerreidae,Eupercaria/misc,Teleostei
Gerres oblongus,Gerres,0.0141,2.9385,2,SL,4.4,15.8,Gerreidae,Eupercaria/misc,Teleostei
Pempheris oualensis,Pempheris,0.0139,3,3,TL,9.3,20.2,Pempheridae,Acropomatiformes,Teleostei
Parapriacanthus ransonneti,Parapriacanthus,0.019,2.971,1,FL,4.9,7.8,Pempheridae,Acropomatiformes,Teleostei
Kyphosus bigibbus,Kyphosus,0.028515,2.93,2,SL,15.2,45,Kyphosidae,Centrarchiformes,Teleostei
Kyphosus cinerascens,Kyphosus,0.0294,2.94,5,FL,15.5,53,Kyphosidae,Centrarchiformes,Teleostei
Kyphosus vaigiensis,Kyphosus,0.02375,3,4,FL,16.7,49.7,Kyphosidae,Centrarchiformes,Teleostei
Monodactylus argenteus,Monodactylus,0.0333,2.9641,3,FL,2,18.5,Monodactylidae,Eupercaria/misc,Teleostei
Piaractus brachypomus,Piaractus,0.067,2.834,5,SL,8.4,68.5,Serrasalmidae,Characiformes,Teleostei
Sebastapistes cyanostigma,Sebastapistes,0.0345,2.78,1,TL,1.84,6.54,Scorpaenidae,Perciformes/Scorpaenoidei,Teleostei
Scorpaenodes guamensis,Scorpaenodes,0.0231,2.986,3,TL,3.2,10.8,Scorpaenidae,Perciformes/Scorpaenoidei,Teleostei
Scorpaenopsis oxycephalus,Scorpaenopsis,0.00736,3.3895,1,TL,8.9,17.4,Scorpaenidae,Perciformes/Scorpaenoidei,Teleostei
Inimicus didactylus,Inimicus,0.024155,2.847225,2,FL,6.5,21.5,Synanceiidae,Perciformes/Scorpaenoidei,Teleostei
Pterois volitans,Pterois,0.004715,3.26,10,TL,1,39.5,Scorpaenidae,Perciformes/Scorpaenoidei,Teleostei
Amblycirrhitus bimacula,Amblycirrhitus,0.02984,3,1,SL,,,Cirrhitidae,Centrarchiformes,Teleostei
Cirrhitus pinnulatus,Cirrhitus,0.02861,3,2,SL,19.6,19.6,Cirrhitidae,Centrarchiformes,Teleostei
Paracirrhites arcatus,Paracirrhites,0.015205,3.087,2,TL,3.2,12.7,Cirrhitidae,Centrarchiformes,Teleostei
Cantherhines dumerilii,Cantherhines,0.0406,2.792,1,,,,Monacanthidae,Tetraodontiformes,Teleostei
Epinephelus spilotoceps,Epinephelus,0.01345,3.128,2,FL,17.5,47.5,Epinephelidae,Perciformes/Serranoidei,Teleostei
Melichthys vidua,Melichthys,0.0058,3.554,1,,,,Balistidae,Tetraodontiformes,Teleostei
Rhinecanthus aculeatus,Rhinecanthus,0.03505,2.8705,2,TL,2.3,16.5,Balistidae,Tetraodontiformes,Teleostei
Rhinecanthus rectangulus,Rhinecanthus,0.0355,2.875,1,,,,Balistidae,Tetraodontiformes,Teleostei
Sargocentron microstoma,Sargocentron,0.0018,3.851,1,,,,Holocentridae,Holocentriformes,Teleostei
Sufflamen chrysopterum,Sufflamen,0.02468,3.0305,2,TL,2.7,25.5,Balistidae,Tetraodontiformes,Teleostei
Haplochromis nigripinnis,Haplochromis,0.012,3,1,,,,Cichlidae,Cichliformes,Teleostei
Nannaethiops unitaeniatus,Nannaethiops,0.0653,2.158,1,TL,3.2,5.8,Distichodontidae,Characiformes,Teleostei
Ellochelon vaigiensis,Ellochelon,0.01237,3,5,TL,11.8,38,Mugilidae,Mugiliformes,Teleostei
Cirrhitichthys oxycephalus,Cirrhitichthys,0.023475,3.0585,4,TL,2.4,8.51,Cirrhitidae,Centrarchiformes,Teleostei
Nemipterus furcosus,Nemipterus,0.01108,3.02,7,FL,5.5,27,Nemipteridae,Eupercaria/misc,Teleostei
Nemipterus tambuloides,Nemipterus,0.017,2.87,1,TL,,,Nemipteridae,Eupercaria/misc,Teleostei
Nemipterus aurifilum,Nemipterus,0.016555,3.0455,2,SL,,,Nemipteridae,Eupercaria/misc,Teleostei
Nemipterus balinensoides,Nemipterus,0.018,2.81,1,TL,,,Nemipteridae,Eupercaria/misc,Teleostei
Nemipterus isacanthus,Nemipterus,0.00983,3.17,1,FL,13,24.9,Nemipteridae,Eupercaria/misc,Teleostei
Nemipterus bipunctatus,Nemipterus,0.0118,2.99,7,TL,9,29.8,Nemipteridae,Eupercaria/misc,Teleostei
Nemipterus randalli,Nemipterus,0.019615,2.8835,10,TL,2,27,Nemipteridae,Eupercaria/misc,Teleostei
Nemipterus theodorei,Nemipterus,0.02444,2.9392,2,SL,,,Nemipteridae,Eupercaria/misc,Teleostei
Nemipterus zysron,Nemipterus,0.01215,2.9975,6,TL,5.6,34,Nemipteridae,Eupercaria/misc,Teleostei
Parascolopsis aspinosa,Parascolopsis,0.0029,3,1,SL,9,18,Nemipteridae,Eupercaria/misc,Teleostei
Parascolopsis boesemani,Parascolopsis,5e-04,3.71,1,SL,7.5,9.7,Nemipteridae,Eupercaria/misc,Teleostei
Parascolopsis eriomma,Parascolopsis,0.0441,2.842,1,SL,8.1,14,Nemipteridae,Eupercaria/misc,Teleostei
Parascolopsis inermis,Parascolopsis,0.0167,3,1,,,,Nemipteridae,Eupercaria/misc,Teleostei
Pentapodus vitta,Pentapodus,0.024785,2.8031,2,TL,,,Nemipteridae,Eupercaria/misc,Teleostei
Pentapodus caninus,Pentapodus,0.024645,2.955,4,TL,7.2,27.2,Nemipteridae,Eupercaria/misc,Teleostei
Pentapodus emeryii,Pentapodus,0.015,3.01,1,TL,7,15.6,Nemipteridae,Eupercaria/misc,Teleostei
Pentapodus nagasakiensis,Pentapodus,0.0253,2.945,1,OT,12.7,17.2,Nemipteridae,Eupercaria/misc,Teleostei
Pentapodus setosus,Pentapodus,0.0106,3.073,1,TL,12,21.4,Nemipteridae,Eupercaria/misc,Teleostei
Pentapodus trivittatus,Pentapodus,0.0217,3.089,1,SL,9.5,20,Nemipteridae,Eupercaria/misc,Teleostei
Scolopsis taenioptera,Scolopsis,0.01847,2.98117,3,FL,7,24.8,Nemipteridae,Eupercaria/misc,Teleostei
Scolopsis ciliata,Scolopsis,0.0228,3.133,3,TL,6.2,26.1,Nemipteridae,Eupercaria/misc,Teleostei
Scolopsis lineata,Scolopsis,0.02925,2.9635,2,FL,8.5,17,Nemipteridae,Eupercaria/misc,Teleostei
Scolopsis margaritifera,Scolopsis,0.0333,2.966,1,SL,7.5,25,Nemipteridae,Eupercaria/misc,Teleostei
Scolopsis monogramma,Scolopsis,0.025,3.104,1,SL,12,28.5,Nemipteridae,Eupercaria/misc,Teleostei
Scolopsis temporalis,Scolopsis,0.0188,2.968,2,FL,7,23.1,Nemipteridae,Eupercaria/misc,Teleostei
Scolopsis vosmeri,Scolopsis,0.0194,3,3,TL,8.2,17.3,Nemipteridae,Eupercaria/misc,Teleostei
Scolopsis bilineata,Scolopsis,0.0149,3.17378,3,FL,3.5,19.4,Nemipteridae,Eupercaria/misc,Teleostei
Scolopsis bimaculata,Scolopsis,0.0191,2.9293,1,TL,9,23.2,Nemipteridae,Eupercaria/misc,Teleostei
Scolopsis frenata,Scolopsis,0.02565,3,1,SL,,,Nemipteridae,Eupercaria/misc,Teleostei
Scolopsis taeniata,Scolopsis,0.089,2.44,1,FL,14.2,25.6,Nemipteridae,Eupercaria/misc,Teleostei
Alopias pelagicus,Alopias,0.01775,2.5875,2,OT,,,Alopiidae,Lamniformes,Elasmobranchii
Chaenogaleus macrostoma,Chaenogaleus,0.0022,2.941,5,TL,35,95,Hemigaleidae,Carcharhiniformes,Elasmobranchii
Hemigaleus microstoma,Hemigaleus,0.001625,3.2325,2,TL,49,135,Hemigaleidae,Carcharhiniformes,Elasmobranchii
Hemipristis elongata,Hemipristis,0.0061,2.922,1,TL,69,259,Hemigaleidae,Carcharhiniformes,Elasmobranchii
Chiloscyllium indicum,Chiloscyllium,0.0016,3.43,1,TL,22,34,Hemiscylliidae,Orectolobiformes,Elasmobranchii
Chiloscyllium arabicum,Chiloscyllium,0.0071,2.935,5,TL,32,89,Hemiscylliidae,Orectolobiformes,Elasmobranchii
Megachasma pelagios,Megachasma,0.0076,3,3,TL,190,515,Megachasmidae,Lamniformes,Elasmobranchii
Eridacnis radcliffei,Eridacnis,0.00056,3.46,1,TL,13,22.7,Proscylliidae,Carcharhiniformes,Elasmobranchii
Gollum attenuatus,Gollum,0.00344,3.1365,2,TL,44,109,Pseudotriakidae,Carcharhiniformes,Elasmobranchii
Pseudocarcharias kamoharai,Pseudocarcharias,0.0019,3.143,1,TL,77,109,Pseudocarchariidae,Lamniformes,Elasmobranchii
Mustelus higmani,Mustelus,0.00125,3.22,4,TL,27.1,77.4,Triakidae,Carcharhiniformes,Elasmobranchii
Mustelus lenticulatus,Mustelus,0.001225,3.27,4,TL,,,Triakidae,Carcharhiniformes,Elasmobranchii
Mustelus mento,Mustelus,0.002,3.165,1,TL,34,141,Triakidae,Carcharhiniformes,Elasmobranchii
Mustelus punctulatus,Mustelus,0.007,3.0296,3,TL,41.4,98,Triakidae,Carcharhiniformes,Elasmobranchii
Mustelus schmitti,Mustelus,0.003,3.047,3,TL,22,85,Triakidae,Carcharhiniformes,Elasmobranchii
Mustelus asterias,Mustelus,0.0016,3.1753,11,TL,19.1,154,Triakidae,Carcharhiniformes,Elasmobranchii
Mustelus manazo,Mustelus,0.00229,3.198,3,SL,,,Triakidae,Carcharhiniformes,Elasmobranchii
Mustelus antarcticus,Mustelus,0.00366,3.18075,4,TL,15,125,Triakidae,Carcharhiniformes,Elasmobranchii
Triakis scyllium,Triakis,0.00548,3,1,TL,123,140,Triakidae,Carcharhiniformes,Elasmobranchii
Zanclus cornutus,Zanclus,0.01595,3.270455,2,FL,6.5,15,Zanclidae,Acanthuriformes,Teleostei
Zebrasoma scopas,Zebrasoma,0.0304,2.957,5,TL,2.4,16,Acanthuridae,Acanthuriformes,Teleostei
Paracirrhites forsteri,Paracirrhites,0.00727,3.153,1,TL,3.1,9,Cirrhitidae,Centrarchiformes,Teleostei
Hippocampus histrix,Hippocampus,0.00146,3,1,TL,16,16,Syngnathidae,Syngnathiformes,Teleostei
Corythoichthys flavofasciatus,Corythoichthys,0.001065,3,2,SL,13,13,Syngnathidae,Syngnathiformes,Teleostei
Corythoichthys schultzi,Corythoichthys,0.000605,3,2,SL,12.5,12.5,Syngnathidae,Syngnathiformes,Teleostei
Doryrhamphus excisus,Doryrhamphus,0.00161,3.16,2,TL,1.69,6.72,Syngnathidae,Syngnathiformes,Teleostei
Syngnathoides biaculeatus,Syngnathoides,0.00225,3,2,SL,15.6,,Syngnathidae,Syngnathiformes,Teleostei
Ambassis kopsii,Ambassis,0.0097,3.2885,2,SL,4.5,8.1,Ambassidae,Ovalentaria/misc,Teleostei
Mulloidichthys flavolineatus,Mulloidichthys,0.0206,3.021,10,FL,6.3,33.4,Mullidae,Mulliformes,Teleostei
Mulloidichthys vanicolensis,Mulloidichthys,0.0145,2.96,7,TL,10,39.8,Mullidae,Mulliformes,Teleostei
Parupeneus barberinoides,Parupeneus,0.01725,3.0955,2,SL,8.5,18,Mullidae,Mulliformes,Teleostei
Parupeneus barberinus,Parupeneus,0.0167,3.01,9,FL,7.7,41,Mullidae,Mulliformes,Teleostei
Parupeneus trifasciatus,Parupeneus,0.005535,3.328,4,TL,5.5,34.5,Mullidae,Mulliformes,Teleostei
Parupeneus ciliatus,Parupeneus,0.0122,3.188,3,FL,3.5,28.9,Mullidae,Mulliformes,Teleostei
Parupeneus cyclostomus,Parupeneus,0.0152,3,5,FL,11.5,34.6,Mullidae,Mulliformes,Teleostei
Parupeneus heptacantha,Parupeneus,0.0169,3.07,9,FL,5.5,36.9,Mullidae,Mulliformes,Teleostei
Parupeneus indicus,Parupeneus,0.01415,3.087,7,FL,3.5,38.7,Mullidae,Mulliformes,Teleostei
Parupeneus multifasciatus,Parupeneus,0.01946,3.0975,6,FL,2.7,27.1,Mullidae,Mulliformes,Teleostei
Parupeneus pleurostigma,Parupeneus,0.015055,3,2,SL,21.5,26,Mullidae,Mulliformes,Teleostei
Upeneus taeniopterus,Upeneus,0.01406,3,4,FL,14.7,32.3,Mullidae,Mulliformes,Teleostei
Gerres oyena,Gerres,0.013,3.035,6,TL,4,24.6,Gerreidae,Eupercaria/misc,Teleostei
Dichistius capensis,Dichistius,0.00903,3.12,1,,,,Dichistiidae,Centrarchiformes,Teleostei
Galeichthys ater,Galeichthys,0.023475,2.549,2,,,,Ariidae,Siluriformes,Teleostei
Pachymetopon aeneum,Pachymetopon,0.01,3.149,1,,,,Sparidae,Eupercaria/misc,Teleostei
Epinephelus rivulatus,Epinephelus,0.022785,2.905,6,TL,16,40.5,Epinephelidae,Perciformes/Serranoidei,Teleostei
Chrysoblephus cristiceps,Chrysoblephus,0.0157,3.151,2,FL,,,Sparidae,Eupercaria/misc,Teleostei
Chrysoblephus gibbiceps,Chrysoblephus,0.055,2.892,1,,,,Sparidae,Eupercaria/misc,Teleostei
Diplodus capensis,Diplodus,0.0276,3.0599,5,FL,1.1,25.7,Sparidae,Eupercaria/misc,Teleostei
Epinephelus albomarginatus,Epinephelus,0.0341,2.8,1,,,,Epinephelidae,Perciformes/Serranoidei,Teleostei
Pomadasys kaakan,Pomadasys,0.0187,2.94,7,TL,2.6,59.9,Haemulidae,Eupercaria/misc,Teleostei
Acanthurus nigricans,Acanthurus,0.024,2.988,3,TL,5.9,22.6,Acanthuridae,Acanthuriformes,Teleostei
Ctenochaetus binotatus,Ctenochaetus,0.0615,2.87463,3,FL,5,15.3,Acanthuridae,Acanthuriformes,Teleostei
Ctenochaetus marginatus,Ctenochaetus,0.02291,2.941,1,TL,2.8,27,Acanthuridae,Acanthuriformes,Teleostei
Ctenochaetus strigosus,Ctenochaetus,0.005155,3.0025,4,SL,5,21.4,Acanthuridae,Acanthuriformes,Teleostei
Zebrasoma flavescens,Zebrasoma,0.0264,3.01,3,TL,7,20,Acanthuridae,Acanthuriformes,Teleostei
Naso annulatus,Naso,0.05103,2.71537,1,FL,28,42,Acanthuridae,Acanthuriformes,Teleostei
Naso brachycentron,Naso,0.0189,2.99,1,FL,23.4,55,Acanthuridae,Acanthuriformes,Teleostei
Naso brevirostris,Naso,0.0136,3.128,3,FL,2,33,Acanthuridae,Acanthuriformes,Teleostei
Naso lopezi,Naso,0.0719,2.637,1,SL,6.5,42.5,Acanthuridae,Acanthuriformes,Teleostei
Naso vlamingii,Naso,0.0525,2.842,3,SL,5.3,38.7,Acanthuridae,Acanthuriformes,Teleostei
Balistapus undulatus,Balistapus,0.04125,2.9735,6,FL,4.1,21.9,Balistidae,Tetraodontiformes,Teleostei
Balistoides viridescens,Balistoides,0.04701,2.97364,2,FL,4.9,61,Balistidae,Tetraodontiformes,Teleostei
Rhinecanthus verrucosus,Rhinecanthus,0.01885,3.025,2,FL,11.4,21,Balistidae,Tetraodontiformes,Teleostei
Sufflamen bursa,Sufflamen,0.027105,3,2,SL,17.2,17.2,Balistidae,Tetraodontiformes,Teleostei
Ecsenius bicolor,Ecsenius,0.031705,2.451035,2,FL,4,9.5,Blenniidae,Blenniiformes,Teleostei
Entomacrodus decussatus,Entomacrodus,0.01865,3,2,SL,7,,Blenniidae,Blenniiformes,Teleostei
Alloblennius jugularis,Alloblennius,0.0132,2.64,1,TL,1.45,4.7,Blenniidae,Blenniiformes,Teleostei
Blenniella chrysospilos,Blenniella,0.011335,3,2,SL,5.2,5.2,Blenniidae,Blenniiformes,Teleostei
Istiblennius edentulus,Istiblennius,0.014155,3,2,SL,10,10,Blenniidae,Blenniiformes,Teleostei
Istiblennius lineatus,Istiblennius,0.08,3.25,1,TL,2.7,6.8,Blenniidae,Blenniiformes,Teleostei
Blenniella periophthalmus,Blenniella,0.00234,3,1,TL,8,8,Blenniidae,Blenniiformes,Teleostei
Salarias fasciatus,Salarias,0.01381,3,3,FL,4,11,Blenniidae,Blenniiformes,Teleostei
Omox biporos,Omox,0.00423,3,2,SL,3.9,3.9,Blenniidae,Blenniiformes,Teleostei
Meiacanthus atrodorsalis,Meiacanthus,0.01229,3,2,SL,5.3,5.3,Blenniidae,Blenniiformes,Teleostei
Plagiotremus rhinorhynchos,Plagiotremus,0.00159,3.670545,2,FL,6,9.5,Blenniidae,Blenniiformes,Teleostei
Plagiotremus tapeinosoma,Plagiotremus,0.00559,3,3,FL,5.5,10.7,Blenniidae,Blenniiformes,Teleostei
Cynoglossus macrostomus,Cynoglossus,0.0184,2.473,3,TL,7,30,Cynoglossidae,Pleuronectiformes,Teleostei
Acipenser schrenckii,Acipenser,0.0028,3.3496,3,TL,43,188,Acipenseridae,Acipenseriformes,Chondrostei
Chitala blanci,Chitala,0.00485,3,1,TL,65,74,Notopteridae,Osteoglossiformes,Teleostei
Aulopyge huegelii,Aulopyge,0.0042,3.322,1,TL,6.53,16.61,Cyprinidae,Cypriniformes,Teleostei
Balantiocheilos melanopterus,Balantiocheilos,0.0184,3,1,TL,30,32.5,Cyprinidae,Cypriniformes,Teleostei
Gila intermedia,Gila,0.0112,3,5,TL,,6.3,Leuciscidae,Cypriniformes,Teleostei
Eidinemacheilus smithi,Eidinemacheilus,0.0087,2.86,1,TL,5.03,5.53,Nemacheilidae,Cypriniformes,Teleostei
Pangasianodon gigas,Pangasianodon,0.0366,3,3,TL,101,133,Pangasiidae,Siluriformes,Teleostei
Pangasius sanitwongsei,Pangasius,0.0251,3,1,TL,79,142,Pangasiidae,Siluriformes,Teleostei
Prototroctes maraena,Prototroctes,0.00316,3.225,2,FL,9.5,24,Retropinnidae,Osmeriformes,Teleostei
Salmo obtusirostris,Salmo,0.03,2.76,1,SL,,,Salmonidae,Salmoniformes,Teleostei
Ostorhinchus sealei,Ostorhinchus,0.0927,2.49,1,SL,5.1,8.2,Apogonidae,Kurtiformes,Teleostei
Osteoglossum bicirrhosum,Osteoglossum,0.0038,3.172,7,SL,10.5,82,Osteoglossidae,Osteoglossiformes,Teleostei
Cyprinodon fontinalis,Cyprinodon,0.0096,3.36,3,TL,2.13,5.62,Cyprinodontidae,Cyprinodontiformes,Teleostei
Telmatherina celebensis,Telmatherina,0.07404,3.06025,2,TL,5.11,10.32,Telmatherinidae,Atheriniformes,Teleostei
Totoaba macdonaldi,Totoaba,0.00579,3.0635,1,TL,28,1900,Sciaenidae,Eupercaria/misc,Teleostei
Pseudomyxus capensis,Pseudomyxus,0.017,3.039,1,SL,1.6,40.5,Mugilidae,Mugiliformes,Teleostei
Eleotris sandwicensis,Eleotris,0.0223,3.25,1,TL,4.6,17.6,Eleotridae,Gobiiformes,Teleostei
Silhouettea sibayi,Silhouettea,0.0149,3.312,1,SL,1.4,2.3,Gobiidae,Gobiiformes,Teleostei
Acanthopagrus latus,Acanthopagrus,0.023,2.926,7,TL,2.6,40,Sparidae,Eupercaria/misc,Teleostei
Chirocentrus dorab,Chirocentrus,0.00509,2.98717,5,FL,26.4,63,Chirocentridae,Clupeiformes,Teleostei
Caranx papuensis,Caranx,0.02422,2.916395,4,FL,6.5,65,Carangidae,Carangiformes,Teleostei
Plectorhinchus chaetodonoides,Plectorhinchus,0.01733,3.04033,3,FL,10.5,53.5,Haemulidae,Eupercaria/misc,Teleostei
Plectorhinchus gibbosus,Plectorhinchus,0.031105,2.86148,2,FL,7,38,Haemulidae,Eupercaria/misc,Teleostei
Plectorhinchus obscurus,Plectorhinchus,0.028715,2.868915,2,FL,17.5,55.5,Haemulidae,Eupercaria/misc,Teleostei
Plectorhinchus picus,Plectorhinchus,0.01151,3.08892,3,FL,25.6,54.5,Haemulidae,Eupercaria/misc,Teleostei
Hyporthodus quernus,Hyporthodus,0.01905,2.9985,2,TL,24.1,110,Epinephelidae,Perciformes/Serranoidei,Teleostei
Karalla dussumieri,Karalla,0.011445,3.066,2,TL,7.5,12.9,Leiognathidae,Acanthuriformes,Teleostei
Parupeneus rubescens,Parupeneus,0.0114,3.01,1,TL,10,31,Mullidae,Mulliformes,Teleostei
Ballerus ballerus,Ballerus,0.004,3.209,9,TL,6.5,49,Leuciscidae,Cypriniformes,Teleostei
Vimba vimba,Vimba,0.0099,3.09,9,TL,6.9,44,Leuciscidae,Cypriniformes,Teleostei
Carassius gibelio,Carassius,0.01705,3.075,32,TL,1.8,46.6,Cyprinidae,Cypriniformes,Teleostei
Barbatula barbatula,Barbatula,0.02325,2.5214,5,TL,1.9,15.5,Nemacheilidae,Cypriniformes,Teleostei
Cobitis taenia,Cobitis,0.0036,3.222,5,TL,3,12,Cobitidae,Cypriniformes,Teleostei
Gymnothorax javanicus,Gymnothorax,0.002105,3.095,2,TL,48.1,107.5,Muraenidae,Anguilliformes,Teleostei
Potamotrygon motoro,Potamotrygon,0.0113,3,1,TL,71,99.1,Potamotrygonidae,Myliobatiformes,Elasmobranchii
Apistus carinatus,Apistus,0.02165,2.93475,2,SL,8.3,11.2,Apistidae,Perciformes/Scorpaenoidei,Teleostei
Centropogon australis,Centropogon,0.026195,3,2,SL,6.7,6.7,Tetrarogidae,Perciformes/Scorpaenoidei,Teleostei
Inimicus japonicus,Inimicus,0.0064,3.448,3,TL,4,29,Synanceiidae,Perciformes/Scorpaenoidei,Teleostei
Choridactylus multibarbus,Choridactylus,0.0552,2.6459,1,TL,7.7,14,Synanceiidae,Perciformes/Scorpaenoidei,Teleostei
Minous monodactylus,Minous,0.0264,2.92985,4,TL,3.6,13,Synanceiidae,Perciformes/Scorpaenoidei,Teleostei
Synanceia horrida,Synanceia,0.0651,3.0209,1,SL,4.83,24.7,Synanceiidae,Perciformes/Scorpaenoidei,Teleostei
Gymnothorax pictus,Gymnothorax,0.00078,3.19,4,TL,25.8,67.7,Muraenidae,Anguilliformes,Teleostei
Cephalopholis argus,Cephalopholis,0.0118,3.13,10,FL,4.2,56.8,Epinephelidae,Perciformes/Serranoidei,Teleostei
Lactoria cornuta,Lactoria,0.01698,2.9383,2,FL,20.5,30,Ostraciidae,Tetraodontiformes,Teleostei
Arothron nigropunctatus,Arothron,0.015945,3,2,SL,21.2,21.2,Tetraodontidae,Tetraodontiformes,Teleostei
Pterois russelii,Pterois,0.0199,2.774,1,TL,5.3,28,Scorpaenidae,Perciformes/Scorpaenoidei,Teleostei
Sphyraena ensis,Sphyraena,0.00465,3,3,TL,3.5,127,Sphyraenidae,Carangaria/misc,Teleostei
Lates japonicus,Lates,0.01612,3,1,TL,90,90,Latidae,Carangaria/misc,Teleostei
Chilomycterus schoepfii,Chilomycterus,0.0236,3.124,1,FL,21.2,21.2,Diodontidae,Tetraodontiformes,Teleostei
Cirrhitus rivulatus,Cirrhitus,0.02761,3,1,TL,53,53,Cirrhitidae,Centrarchiformes,Teleostei
Pseudoplatystoma fasciatum,Pseudoplatystoma,0.00997,3.029,3,SL,19.6,104.5,Pimelodidae,Siluriformes,Teleostei
Salvelinus leucomaenis,Salvelinus,0.01086,2.9712,2,FL,2.3,56,Salmonidae,Salmoniformes,Teleostei
Rhonciscus bayanus,Rhonciscus,0.017,2.99,3,SL,2.23,50,Haemulidae,Eupercaria/misc,Teleostei
Parachromis dovii,Parachromis,0.0206,3.0794,2,SL,1.29,64,Cichlidae,Cichliformes,Teleostei
Opistognathus punctatus,Opistognathus,0.01525,3,1,TL,42,42,Opistognathidae,Ovalentaria/misc,Teleostei
Elops hawaiensis,Elops,0.00472,3,1,TL,49,90,Elopidae,Elopiformes,Teleostei
Polydactylus sexfilis,Polydactylus,0.01625,3.18,3,FL,5.5,58,Polynemidae,Carangaria/misc,Teleostei
Hydrolycus scomberoides,Hydrolycus,0.013355,3.142,2,SL,12,46.7,Cynodontidae,Characiformes,Teleostei
Brachyplatystoma filamentosum,Brachyplatystoma,0.015955,2.957,2,SL,49,225,Pimelodidae,Siluriformes,Teleostei
Phractocephalus hemioliopterus,Phractocephalus,0.01565,3.02,2,TL,32,134.89999,Pimelodidae,Siluriformes,Teleostei
Rajella lintea,Rajella,0.00487,3,1,TL,123,123,Rajidae,Rajiformes,Elasmobranchii
Salmo letnica,Salmo,0.01537,3,2,TL,74,76,Salmonidae,Salmoniformes,Teleostei
Pagrus auratus,Pagrus,0.04356,2.7473,6,TL,8,71,Sparidae,Eupercaria/misc,Teleostei
Polydactylus macrochir,Polydactylus,0.010525,3,2,TL,96,105,Polynemidae,Carangaria/misc,Teleostei
Centropomus nigrescens,Centropomus,0.01407,3,3,TL,3.3,123,Centropomidae,Carangaria/misc,Teleostei
Centropomus medius,Centropomus,0.0091,3,3,TL,4.8,53.9,Centropomidae,Carangaria/misc,Teleostei
Centropomus viridis,Centropomus,0.01281,2.93,3,TL,4.88,130,Centropomidae,Carangaria/misc,Teleostei
Hephaestus fuliginosus,Hephaestus,0.03281,3,1,TL,40,40,Terapontidae,Centrarchiformes,Teleostei
Choerodon schoenleinii,Choerodon,0.01722,3.0465,4,TL,77,77,Labridae,Eupercaria/misc,Teleostei
Myxodes viridis,Myxodes,0.0172,2.611,1,TL,2.6,8,Clinidae,Blenniiformes,Teleostei
Ribeiroclinus eigenmanni,Ribeiroclinus,0.013,2.67,1,TL,2.7,9.2,Clinidae,Blenniiformes,Teleostei
Scarus tricolor,Scarus,0.0226,3.048,2,SL,13,52.7,Scaridae,Eupercaria/misc,Teleostei
Epinephelus malabaricus,Epinephelus,0.0138,3.042945,6,TL,8.5,153,Epinephelidae,Perciformes/Serranoidei,Teleostei
Epinephelus coeruleopunctatus,Epinephelus,0.0214,2.907,5,TL,3.5,69,Epinephelidae,Perciformes/Serranoidei,Teleostei
Acanthurus tractus,Acanthurus,0.0237,2.975,3,FL,2.8,24.3,Acanthuridae,Acanthuriformes,Teleostei
Aethaloperca rogaa,Aethaloperca,0.0299,3,1,SL,19,19,Epinephelidae,Perciformes/Serranoidei,Teleostei
Cephalopholis boenak,Cephalopholis,0.0155,3.002,7,TL,4.8,30.5,Epinephelidae,Perciformes/Serranoidei,Teleostei
Cephalopholis cyanostigma,Cephalopholis,0.0265,2.944,3,FL,11.5,55,Epinephelidae,Perciformes/Serranoidei,Teleostei
Cephalopholis formosa,Cephalopholis,0.0127,2.863,3,TL,13.5,33.4,Epinephelidae,Perciformes/Serranoidei,Teleostei
Cephalopholis hemistiktos,Cephalopholis,0.0232,3,2,SL,16.8,16.8,Epinephelidae,Perciformes/Serranoidei,Teleostei
Cephalopholis leopardus,Cephalopholis,0.0311,3,5,OT,7.2,13.1,Epinephelidae,Perciformes/Serranoidei,Teleostei
Cephalopholis microprion,Cephalopholis,0.0228,3.13,1,SL,7,18.5,Epinephelidae,Perciformes/Serranoidei,Teleostei
Cephalopholis miniata,Cephalopholis,0.01813,2.98905,4,TL,17,47.5,Epinephelidae,Perciformes/Serranoidei,Teleostei
Cephalopholis sexmaculata,Cephalopholis,0.0268,3,1,SL,,,Epinephelidae,Perciformes/Serranoidei,Teleostei
Cephalopholis sonnerati,Cephalopholis,0.01694,3.10405,8,TL,9.8,50.2,Epinephelidae,Perciformes/Serranoidei,Teleostei
Cephalopholis spiloparaea,Cephalopholis,0.02635,3.0265,2,SL,10,16,Epinephelidae,Perciformes/Serranoidei,Teleostei
Cephalopholis urodeta,Cephalopholis,0.02101,2.995375,2,FL,15,25.5,Epinephelidae,Perciformes/Serranoidei,Teleostei
Chromileptes altivelis,Chromileptes,0.0139,3.27,3,FL,13,70,Epinephelidae,Perciformes/Serranoidei,Teleostei
Cichla temensis,Cichla,0.04181,3,1,TL,66,66,Cichlidae,Cichliformes,Teleostei
Telestes souffia,Telestes,0.0893,2.139,1,TL,3,15,Leuciscidae,Cypriniformes,Teleostei
Percalates novemaculeatus,Percalates,0.0112,3.091,1,FL,5,49,Percalatidae,Centrarchiformes,Teleostei
Epinephelus coioides,Epinephelus,0.0105,3.051,11,TL,6.5,111,Epinephelidae,Perciformes/Serranoidei,Teleostei
Epinephelus corallicola,Epinephelus,0.017425,3,2,SL,25.5,25.5,Epinephelidae,Perciformes/Serranoidei,Teleostei
Epinephelus lanceolatus,Epinephelus,0.0173,3,1,TL,190,190,Epinephelidae,Perciformes/Serranoidei,Teleostei
Epinephelus magniscuttis,Epinephelus,0.03315,3.011,2,FL,21.4,80,Epinephelidae,Perciformes/Serranoidei,Teleostei
Epinephelus marginatus,Epinephelus,0.01115,3.09995,6,TL,2.2,100.2,Epinephelidae,Perciformes/Serranoidei,Teleostei
Epinephelus melanostigma,Epinephelus,0.01633,3,3,FL,16.9,54.9,Epinephelidae,Perciformes/Serranoidei,Teleostei
Epinephelus ongus,Epinephelus,0.017545,2.9789,4,FL,8.5,37,Epinephelidae,Perciformes/Serranoidei,Teleostei
Epinephelus polyphekadion,Epinephelus,0.0115,3.09,7,FL,8.5,61.5,Epinephelidae,Perciformes/Serranoidei,Teleostei
Epinephelus quoyanus,Epinephelus,0.028,3.04,3,FL,4.5,31.5,Epinephelidae,Perciformes/Serranoidei,Teleostei
Epinephelus undulosus,Epinephelus,0.00636,3.04105,2,TL,18.5,61.4,Epinephelidae,Perciformes/Serranoidei,Teleostei
Variola albimarginata,Variola,0.0212,3,5,FL,12.5,43.6,Epinephelidae,Perciformes/Serranoidei,Teleostei
Saurida tumbil,Saurida,0.00364,3.212,19,TL,3,54.9,Synodontidae,Aulopiformes,Teleostei
Enchelycore schismatorhynchus,Enchelycore,0.00037,3.27,1,TL,39.6,84,Muraenidae,Anguilliformes,Teleostei
Enchelynassa canina,Enchelynassa,0.00143,3,1,TL,73,73,Muraenidae,Anguilliformes,Teleostei
Gymnothorax buroensis,Gymnothorax,0.00095,3.24,3,TL,23.4,37.2,Muraenidae,Anguilliformes,Teleostei
Gymnothorax fimbriatus,Gymnothorax,0.000315,3.401785,4,TL,11,93.4,Muraenidae,Anguilliformes,Teleostei
Gymnothorax gracilicauda,Gymnothorax,0.00078,3,1,TL,26.7,26.7,Muraenidae,Anguilliformes,Teleostei
Pomacanthus imperator,Pomacanthus,0.03234,2.984,6,TL,2.59,36,Pomacanthidae,Acanthuriformes,Teleostei
Myripristis vittata,Myripristis,0.0782,2.592,1,OT,9.5,16.5,Holocentridae,Holocentriformes,Teleostei
Myripristis adusta,Myripristis,0.0263,2.99,3,FL,14.2,28.5,Holocentridae,Holocentriformes,Teleostei
Sargocentron spiniferum,Sargocentron,0.0236,2.9818,7,FL,10.8,45.8,Holocentridae,Holocentriformes,Teleostei
Amphiprion ocellaris,Amphiprion,0.0197,3.0675,1,TL,,,Pomacentridae,Ovalentaria/misc,Teleostei
Centriscus scutatus,Centriscus,0.001,3.082,2,TL,7.6,15.5,Centriscidae,Syngnathiformes,Teleostei
Bagrus docmak,Bagrus,0.0107,3.052,8,FL,8.4,70.1,Bagridae,Siluriformes,Teleostei
Arothron stellatus,Arothron,0.0915,2.67239,3,TL,5,75,Tetraodontidae,Tetraodontiformes,Teleostei
Chaetodon flavirostris,Chaetodon,0.024,3.130625,2,FL,2.6,16.5,Chaetodontidae,Acanthuriformes,Teleostei
Johnius dussumieri,Johnius,0.017,2.869,5,TL,4.7,22.4,Sciaenidae,Eupercaria/misc,Teleostei
Acanthopagrus schlegelii,Acanthopagrus,0.02276,3,3,TL,6.1,52,Sparidae,Eupercaria/misc,Teleostei
Oplegnathus fasciatus,Oplegnathus,0.0266,3,1,FL,51,67,Oplegnathidae,Centrarchiformes,Teleostei
Sebastes schlegelii,Sebastes,0.01465,3.005,8,TL,5.6,60,Sebastidae,Perciformes/Scorpaenoidei,Teleostei
Ompok bimaculatus,Ompok,0.00428,3.1185,10,TL,5,34.7,Siluridae,Siluriformes,Teleostei
Girella punctata,Girella,0.0205,3.134,14,FL,1.5,50,Girellidae,Centrarchiformes,Teleostei
Oplegnathus punctatus,Oplegnathus,0.0203,3,1,FL,56,81.6,Oplegnathidae,Centrarchiformes,Teleostei
Canthigaster compressa,Canthigaster,0.0647,2.863,1,SL,2.6,6.5,Tetraodontidae,Tetraodontiformes,Teleostei
Canthigaster valentini,Canthigaster,0.054785,2.721595,2,FL,2,8.6,Tetraodontidae,Tetraodontiformes,Teleostei
Centropyge tibicen,Centropyge,0.054665,2.743255,2,FL,2,13.5,Pomacanthidae,Acanthuriformes,Teleostei
Chaetodon ornatissimus,Chaetodon,0.03325,2.998,1,TL,11,16.8,Chaetodontidae,Acanthuriformes,Teleostei
Ostracion cubicum,Ostracion,0.115,2.553745,2,FL,2.5,41,Ostraciidae,Tetraodontiformes,Teleostei
Spirinchus lanceolatus,Spirinchus,0.00695,3,2,SL,13.4,,Osmeridae,Osmeriformes,Teleostei
Oxymonacanthus longirostris,Oxymonacanthus,0.017615,3,2,SL,8.9,8.9,Monacanthidae,Tetraodontiformes,Teleostei
Parapercis cylindrica,Parapercis,0.01334,2.97512,2,FL,2.5,14,Pinguipedidae,Perciformes/Uranoscopoidei,Teleostei
Pomacanthus sexstriatus,Pomacanthus,0.02924,3,3,FL,3.5,36.4,Pomacanthidae,Acanthuriformes,Teleostei
Silurus asotus,Silurus,0.0075,2.98,10,TL,4.9,71,Siluridae,Siluriformes,Teleostei
Pseudanthias huchtii,Pseudanthias,0.0127,3.085,1,TL,,,Anthiadidae,Perciformes/Serranoidei,Teleostei
Pseudanthias squamipinnis,Pseudanthias,0.0569,2.65,1,SL,3.7,9,Anthiadidae,Perciformes/Serranoidei,Teleostei
Pygoplites diacanthus,Pygoplites,0.01638,3,2,SL,12.3,12.3,Pomacanthidae,Acanthuriformes,Teleostei
Hyporthodus septemfasciatus,Hyporthodus,0.00332,3.348,1,FL,32,170,Epinephelidae,Perciformes/Serranoidei,Teleostei
Sillago japonica,Sillago,0.00762,2.9975,2,TL,6.8,18.9,Sillaginidae,Eupercaria/misc,Teleostei
Canthigaster solandri,Canthigaster,0.052395,2.765855,2,FL,3,12.1,Tetraodontidae,Tetraodontiformes,Teleostei
Bodianus bilunulatus,Bodianus,0.057545,2.7582,4,TL,16,20,Labridae,Eupercaria/misc,Teleostei
Neoniphon opercularis,Neoniphon,0.01212,3,2,SL,26.2,26.2,Holocentridae,Holocentriformes,Teleostei
Acanthopagrus sivicolus,Acanthopagrus,0.0205,3,1,FL,46,51,Sparidae,Eupercaria/misc,Teleostei
Benthosema suborbitale,Benthosema,0.0091,3.355,1,SL,2,3.3,Myctophidae,Myctophiformes,Teleostei
Diaphus dumerilii,Diaphus,0.00595,3.018,3,TL,2.2,9.8,Myctophidae,Myctophiformes,Teleostei
Lepidophanes guentheri,Lepidophanes,0.0081,3.099,3,TL,2.4,8,Myctophidae,Myctophiformes,Teleostei
Lithognathus aureti,Lithognathus,0.03,2.944,1,FL,,,Sparidae,Eupercaria/misc,Teleostei
Arothron reticularis,Arothron,0.0359,2.952,1,TL,2.8,7.1,Tetraodontidae,Tetraodontiformes,Teleostei
Hexagrammos otakii,Hexagrammos,0.0117,3.0445,6,TL,2.4,57,Hexagrammidae,Perciformes/Cottoidei,Teleostei
Diploprion bifasciatum,Diploprion,0.00886,3,3,FL,13.4,20,Liopropomatidae,Perciformes/Serranoidei,Teleostei
Ostorhinchus fasciatus,Ostorhinchus,0.014,3.118,5,TL,2.8,12.6,Apogonidae,Kurtiformes,Teleostei
Chaetodon pelewensis,Chaetodon,0.026915,3.084295,2,FL,5,9,Chaetodontidae,Acanthuriformes,Teleostei
Thamnaconus modestus,Thamnaconus,0.0117,3.0671,3,TL,19.4,37.4,Monacanthidae,Tetraodontiformes,Teleostei
Chelonodontops patoca,Chelonodontops,0.021,2.86,5,TL,1.6,29,Tetraodontidae,Tetraodontiformes,Teleostei
Chaetodon plebeius,Chaetodon,0.083805,2.49391,2,FL,2,10,Chaetodontidae,Acanthuriformes,Teleostei
Pomacentrus lepidogenys,Pomacentrus,0.0281,3.084,3,FL,4.5,8,Pomacentridae,Ovalentaria/misc,Teleostei
Labracoglossa argenteiventris,Labracoglossa,0.007,3.272,1,FL,4.6,16.7,Scorpididae,Centrarchiformes,Teleostei
Stethojulis trilineata,Stethojulis,0.00716,3.257,1,TL,7.8,16.5,Labridae,Eupercaria/misc,Teleostei
Sargocentron rubrum,Sargocentron,0.0214,2.976,13,TL,1,23.5,Holocentridae,Holocentriformes,Teleostei
Parupeneus spilurus,Parupeneus,0.03011,2.7885,3,FL,11.4,29.5,Mullidae,Mulliformes,Teleostei
Abudefduf vaigiensis,Abudefduf,0.03,2.8,3,TL,3,17.9,Pomacentridae,Ovalentaria/misc,Teleostei
Amphiprion biaculeatus,Amphiprion,0.0537,2.886,1,TL,,,Pomacentridae,Ovalentaria/misc,Teleostei
Stethojulis interrupta,Stethojulis,0.02922,2.60808,3,TL,2.6,15.6,Labridae,Eupercaria/misc,Teleostei
Cantherhines pardalis,Cantherhines,0.017,3.07,1,TL,7.2,12.4,Monacanthidae,Tetraodontiformes,Teleostei
Grammatobothus polyophthalmus,Grammatobothus,0.01959,2.805915,2,FL,11,20.5,Bothidae,Pleuronectiformes,Teleostei
Upeneus sundaicus,Upeneus,0.01462,2.965,2,TL,,,Mullidae,Mulliformes,Teleostei
Abudefduf abdominalis,Abudefduf,0.0369,3,3,FL,2.7,18.2,Pomacentridae,Ovalentaria/misc,Teleostei
Conger cinereus,Conger,8e-04,3.12681,1,FL,10.9,110,Congridae,Anguilliformes,Teleostei
Acanthochromis polyacanthus,Acanthochromis,0.0282,3.1785,2,SL,7.5,10,Pomacentridae,Ovalentaria/misc,Teleostei
Chromis chrysura,Chromis,0.02671,3.15616,2,FL,5.5,12,Pomacentridae,Ovalentaria/misc,Teleostei
Epinephelus hexagonatus,Epinephelus,0.01766,3,3,TL,10,26.6,Epinephelidae,Perciformes/Serranoidei,Teleostei
Epinephelus macrospilos,Epinephelus,0.0132,3.03072,3,FL,11,42.5,Epinephelidae,Perciformes/Serranoidei,Teleostei
Gymnothorax eurostus,Gymnothorax,0.00079,3.2,3,TL,23.7,59.5,Muraenidae,Anguilliformes,Teleostei
Halichoeres ornatissimus,Halichoeres,0.017105,3,2,SL,10,10,Labridae,Eupercaria/misc,Teleostei
Cheilodipterus arabicus,Cheilodipterus,0.01956,3,2,SL,16.8,16.8,Apogonidae,Kurtiformes,Teleostei
Parapercis millepunctata,Parapercis,0.0991,2.218,1,OT,11.7,14.9,Pinguipedidae,Perciformes/Uranoscopoidei,Teleostei
Amblyeleotris guttata,Amblyeleotris,0.01286,3,1,TL,7.2,7.2,Gobiidae,Gobiiformes,Teleostei
Heterochromis multidens,Heterochromis,0.0308,3.145,1,SL,4.6,13.6,Cichlidae,Cichliformes,Teleostei
Pseudocrenilabrus philander,Pseudocrenilabrus,0.016,2.954,3,TL,1.2,8.37,Cichlidae,Cichliformes,Teleostei
Sargochromis mellandi,Sargochromis,0.014,3.026,1,TL,,,Cichlidae,Cichliformes,Teleostei
Pomacentrus alexanderae,Pomacentrus,0.0135,3.312,1,TL,,,Pomacentridae,Ovalentaria/misc,Teleostei
Naso thynnoides,Naso,0.0069,3.457,1,SL,11,23,Acanthuridae,Acanthuriformes,Teleostei
Naso minor,Naso,0.0127,3.258,1,SL,12,18.5,Acanthuridae,Acanthuriformes,Teleostei
Mirolabrichthys pascalus,Mirolabrichthys,0.017755,3,2,SL,14.2,14.2,Anthiadidae,Perciformes/Serranoidei,Teleostei
Plectorhinchus lineatus,Plectorhinchus,0.013125,3.066295,2,FL,19.5,44,Haemulidae,Eupercaria/misc,Teleostei
Bathylagus antarcticus,Bathylagus,0.00933,3,1,SL,,19,Bathylagidae,Argentiniformes,Teleostei
Rouleina attrita,Rouleina,0.00286,3.33,1,TL,,,Alepocephalidae,Alepocephaliformes,Teleostei
Geotria australis,Geotria,0.011,2.11,1,TL,1.1,11.4,Geotriidae,Petromyzontiformes,Petromyzonti
Bathyraja maccaini,Bathyraja,0.00477,3.162,1,TL,23.5,86.5,Arhynchobatidae,Rajiformes,Elasmobranchii
Halosauropsis macrochir,Halosauropsis,0.00435,3.242,2,OT,14,76,Halosauridae,Notacanthiformes,Teleostei
Cyclothone pseudopallida,Cyclothone,0.0076,2.518,1,SL,1.5,4.8,Gonostomatidae,Stomiiformes,Teleostei
Diastobranchus capensis,Diastobranchus,0.00023,3.35,1,TL,54.8,138.2,Synaphobranchidae,Anguilliformes,Teleostei
Argyropelecus hemigymnus,Argyropelecus,0.0067,3.4575,2,TL,0.5,5.1,Sternoptychidae,Stomiiformes,Teleostei
Histiobranchus bathybius,Histiobranchus,0.00048,3.3941,2,TL,112,135,Synaphobranchidae,Anguilliformes,Teleostei
Arothron manilensis,Arothron,0.038405,2.805555,2,FL,3.5,33,Tetraodontidae,Tetraodontiformes,Teleostei
Arothron immaculatus,Arothron,0.02852,2.82797,6,TL,2,37.5,Tetraodontidae,Tetraodontiformes,Teleostei
Coelorinchus marinii,Coelorinchus,0.0104,2.715,1,TL,,,Macrouridae,Gadiformes,Teleostei
Macrourus carinatus,Macrourus,0.00785,2.908,2,TL,24.8,95.6,Macrouridae,Gadiformes,Teleostei
Notolepis coatsi,Notolepis,0.00017,3.645,1,TL,17.1,35.2,Paralepididae,Aulopiformes,Teleostei
Macrourus holotrachys,Macrourus,0.00187,3.259,4,TL,2.7,43.7,Macrouridae,Gadiformes,Teleostei
Macrourus whitsoni,Macrourus,0.057485,3.147,2,OT,2.4,66.7,Macrouridae,Gadiformes,Teleostei
Amblygobius phalaena,Amblygobius,0.01838,2.96,5,TL,3,11.7,Gobiidae,Gobiiformes,Teleostei
Trematomus eulepidotus,Trematomus,0.00469,3.261,5,TL,12.2,34.5,Nototheniidae,Perciformes/Notothenioidei,Teleostei
Asterropteryx semipunctata,Asterropteryx,0.0124,3.12425,4,TL,0.89,3.26,Gobiidae,Gobiiformes,Teleostei
Trematomus hansoni,Trematomus,0.0014,3.63,3,TL,15.1,45.5,Nototheniidae,Perciformes/Notothenioidei,Teleostei
Trematomus lepidorhinus,Trematomus,0.00352,3.292,3,TL,3.4,30.3,Nototheniidae,Perciformes/Notothenioidei,Teleostei
Trematomus loennbergii,Trematomus,0.0019,3.503,1,TL,8.5,31.9,Nototheniidae,Perciformes/Notothenioidei,Teleostei
Neodraco loennbergi,Neodraco,0.00675,3.014,3,TL,6.2,11.8,Artedidraconidae,Perciformes/Notothenioidei,Teleostei
Artedidraco orianae,Artedidraco,0.00305,3.454,3,TL,5.4,16.8,Artedidraconidae,Perciformes/Notothenioidei,Teleostei
Neodraco skottsbergi,Neodraco,0.00739,3.031,3,TL,4.2,12,Artedidraconidae,Perciformes/Notothenioidei,Teleostei
Dolloidraco longedorsalis,Dolloidraco,0.00744,2.993,3,TL,4.3,13.3,Artedidraconidae,Perciformes/Notothenioidei,Teleostei
Histiodraco velifer,Histiodraco,0.0032,3.52,1,TL,14.1,20.9,Artedidraconidae,Perciformes/Notothenioidei,Teleostei
Trematomus newnesi,Trematomus,0.00011,4.049,2,TL,14.5,24.5,Nototheniidae,Perciformes/Notothenioidei,Teleostei
Trematomus nicolai,Trematomus,0.00744,3.155,3,TL,10,34,Nototheniidae,Perciformes/Notothenioidei,Teleostei
Gobiodon okinawae,Gobiodon,0.03195,3,2,SL,4.4,,Gobiidae,Gobiiformes,Teleostei
Trematomus pennellii,Trematomus,0.00505,3.295,3,TL,6.6,29.7,Nototheniidae,Perciformes/Notothenioidei,Teleostei
Ceratoscopelus warmingii,Ceratoscopelus,0.0093,3.1832,2,SL,1.7,10.2,Myctophidae,Myctophiformes,Teleostei
Oplopomus oplopomus,Oplopomus,0.01111,3,1,TL,3,3,Gobiidae,Gobiiformes,Teleostei
Trematomus scotti,Trematomus,0.0055,3.158,3,TL,5,24.7,Nototheniidae,Perciformes/Notothenioidei,Teleostei
Priolepis cincta,Priolepis,0.01964,2.86345,2,FL,3.5,7,Gobiidae,Gobiiformes,Teleostei
Trimma okinawae,Trimma,0.01447,3,1,TL,2.4,2.4,Gobiidae,Gobiiformes,Teleostei
Valenciennea longipinnis,Valenciennea,0.00539,3.13637,1,FL,7.5,12.5,Gobiidae,Gobiiformes,Teleostei
Valenciennea muralis,Valenciennea,0.0082,2.92,2,TL,,,Gobiidae,Gobiiformes,Teleostei
Valenciennea sexguttata,Valenciennea,0.01741,3,1,TL,9.3,9.3,Gobiidae,Gobiiformes,Teleostei
Aethotaxis mitopteryx,Aethotaxis,0.00593,3.045,3,TL,16.8,44.3,Nototheniidae,Perciformes/Notothenioidei,Teleostei
Dissostichus mawsoni,Dissostichus,0.01076,3.108,4,TL,18.3,162,Nototheniidae,Perciformes/Notothenioidei,Teleostei
Gobionotothen acuta,Gobionotothen,0.00445,3.35,1,SL,17,24.2,Nototheniidae,Perciformes/Notothenioidei,Teleostei
Gobionotothen gibberifrons,Gobionotothen,0.002165,3.44,12,TL,9.8,51.2,Nototheniidae,Perciformes/Notothenioidei,Teleostei
Lepidonotothen squamifrons,Lepidonotothen,0.002835,3.4005,10,TL,9.5,49.5,Nototheniidae,Perciformes/Notothenioidei,Teleostei
Nototheniops mizops,Nototheniops,0.01359,3,1,SL,12.5,14.6,Nototheniidae,Perciformes/Notothenioidei,Teleostei
Nototheniops nudifrons,Nototheniops,0.00429,3.3815,4,TL,7.2,18.4,Nototheniidae,Perciformes/Notothenioidei,Teleostei
Pogonophryne barsukovi,Pogonophryne,0.00289,3.492,1,TL,15.8,22.6,Artedidraconidae,Perciformes/Notothenioidei,Teleostei
Artedidraco shackletoni,Artedidraco,0.0233,2.695,3,TL,6.2,14.1,Artedidraconidae,Perciformes/Notothenioidei,Teleostei
Paranotothenia magellanica,Paranotothenia,0.009,3.168,1,TL,9,43,Nototheniidae,Perciformes/Notothenioidei,Teleostei
Electrona antarctica,Electrona,0.01651,2.918,4,SL,6.5,11.2,Myctophidae,Myctophiformes,Teleostei
Valenciennea puellaris,Valenciennea,0.00869,3,1,TL,7.8,12.6,Gobiidae,Gobiiformes,Teleostei
Neoscopelus macrolepidotus,Neoscopelus,0.02457,2.52,1,TL,4.7,16.5,Neoscopelidae,Myctophiformes,Teleostei
Callogobius sclateri,Callogobius,0.02913,3,1,TL,6.5,6.5,Gobiidae,Gobiiformes,Teleostei
Eviota distigma,Eviota,0.0146,2.91,1,TL,0.83,1.84,Gobiidae,Gobiiformes,Teleostei
Eviota prasina,Eviota,0.0144,2.78,1,TL,0.903,1.82,Gobiidae,Gobiiformes,Teleostei
Pogonophryne marmorata,Pogonophryne,0.00398,3.362,3,TL,6.2,20.8,Artedidraconidae,Perciformes/Notothenioidei,Teleostei
Pogonophryne permitini,Pogonophryne,0.00873,3.087,1,TL,8.8,18.9,Artedidraconidae,Perciformes/Notothenioidei,Teleostei
Pogonophryne scotti,Pogonophryne,0.00162,3.739,1,TL,17,29.3,Artedidraconidae,Perciformes/Notothenioidei,Teleostei
Harpagifer bispinis,Harpagifer,0.01833,3.21,3,SL,3.7,8.3,Harpagiferidae,Perciformes/Notothenioidei,Teleostei
Bathydraco marri,Bathydraco,0.01385,2.534,3,TL,8.7,23.1,Bathydraconidae,Perciformes/Notothenioidei,Teleostei
Cygnodraco mawsoni,Cygnodraco,0.00011,3.966,3,TL,12.8,49.1,Bathydraconidae,Perciformes/Notothenioidei,Teleostei
Gerlachea australis,Gerlachea,0.00028,3.8,5,TL,13.3,28,Bathydraconidae,Perciformes/Notothenioidei,Teleostei
Gymnodraco acuticeps,Gymnodraco,0.00058,3.754,3,TL,18,38.5,Bathydraconidae,Perciformes/Notothenioidei,Teleostei
Parachaenichthys charcoti,Parachaenichthys,0.00347,3.06,1,TL,16.3,25.8,Bathydraconidae,Perciformes/Notothenioidei,Teleostei
Prionodraco evansii,Prionodraco,0.00469,2.965,3,TL,5.1,15.5,Bathydraconidae,Perciformes/Notothenioidei,Teleostei
Psilodraco breviceps,Psilodraco,0.00238,3.675,1,SL,6.1,17.1,Bathydraconidae,Perciformes/Notothenioidei,Teleostei
Racovitzia glacialis,Racovitzia,0.00112,3.393,3,TL,9.2,28.7,Bathydraconidae,Perciformes/Notothenioidei,Teleostei
Gymnoscopelus bolini,Gymnoscopelus,0.00144,3.568,1,TL,10.4,19.1,Myctophidae,Myctophiformes,Teleostei
Gymnoscopelus braueri,Gymnoscopelus,0.0118,3.06365,2,SL,4.1,22,Myctophidae,Myctophiformes,Teleostei
Gymnoscopelus nicholsi,Gymnoscopelus,0.0472,2.472,3,TL,12.5,19.1,Myctophidae,Myctophiformes,Teleostei
Pseudocyttus maculatus,Pseudocyttus,0.029,2.9,5,TL,17,44,Oreosomatidae,Zeiformes,Teleostei
Pachycara brachycephalum,Pachycara,0.0165,2.536,2,TL,,36,Zoarcidae,Perciformes/Zoarcoidei,Teleostei
Krefftichthys anderssoni,Krefftichthys,0.0101,2.9843,1,SL,3.1,7.4,Myctophidae,Myctophiformes,Teleostei
Lampanyctus ater,Lampanyctus,0.005,3,3,SL,10.2,18.1,Myctophidae,Myctophiformes,Teleostei
Chionobathyscus dewitti,Chionobathyscus,0.00179,3.368,3,TL,14,41.5,Channichthyidae,Perciformes/Notothenioidei,Teleostei
Chionodraco hamatus,Chionodraco,0.00106,3.538,3,TL,15.8,49.8,Channichthyidae,Perciformes/Notothenioidei,Teleostei
Chionodraco myersi,Chionodraco,0.00144,3.427,3,TL,7.5,39.2,Channichthyidae,Perciformes/Notothenioidei,Teleostei
Pagetodes antarcticus,Pagetodes,0.00062,3.52,5,TL,16.2,52.5,Channichthyidae,Perciformes/Notothenioidei,Teleostei
Dacodraco hunteri,Dacodraco,0.00079,3.533,1,TL,10.6,30.4,Channichthyidae,Perciformes/Notothenioidei,Teleostei
Neopagetopsis ionah,Neopagetopsis,0.01863,2.762,1,TL,26.6,55,Channichthyidae,Perciformes/Notothenioidei,Teleostei
Pagetopsis maculata,Pagetopsis,0.00034,4.048,1,TL,14.6,22.3,Channichthyidae,Perciformes/Notothenioidei,Teleostei
Muraenolepis marmorata,Muraenolepis,0.00775,3.00234,1,TL,8.8,44,Muraenolepididae,Gadiformes,Teleostei
Mancopsetta maculata,Mancopsetta,0.00796,3.051,1,TL,,,Achiropsettidae,Pleuronectiformes,Teleostei
Neoachiropsetta milfordi,Neoachiropsetta,0.00438,3.174,1,TL,,,Achiropsettidae,Pleuronectiformes,Teleostei
Gymnothorax melatremus,Gymnothorax,0.0013,3,1,TL,13.2,13.2,Muraenidae,Anguilliformes,Teleostei
Scolecenchelys macroptera,Scolecenchelys,0.00113,3,1,SL,22.7,27.5,Ophichthidae,Anguilliformes,Teleostei
Synodus binotatus,Synodus,0.0084,3,2,SL,8.5,8.5,Synodontidae,Aulopiformes,Teleostei
Taaningichthys bathyphilus,Taaningichthys,0.0113,2.73,1,SL,5.4,7.1,Myctophidae,Myctophiformes,Teleostei
Dinematichthys iluocoeteoides,Dinematichthys,0.01085,3,2,SL,5.1,,Dinematichthyidae,Ophidiiformes,Teleostei
Pomadasys striatus,Pomadasys,0.0867,2.69,1,SL,7.5,13,Haemulidae,Eupercaria/misc,Teleostei
Atherion elymus,Atherion,0.0181,2.4,1,TL,0.8,6.4,Atherionidae,Atheriniformes,Teleostei
Myripristis hexagona,Myripristis,0.021855,3.064485,2,FL,4.6,19,Holocentridae,Holocentriformes,Teleostei
Myripristis kuntee,Myripristis,0.015255,3.309325,2,FL,6,14,Holocentridae,Holocentriformes,Teleostei
Myripristis pralinia,Myripristis,0.0234,3.082005,2,FL,5,15,Holocentridae,Holocentriformes,Teleostei
Myripristis violacea,Myripristis,0.03875,2.92163,2,FL,3.5,19.2,Holocentridae,Holocentriformes,Teleostei
Neoniphon argenteus,Neoniphon,0.032675,2.81263,2,FL,4.5,18.2,Holocentridae,Holocentriformes,Teleostei
Scorpaenodes scaber,Scorpaenodes,0.0245,2.96021,1,FL,3,9.5,Scorpaenidae,Perciformes/Scorpaenoidei,Teleostei
Plectropomus oligacanthus,Plectropomus,0.0155,3,3,FL,14.5,49,Epinephelidae,Perciformes/Serranoidei,Teleostei
Pseudogramma polyacantha,Pseudogramma,0.019385,3,2,SL,4.8,8.1,Grammistidae,Perciformes/Serranoidei,Teleostei
Atractosteus tropicus,Atractosteus,0.00491,3,1,TL,83.8,83.8,Lepisosteidae,Lepisosteiformes,Holostei
Apocryptodon madurensis,Apocryptodon,0.005,3.266,1,TL,4.58,8.94,Oxudercidae,Gobiiformes,Teleostei
Balistes capriscus,Balistes,0.0214,2.942,21,TL,5.9,66,Balistidae,Tetraodontiformes,Teleostei
Epinephelus awoara,Epinephelus,0.0133,3.0716,1,TL,,,Epinephelidae,Perciformes/Serranoidei,Teleostei
Diplectrum radiale,Diplectrum,0.0089,3.0635,8,TL,6.8,24,Serranidae,Perciformes/Serranoidei,Teleostei
Epinephelus bilobatus,Epinephelus,0.00646,3.2083,1,TL,,,Epinephelidae,Perciformes/Serranoidei,Teleostei
Epinephelus bleekeri,Epinephelus,0.0183,3.1122,3,TL,13.8,53.8,Epinephelidae,Perciformes/Serranoidei,Teleostei
Albula nemoptera,Albula,0.0174,2.92,1,SL,20,34.5,Albulidae,Albuliformes,Teleostei
Epinephelus bruneus,Epinephelus,0.0121,3.0893,2,TL,128,128,Epinephelidae,Perciformes/Serranoidei,Teleostei
Hyporthodus chabaudi,Hyporthodus,0.0247,3,1,TL,57,116,Epinephelidae,Perciformes/Serranoidei,Teleostei
Epinephelus diacanthus,Epinephelus,0.018,2.94,7,TL,12,41.9,Epinephelidae,Perciformes/Serranoidei,Teleostei
Epinephelus epistictus,Epinephelus,0.0148,2.8425,1,TL,21.5,56.1,Epinephelidae,Perciformes/Serranoidei,Teleostei
Epinephelus faveatus,Epinephelus,0.0104,2.9183,1,TL,18.5,36.5,Epinephelidae,Perciformes/Serranoidei,Teleostei
Epinephelus flavocaeruleus,Epinephelus,0.0156,3,1,TL,61.3,61.3,Epinephelidae,Perciformes/Serranoidei,Teleostei
Epinephelus howlandi,Epinephelus,0.012975,3.069545,4,FL,5.7,46.1,Epinephelidae,Perciformes/Serranoidei,Teleostei
Epinephelus latifasciatus,Epinephelus,0.015125,3.012,2,TL,14.8,97.8,Epinephelidae,Perciformes/Serranoidei,Teleostei
Epinephelus longispinis,Epinephelus,0.027,3.249,1,TL,21.2,36.7,Epinephelidae,Perciformes/Serranoidei,Teleostei
Epinephelus miliaris,Epinephelus,0.0255,3,1,SL,,,Epinephelidae,Perciformes/Serranoidei,Teleostei
Epinephelus multinotatus,Epinephelus,0.012475,3.05475,4,TL,,,Epinephelidae,Perciformes/Serranoidei,Teleostei
Hyporthodus octofasciatus,Hyporthodus,0.016675,2.99555,2,TL,,,Epinephelidae,Perciformes/Serranoidei,Teleostei
Epinephelus polylepis,Epinephelus,0.011,3.025,1,,,,Epinephelidae,Perciformes/Serranoidei,Teleostei
Epinephelus radiatus,Epinephelus,0.0238,3.172,1,TL,22,50.6,Epinephelidae,Perciformes/Serranoidei,Teleostei
Epinephelus summana,Epinephelus,0.02072,3,2,SL,24,24,Epinephelidae,Perciformes/Serranoidei,Teleostei
Epinephelus timorensis,Epinephelus,0.0174,2.94,1,FL,18,71,Epinephelidae,Perciformes/Serranoidei,Teleostei
Plectropomus laevis,Plectropomus,0.00616,3.21,3,FL,18.1,107,Epinephelidae,Perciformes/Serranoidei,Teleostei
Saloptia powelli,Saloptia,0.00829,3.175,1,FL,33,47,Epinephelidae,Perciformes/Serranoidei,Teleostei
Anableps anableps,Anableps,0.00485,3.223,2,TL,5.7,28.8,Anablepidae,Cyprinodontiformes,Teleostei
Dasyatis brevis,Dasyatis,0.00711,3,1,TL,187,187,Dasyatidae,Myliobatiformes,Elasmobranchii
Sigmops elongatus,Sigmops,0.00175,3.203,2,SL,4.9,25,Gonostomatidae,Stomiiformes,Teleostei
Vinciguerria nimbaria,Vinciguerria,0.006605,3.1845,2,SL,1.9,5.5,Phosichthyidae,Stomiiformes,Teleostei
Sternoptyx diaphana,Sternoptyx,0.057,2.89,3,SL,1.2,5,Sternoptychidae,Stomiiformes,Teleostei
Argyropelecus sladeni,Argyropelecus,0.0333,2.897,3,SL,2,8.3,Sternoptychidae,Stomiiformes,Teleostei
Opisthoproctus soleatus,Opisthoproctus,0.0454,2.809,1,SL,3.6,7.4,Opisthoproctidae,Argentiniformes,Teleostei
Hime japonica,Hime,0.01287,3,2,SL,19.5,19.5,Aulopidae,Aulopiformes,Teleostei
Bolinichthys distofax,Bolinichthys,0.0126,3.03,1,SL,3.2,9.1,Myctophidae,Myctophiformes,Teleostei
Bolinichthys supralateralis,Bolinichthys,0.0117,3.189,1,SL,2.7,10.5,Myctophidae,Myctophiformes,Teleostei
Lampanyctus nobilis,Lampanyctus,0.0071,3.095,1,SL,1.8,12,Myctophidae,Myctophiformes,Teleostei
Lampanyctus tenuiformis,Lampanyctus,0.0084,3.117,1,SL,4.4,15.2,Myctophidae,Myctophiformes,Teleostei
Dasyscopelus obtusirostris,Dasyscopelus,0.00923,3.005,1,TL,,,Myctophidae,Myctophiformes,Teleostei
Notoscopelus caudispinosus,Notoscopelus,0.0049,3.213,1,TL,2.7,7,Myctophidae,Myctophiformes,Teleostei
Triphoturus nigrescens,Triphoturus,0.00619,3.05,1,SL,1.8,8.1,Myctophidae,Myctophiformes,Teleostei
Benthosema fibulatum,Benthosema,0.0051,3.682,1,SL,2.8,7.3,Myctophidae,Myctophiformes,Teleostei
Myctophum affine,Myctophum,0.01786,2.615,2,TL,2.4,6,Myctophidae,Myctophiformes,Teleostei
Dasyscopelus selenops,Dasyscopelus,0.107,2.086,1,TL,,,Myctophidae,Myctophiformes,Teleostei
Diaphus brachycephalus,Diaphus,0.0209,3.025,1,SL,1.8,5.3,Myctophidae,Myctophiformes,Teleostei
Diaphus perspicillatus,Diaphus,0.007,3.137,3,TL,3.2,10.4,Myctophidae,Myctophiformes,Teleostei
Diaphus fragilis,Diaphus,0.0174,2.953,1,SL,3,8.2,Myctophidae,Myctophiformes,Teleostei
Diaphus metopoclampus,Diaphus,0.01055,3.141,2,TL,3.6,10.6,Myctophidae,Myctophiformes,Teleostei
Lampanyctus niger,Lampanyctus,0.0132,2.927,1,TL,4.8,14.8,Myctophidae,Myctophiformes,Teleostei
Gigantura indica,Gigantura,2e-04,3,1,TL,,26,Giganturidae,Aulopiformes,Teleostei
Gymnothorax pindae,Gymnothorax,0.00167,3,1,TL,40.1,40.1,Muraenidae,Anguilliformes,Teleostei
Scuticaria tigrina,Scuticaria,0.00022,3.14,1,TL,55.7,110.1,Muraenidae,Anguilliformes,Teleostei
Enchelycore pardalis,Enchelycore,0.00098,3.320335,2,TL,33.4,88.4,Muraenidae,Anguilliformes,Teleostei
Nemanthias dispar,Nemanthias,0.00792,3.168,1,TL,2.8,8.7,Anthiadidae,Perciformes/Serranoidei,Teleostei
Hirundichthys affinis,Hirundichthys,0.076,2.381,5,FL,20.5,29.5,Exocoetidae,Beloniformes,Teleostei
Gymnothorax berndti,Gymnothorax,9e-05,3.67,1,TL,49.1,82.2,Muraenidae,Anguilliformes,Teleostei
Gymnothorax steindachneri,Gymnothorax,0.0033,3,1,TL,44.6,,Muraenidae,Anguilliformes,Teleostei
Gymnothorax nudivomer,Gymnothorax,0.00066,3.24,1,TL,48.8,82.2,Muraenidae,Anguilliformes,Teleostei
Synaphobranchus affinis,Synaphobranchus,0.00043,3.3,1,TL,45.6,65.3,Synaphobranchidae,Anguilliformes,Teleostei
Periophthalmus argentilineatus,Periophthalmus,0.00957,3.34,1,SL,4.3,7.16,Oxudercidae,Gobiiformes,Teleostei
Periophthalmus gracilis,Periophthalmus,0.0208,2.8,1,SL,2.05,4.27,Oxudercidae,Gobiiformes,Teleostei
Periophthalmus novemradiatus,Periophthalmus,0.0225,2.82,2,TL,2.7,7.1,Oxudercidae,Gobiiformes,Teleostei
Scartelaos histophorus,Scartelaos,0.00526,2.6898,3,SL,3.28,12.9,Oxudercidae,Gobiiformes,Teleostei
Paraplagusia blochii,Paraplagusia,0.0034,3.202,1,TL,,,Cynoglossidae,Pleuronectiformes,Teleostei
Pycnochromis leucurus,Pycnochromis,0.03409,3,2,SL,4.6,6.5,Pomacentridae,Ovalentaria/misc,Teleostei
Evoxymetopon taeniatum,Evoxymetopon,0.00193,2.802,1,TL,19.9,90.5,Trichiuridae,Scombriformes,Teleostei
Colomesus psittacus,Colomesus,0.0251,2.97,4,TL,1.1,29.3,Tetraodontidae,Tetraodontiformes,Teleostei
Hyporhamphus acutus,Hyporhamphus,0.0034,4.11,1,FL,15.3,20.5,Hemiramphidae,Beloniformes,Teleostei
Hemiramphus depauperatus,Hemiramphus,0.0111,3.34,1,FL,14.1,24,Hemiramphidae,Beloniformes,Teleostei
Cheilopogon atrisignis,Cheilopogon,0.012,3.011,1,FL,,,Exocoetidae,Beloniformes,Teleostei
Anguilla obscura,Anguilla,0.00021,3.383,1,TL,,,Anguillidae,Anguilliformes,Teleostei
Aspredinichthys filamentosus,Aspredinichthys,0.00225,2.931,2,SL,5,25.5,Aspredinidae,Siluriformes,Teleostei
Aspredinichthys tibicen,Aspredinichthys,0.003,2.72,3,TL,3.1,25.3,Aspredinidae,Siluriformes,Teleostei
Aspredo aspredo,Aspredo,0.0029,2.895,2,TL,5.7,32,Aspredinidae,Siluriformes,Teleostei
Cynoglossus arel,Cynoglossus,0.00127,3.4,7,TL,16.3,36.3,Cynoglossidae,Pleuronectiformes,Teleostei
Atherinella blackburni,Atherinella,0.0041,3.16,1,TL,2.14,11.84,Atherinopsidae,Atheriniformes,Teleostei
Atherinella brasiliensis,Atherinella,0.0049,3.2,9,TL,1,17.7,Atherinopsidae,Atheriniformes,Teleostei
Symphurus plagusia,Symphurus,0.003295,3.2725,4,TL,1,25,Cynoglossidae,Pleuronectiformes,Teleostei
Eugerres brasilianus,Eugerres,0.02,2.906,5,FL,1,50,Gerreidae,Eupercaria/misc,Teleostei
Genyatremus luteus,Genyatremus,0.0262,2.968,3,TL,2,60.8,Haemulidae,Eupercaria/misc,Teleostei
Scleropages jardinii,Scleropages,0.00876,3,2,SL,12.3,12.3,Osteoglossidae,Osteoglossiformes,Teleostei
Hyporhamphus roberti,Hyporhamphus,6e-04,3.54,1,TL,7,17.2,Hemiramphidae,Beloniformes,Teleostei
Symphysanodon berryi,Symphysanodon,0.0051,3.078,1,TL,10.9,29.6,Symphysanodontidae,Acropomatiformes,Teleostei
Gymnothorax funebris,Gymnothorax,0.00071,3.24,3,TL,5,213,Muraenidae,Anguilliformes,Teleostei
Gymnothorax moringa,Gymnothorax,0.001,3.158,3,TL,9,103,Muraenidae,Anguilliformes,Teleostei
Gymnothorax vicinus,Gymnothorax,0.0014,3.0368,3,TL,26.1,132,Muraenidae,Anguilliformes,Teleostei
Lepophidium brevibarbe,Lepophidium,0.02485,2.714,2,FL,11.3,28.8,Ophidiidae,Ophidiiformes,Teleostei
Brachyplatystoma vaillantii,Brachyplatystoma,0.028605,2.705,2,SL,3.2,69,Pimelodidae,Siluriformes,Teleostei
Pimelodus blochii,Pimelodus,0.01945,2.92,7,SL,2.9,30,Pimelodidae,Siluriformes,Teleostei
Polymixia nobilis,Polymixia,0.01875,3.0595,6,FL,7.4,47,Polymixiidae,Polymixiiformes,Teleostei
Atrosalarias holomelas,Atrosalarias,0.01635,3,2,SL,4.7,,Blenniidae,Blenniiformes,Teleostei
Omobranchus punctatus,Omobranchus,0.009,3.056,1,SL,2.9,7.5,Blenniidae,Blenniiformes,Teleostei
Achirus achirus,Achirus,0.0168,2.995,3,TL,3.7,33,Achiridae,Pleuronectiformes,Teleostei
Enteromius paludinosus,Enteromius,0.0173,2.944,3,SL,4.6,12.6,Cyprinidae,Cypriniformes,Teleostei
Gymnachirus nudus,Gymnachirus,0.0024,3.62,1,TL,6.5,17.5,Achiridae,Pleuronectiformes,Teleostei
Galaxias maculatus,Galaxias,0.003,3.39,1,TL,0.8,9.7,Galaxiidae,Galaxiiformes,Teleostei
Trinectes paulistanus,Trinectes,0.0105,3.17,7,TL,2.2,20.5,Achiridae,Pleuronectiformes,Teleostei
Chimaera phantasma,Chimaera,0.00385,3,2,SL,,56,Chimaeridae,Chimaeriformes,Holocephali
Uroconger lepturus,Uroconger,8e-04,3.0252,1,TL,,,Congridae,Anguilliformes,Teleostei
Atlantoraja cyclophora,Atlantoraja,0.031915,2.8375,2,TL,12,59.7,Arhynchobatidae,Rajiformes,Elasmobranchii
Rostroraja alba,Rostroraja,0.0049,3.13,11,TL,9.5,145,Rajidae,Rajiformes,Elasmobranchii
Leucoraja circularis,Leucoraja,0.00455,3.08,2,TL,44.5,101,Rajidae,Rajiformes,Elasmobranchii
Dipturus oxyrinchus,Dipturus,0.00105,3.2909,11,TL,10,124,Rajidae,Rajiformes,Elasmobranchii
Raja undulata,Raja,0.0031,3.2,5,TL,13,101,Rajidae,Rajiformes,Elasmobranchii
Mobula mobular,Mobula,0.0296,3.04,4,TL,97.5,291.5,Mobulidae,Myliobatiformes,Elasmobranchii
Leucoraja fullonica,Leucoraja,0.0065,3.13,1,TL,19,76,Rajidae,Rajiformes,Elasmobranchii
Micropogonias furnieri,Micropogonias,0.00939,3.04,36,TL,1.8,80,Sciaenidae,Eupercaria/misc,Teleostei
Uranoscopus bicinctus,Uranoscopus,0.0392,2.832,1,TL,7.6,29.5,Uranoscopidae,Perciformes/Uranoscopoidei,Teleostei
Plectorhinchus flavomaculatus,Plectorhinchus,0.15475,2.55295,2,SL,17.5,49,Haemulidae,Eupercaria/misc,Teleostei
Plectorhinchus sordidus,Plectorhinchus,0.036,2.75,1,FL,17.6,33.8,Haemulidae,Eupercaria/misc,Teleostei
Nerophis lumbriciformis,Nerophis,0.00042,3,1,TL,,,Syngnathidae,Syngnathiformes,Teleostei
Acantholabrus palloni,Acantholabrus,0.0108,3.074,1,TL,13.3,23.5,Labridae,Eupercaria/misc,Teleostei
Arnoglossus dalgleishi,Arnoglossus,0.00049,3.16,1,TL,9,20,Bothidae,Pleuronectiformes,Teleostei
Gobius cruentatus,Gobius,0.0096,3.036,3,TL,3.7,17.2,Gobiidae,Gobiiformes,Teleostei
Cynoglossus suyeni,Cynoglossus,0.0033,3.1006,1,TL,,,Cynoglossidae,Pleuronectiformes,Teleostei
Gobius gasteveni,Gobius,0.0101,3.05,1,TL,3.2,5.1,Gobiidae,Gobiiformes,Teleostei
Conger wilsoni,Conger,0.00187,3,2,SL,66.5,66.5,Congridae,Anguilliformes,Teleostei
Lesueurigobius friesii,Lesueurigobius,0.0089,2.89,9,TL,3.6,10.7,Gobiidae,Gobiiformes,Teleostei
Microchirus theophila,Microchirus,0.0186,2.86,3,TL,17,35,Soleidae,Pleuronectiformes,Teleostei
Dactyloptena peterseni,Dactyloptena,0.0148,2.9803,1,TL,6.4,19.8,Dactylopteridae,Dactylopteriformes,Teleostei
Drepane longimana,Drepane,0.0495,2.895,3,TL,13,47.3,Drepaneidae,Acanthuriformes,Teleostei
Erythrocles schlegelii,Erythrocles,0.006,3.28,1,TL,14.5,18,Emmelichthyidae,Eupercaria/misc,Teleostei
Rexea prometheoides,Rexea,0.003,3,3,FL,18.3,25.7,Gempylidae,Scombriformes,Teleostei
Thyrsitoides marleyi,Thyrsitoides,0.0015,3.609,1,FL,,,Gempylidae,Scombriformes,Teleostei
Gerres longirostris,Gerres,0.0183,2.927,4,TL,2.8,35,Gerreidae,Eupercaria/misc,Teleostei
Gerres methueni,Gerres,0.0308,3.032,1,SL,1.4,24,Gerreidae,Eupercaria/misc,Teleostei
Aulacocephalus temminckii,Aulacocephalus,0.0235,3,2,SL,18,,Liopropomatidae,Perciformes/Serranoidei,Teleostei
Pomadasys furcatus,Pomadasys,0.03,2.84,1,FL,,,Haemulidae,Eupercaria/misc,Teleostei
Pomadasys stridens,Pomadasys,0.0116,3.07,11,TL,5.4,19,Haemulidae,Eupercaria/misc,Teleostei
Hemiramphus lutkei,Hemiramphus,0.00289,3,2,SL,35,35,Hemiramphidae,Beloniformes,Teleostei
Hyporhamphus affinis,Hyporhamphus,0.00068,3.57549,1,FL,13.5,27.5,Hemiramphidae,Beloniformes,Teleostei
Sargocentron praslin,Sargocentron,0.0167,3.0769,1,TL,13.4,22.2,Holocentridae,Holocentriformes,Teleostei
Bodianus perditio,Bodianus,0.014075,3.105875,2,FL,16.5,73,Labridae,Eupercaria/misc,Teleostei
Labeo altivelis,Labeo,0.023,2.96,3,SL,,,Cyprinidae,Cypriniformes,Teleostei
Gomphosus caeruleus,Gomphosus,0.01452,3,2,SL,18,18,Labridae,Eupercaria/misc,Teleostei
Synodontis zambezensis,Synodontis,0.0184,3.0735,2,SL,,,Mochokidae,Siluriformes,Teleostei
Equulites berbis,Equulites,0.024005,2.483,2,NG,4,8.7,Leiognathidae,Acanthuriformes,Teleostei
Channa asiatica,Channa,0.0078,3.027,1,TL,9.5,23.5,Channidae,Anabantiformes,Teleostei
Zacco platypus,Zacco,0.00605,3.2,14,TL,2.1,22.5,Xenocyprididae,Cypriniformes,Teleostei
Macropharyngodon geoffroy,Macropharyngodon,0.02065,3,2,SL,12,12,Labridae,Eupercaria/misc,Teleostei
Thalassoma duperrey,Thalassoma,0.0155,2.89,1,TL,14.1,24.5,Labridae,Eupercaria/misc,Teleostei
Thalassoma ballieui,Thalassoma,0.01955,3,2,SL,13.9,,Labridae,Eupercaria/misc,Teleostei
Myripristis amaena,Myripristis,0.02493,3.15157,2,FL,4.5,19,Holocentridae,Holocentriformes,Teleostei
Corydoras aeneus,Corydoras,0.04215,3.1319,2,SL,1.75,5.72,Callichthyidae,Siluriformes,Teleostei
Iracundus signifer,Iracundus,0.02066,3,2,SL,10.5,10.5,Scorpaenidae,Perciformes/Scorpaenoidei,Teleostei
Johnius amblycephalus,Johnius,0.02,2.92,1,SL,3,17,Sciaenidae,Eupercaria/misc,Teleostei
Gobiodon citrinus,Gobiodon,0.0577,2.43917,1,FL,2.8,5.2,Gobiidae,Gobiiformes,Teleostei
Cirrhitops fasciatus,Cirrhitops,0.023045,3,2,SL,8.2,10.2,Cirrhitidae,Centrarchiformes,Teleostei
Pterois miles,Pterois,0.019,3.068,3,TL,10.8,38.8,Scorpaenidae,Perciformes/Scorpaenoidei,Teleostei
Microcanthus strigatus,Microcanthus,0.0214,3,3,FL,3.7,16.2,Microcanthidae,Centrarchiformes,Teleostei
Chaetodon fremblii,Chaetodon,0.029,3.17,1,SL,,,Chaetodontidae,Acanthuriformes,Teleostei
Chaetodon multicinctus,Chaetodon,0.029,3.19,1,SL,,,Chaetodontidae,Acanthuriformes,Teleostei
Apolemichthys arcuatus,Apolemichthys,0.017605,3,2,SL,16.5,16.5,Pomacanthidae,Acanthuriformes,Teleostei
Centropyge potteri,Centropyge,0.01681,3,2,SL,9.2,12.5,Pomacanthidae,Acanthuriformes,Teleostei
Centropyge fisheri,Centropyge,0.0545,2.59,1,TL,6.2,8.4,Pomacanthidae,Acanthuriformes,Teleostei
Dascyllus albisella,Dascyllus,0.04574,3,2,SL,8.7,11,Pomacentridae,Ovalentaria/misc,Teleostei
Pycnochromis hanui,Pycnochromis,0.01078,3,2,SL,7.6,7.6,Pomacentridae,Ovalentaria/misc,Teleostei
Chromis verater,Chromis,0.027845,3,2,SL,13.5,18.5,Pomacentridae,Ovalentaria/misc,Teleostei
Coris venusta,Coris,0.012775,3,2,SL,12.8,12.8,Labridae,Eupercaria/misc,Teleostei
Coris flavovittata,Coris,0.0352,3,1,TL,50.8,50.8,Labridae,Eupercaria/misc,Teleostei
Chlorurus perspicillatus,Chlorurus,0.024545,3,2,SL,32.5,32.5,Scaridae,Eupercaria/misc,Teleostei
Plagiotremus ewaensis,Plagiotremus,0.008135,3,2,SL,6.5,6.5,Blenniidae,Blenniiformes,Teleostei
Canthigaster jactator,Canthigaster,0.015635,3,2,SL,8.7,8.7,Tetraodontidae,Tetraodontiformes,Teleostei
Acreichthys tomentosus,Acreichthys,0.03575,3.007,2,SL,2.8,14,Monacanthidae,Tetraodontiformes,Teleostei
Taeniamia lineolata,Taeniamia,0.01385,3.099,4,FL,6,10.3,Apogonidae,Kurtiformes,Teleostei
Thamnaconus modestoides,Thamnaconus,0.025,2.8,1,TL,15.2,32,Monacanthidae,Tetraodontiformes,Teleostei
Monodactylus falciformis,Monodactylus,0.041,2.978,1,SL,1,16,Monodactylidae,Eupercaria/misc,Teleostei
Planiliza alata,Planiliza,0.0223,2.845,2,SL,5.3,57.2,Mugilidae,Mugiliformes,Teleostei
Osteomugil robustus,Osteomugil,0.0243,2.961,1,SL,3,36.2,Mugilidae,Mugiliformes,Teleostei
Parapercis nebulosa,Parapercis,0.012185,3,2,SL,25.2,25.2,Pinguipedidae,Perciformes/Uranoscopoidei,Teleostei
Uropterygius macrocephalus,Uropterygius,0.00063,3.17,3,TL,18.9,42.8,Muraenidae,Anguilliformes,Teleostei
Parapercis schauinslandii,Parapercis,0.013285,3,2,SL,6.8,6.8,Pinguipedidae,Perciformes/Uranoscopoidei,Teleostei
Caracanthus maculatus,Caracanthus,0.01991,3,2,SL,3.9,3.9,Scorpaenidae,Perciformes/Scorpaenoidei,Teleostei
Nemanthias bicolor,Nemanthias,0.017665,3,2,SL,12.6,12.6,Anthiadidae,Perciformes/Serranoidei,Teleostei
Parupeneus macronemus,Parupeneus,0.00546,3.297,3,TL,5.7,22,Mullidae,Mulliformes,Teleostei
Upeneus japonicus,Upeneus,0.012,3.0655,6,TL,3.1,28,Mullidae,Mulliformes,Teleostei
Gymnomuraena zebra,Gymnomuraena,5e-05,3.76,1,TL,50,89.2,Muraenidae,Anguilliformes,Teleostei
Bembrops platyrhynchus,Bembrops,0.003,3.247,1,TL,12.6,23.3,Bembropidae,Perciformes/Bembropoidei,Teleostei
Cociella crocodilus,Cociella,0.00543,3.02,2,TL,5,47.5,Platycephalidae,Perciformes/Scorpaenoidei,Teleostei
Polydactylus plebeius,Polydactylus,0.0201,3,3,TL,14.6,49.1,Polynemidae,Carangaria/misc,Teleostei
Pomacanthus maculosus,Pomacanthus,0.029,3,3,TL,11,36.4,Pomacanthidae,Acanthuriformes,Teleostei
Pristigenys niphonia,Pristigenys,0.03252,3,2,SL,29.9,29.9,Priacanthidae,Eupercaria/misc,Teleostei
Hipposcarus harid,Hipposcarus,0.021,3,5,TL,19.7,47.7,Scaridae,Eupercaria/misc,Teleostei
Scarus scaber,Scarus,0.0278,2.857,1,TL,9.8,21.1,Scaridae,Eupercaria/misc,Teleostei
Scorpaenopsis gibbosa,Scorpaenopsis,0.02371,2.96,1,TL,6.6,18.8,Scorpaenidae,Perciformes/Scorpaenoidei,Teleostei
Sillago maculata,Sillago,0.00761,3,3,TL,19.9,19.9,Sillaginidae,Eupercaria/misc,Teleostei
Heteromycteris capensis,Heteromycteris,0.00993,3.102,1,SL,1.6,8.4,Soleidae,Pleuronectiformes,Teleostei
Pegusa nasuta,Pegusa,0.005,3.225,3,TL,3.4,22.6,Soleidae,Pleuronectiformes,Teleostei
Rhabdosargus thorpei,Rhabdosargus,0.025,3.03,1,FL,,,Sparidae,Eupercaria/misc,Teleostei
Diplodus hottentotus,Diplodus,0.016,3.113,5,TL,1.6,30,Sparidae,Eupercaria/misc,Teleostei
Sphyraena flavicauda,Sphyraena,0.00961,2.7955,4,FL,5.5,38.2,Sphyraenidae,Carangaria/misc,Teleostei
Sphyraena putnamae,Sphyraena,0.00794,2.916845,2,FL,19.5,104,Sphyraenidae,Carangaria/misc,Teleostei
Sphyraena qenie,Sphyraena,0.00555,3,1,TL,107,107,Sphyraenidae,Carangaria/misc,Teleostei
Synodus hoshinonis,Synodus,0.00339,3.409,3,FL,9,19,Synodontidae,Aulopiformes,Teleostei
Synodus indicus,Synodus,0.0026,3.402,1,TL,12.4,20.6,Synodontidae,Aulopiformes,Teleostei
Pelates quadrilineatus,Pelates,0.0134,3.009,3,TL,5.6,13.3,Terapontidae,Centrarchiformes,Teleostei
Terapon puta,Terapon,0.0151,3,5,TL,3.5,15.6,Terapontidae,Centrarchiformes,Teleostei
Chelidonichthys queketti,Chelidonichthys,0.04,3.12,1,TL,,,Triglidae,Perciformes/Scorpaenoidei,Teleostei
Dipturus pullopunctatus,Dipturus,0.00518,3.11285,4,TL,,,Rajidae,Rajiformes,Elasmobranchii
Dipturus springeri,Dipturus,0.003735,3.1108,2,TL,,,Rajidae,Rajiformes,Elasmobranchii
Leucoraja wallacei,Leucoraja,0.003485,3.3661,4,TL,,,Rajidae,Rajiformes,Elasmobranchii
Torpedo sinuspersici,Torpedo,0.012,3.135,3,TL,27.5,56.1,Torpedinidae,Torpediniformes,Elasmobranchii
Rhinoptera javanica,Rhinoptera,0.0193,2.92,5,TL,20.4,81,Rhinopteridae,Myliobatiformes,Elasmobranchii
Monacanthus chinensis,Monacanthus,0.0704,2.506,3,TL,6.6,24.5,Monacanthidae,Tetraodontiformes,Teleostei
Paramonacanthus japonicus,Paramonacanthus,0.032,2.84,3,TL,5,17,Monacanthidae,Tetraodontiformes,Teleostei
Pseudalutarius nasicornis,Pseudalutarius,0.010675,3.1201,2,FL,8,13.5,Monacanthidae,Tetraodontiformes,Teleostei
Notopterus notopterus,Notopterus,0.0089,2.99,14,TL,2,39.1,Notopteridae,Osteoglossiformes,Teleostei
Amblyrhynchichthys truncatus,Amblyrhynchichthys,0.0047,3.31,3,TL,8.6,23.9,Cyprinidae,Cypriniformes,Teleostei
Barbichthys laevis,Barbichthys,0.021545,2.716,4,TL,9,31,Cyprinidae,Cypriniformes,Teleostei
Pseudochromis dutoiti,Pseudochromis,0.01545,3,1,SL,,,Pseudochromidae,Ovalentaria/misc,Teleostei
Plesiops coeruleolineatus,Plesiops,0.0146,3,3,FL,3.5,10.5,Plesiopidae,Ovalentaria/misc,Teleostei
Sillaginopodys chondropus,Sillaginopodys,0.011,2.97,1,TL,13,29,Sillaginidae,Eupercaria/misc,Teleostei
Fowleria aurita,Fowleria,0.03764,2.77584,1,FL,4.1,8.2,Apogonidae,Kurtiformes,Teleostei
Jaydia queketti,Jaydia,0.0513,3.06,2,TL,7.1,12.3,Apogonidae,Kurtiformes,Teleostei
Apogonichthyoides nigripinnis,Apogonichthyoides,0.03435,2.746,2,TL,4.1,8.5,Apogonidae,Kurtiformes,Teleostei
Ambassis natalensis,Ambassis,0.0261,2.964,1,SL,1.2,7.2,Ambassidae,Ovalentaria/misc,Teleostei
Thalassoma hebraicum,Thalassoma,0.02709,3,1,SL,,,Labridae,Eupercaria/misc,Teleostei
Pteragogus pelycus,Pteragogus,0.015,2.93,1,TL,6,10,Labridae,Eupercaria/misc,Teleostei
Stethojulis albovittata,Stethojulis,0.02595,2.7995,2,TL,3.6,11.8,Labridae,Eupercaria/misc,Teleostei
Cubiceps whiteleggii,Cubiceps,1e-05,2.936,1,TL,11,18.2,Nomeidae,Scombriformes,Teleostei
Oxyurichthys papuensis,Oxyurichthys,0.01599,2.818365,4,TL,6.1,22,Gobiidae,Gobiiformes,Teleostei
Eleotris fusca,Eleotris,0.01603,3,1,TL,8.4,8.4,Eleotridae,Gobiiformes,Teleostei
Butis butis,Butis,0.012365,3.0615,4,SL,2.8,12.2,Butidae,Gobiiformes,Teleostei
Butis koilomatodon,Butis,0.014,3.208,3,SL,1.4,9.24,Butidae,Gobiiformes,Teleostei
Antennablennius australis,Antennablennius,0.00871,3,2,SL,5.7,5.7,Blenniidae,Blenniiformes,Teleostei
Istiblennius bellus,Istiblennius,0.01686,3,1,TL,9.4,9.4,Blenniidae,Blenniiformes,Teleostei
Ophichthus apicalis,Ophichthus,1e-04,3.541,1,TL,28.6,51.3,Ophichthidae,Anguilliformes,Teleostei
Pisodonophis boro,Pisodonophis,0.00116,2.9113,2,SL,52,57,Ophichthidae,Anguilliformes,Teleostei
Pisodonophis cancrivorus,Pisodonophis,2e-04,3.328,1,TL,,,Ophichthidae,Anguilliformes,Teleostei
Diplodus bellottii,Diplodus,0.0093,3.193,8,TL,3.4,22.5,Sparidae,Eupercaria/misc,Teleostei
Diplodus fasciatus,Diplodus,0.0412,2.8,3,TL,14,45,Sparidae,Eupercaria/misc,Teleostei
Diplodus prayensis,Diplodus,0.0147,3.0423,3,TL,15,29.8,Sparidae,Eupercaria/misc,Teleostei
Diplodus cadenati,Diplodus,0.0204,2.9512,2,TL,11,26.6,Sparidae,Eupercaria/misc,Teleostei
Lagocephalus inermis,Lagocephalus,0.03225,2.8763,4,TL,7.3,56.5,Tetraodontidae,Tetraodontiformes,Teleostei
Diplodus lineatus,Diplodus,0.026,3,3,TL,6.6,35,Sparidae,Eupercaria/misc,Teleostei
Amblyrhynchote honckenii,Amblyrhynchote,0.0497,2.97,1,SL,2.6,17.6,Tetraodontidae,Tetraodontiformes,Teleostei
Tylerius spinosissimus,Tylerius,0.0133,3.425,1,TL,1.7,2.2,Tetraodontidae,Tetraodontiformes,Teleostei
Chelonodontops laticeps,Chelonodontops,0.109,2.565,1,SL,1,8.9,Tetraodontidae,Tetraodontiformes,Teleostei
Parapercis pulchella,Parapercis,0.0333,2.5216,1,TL,10.4,18.3,Pinguipedidae,Perciformes/Uranoscopoidei,Teleostei
Nipponocypris temminckii,Nipponocypris,0.00615,3.175,2,TL,4.5,17.4,Xenocyprididae,Cypriniformes,Teleostei
Virididentex acromegalus,Virididentex,0.0248,2.89,2,TL,17,52,Sparidae,Eupercaria/misc,Teleostei
Toxotes chatareus,Toxotes,0.0154,3,9,TL,5,28.7,Toxotidae,Carangaria/misc,Teleostei
Psalidodon fasciatus,Psalidodon,0.024,2.98,11,SL,1.4,17.1,Acestrorhamphidae,Characiformes,Teleostei
Pachyurus schomburgkii,Pachyurus,0.01725,3.01,2,SL,9.7,28.9,Sciaenidae,Eupercaria/misc,Teleostei
Parapristipoma octolineatum,Parapristipoma,0.012785,3.0458,4,TL,19.1,40.4,Haemulidae,Eupercaria/misc,Teleostei
Evynnis cardinalis,Evynnis,0.03529,3.059,5,SL,,,Sparidae,Eupercaria/misc,Teleostei
Acanthopagrus australis,Acanthopagrus,0.0193,3.0148,1,FL,22,32,Sparidae,Eupercaria/misc,Teleostei
Archosargus pourtalesii,Archosargus,0.0331,3,2,SL,19,,Sparidae,Eupercaria/misc,Teleostei
Diplodus noct,Diplodus,0.02358,3,2,SL,14,23.5,Sparidae,Eupercaria/misc,Teleostei
Osteoglossum ferreirai,Osteoglossum,0.0073,2.9431,1,SL,30,64,Osteoglossidae,Osteoglossiformes,Teleostei
Saurida nebulosa,Saurida,0.00622,3.183,3,FL,7,18.5,Synodontidae,Aulopiformes,Teleostei
Hypoatherina ovalaua,Hypoatherina,0.00214,3.27,1,,,,Atherinidae,Atheriniformes,Teleostei
Strongylura incisa,Strongylura,0.008075,2.720365,2,FL,36.5,72.5,Belonidae,Beloniformes,Teleostei
Asterorhombus intermedius,Asterorhombus,0.002775,3.741,2,FL,7,12.5,Bothidae,Pleuronectiformes,Teleostei
Pseudanthias hypselosoma,Pseudanthias,0.014595,3.11687,2,FL,5,9.5,Anthiadidae,Perciformes/Serranoidei,Teleostei
Pycnochromis iomelas,Pycnochromis,0.023275,3.149465,2,FL,3.5,8,Pomacentridae,Ovalentaria/misc,Teleostei
Pristotis obtusirostris,Pristotis,0.029,2.89,1,FL,7,10,Pomacentridae,Ovalentaria/misc,Teleostei
Choerodon graphicus,Choerodon,0.01481,3.12349,2,FL,4,51.5,Labridae,Eupercaria/misc,Teleostei
Tetrosomus gibbosus,Tetrosomus,0.2275,2.299105,2,FL,5,26,Ostraciidae,Tetraodontiformes,Teleostei
Onigocia spinosa,Onigocia,0.0396,2.418,1,TL,6,19,Platycephalidae,Perciformes/Scorpaenoidei,Teleostei
Synchiropus rameus,Synchiropus,0.07933,2.11,2,FL,10,16,Callionymidae,Callionymiformes,Teleostei
Onigocia macrolepis,Onigocia,0.025945,2.614955,2,FL,6,17,Platycephalidae,Perciformes/Scorpaenoidei,Teleostei
Apionichthys dumerili,Apionichthys,0.006,3.007,2,TL,2.1,13.1,Achiridae,Pleuronectiformes,Teleostei
Chromidotilapia guntheri,Chromidotilapia,0.0142,3.116,7,TL,4.8,23.5,Cichlidae,Cichliformes,Teleostei
Rhabdosargus haffara,Rhabdosargus,0.0125,3.045,2,TL,8.7,25.4,Sparidae,Eupercaria/misc,Teleostei
Plotosus canius,Plotosus,0.00877,2.825,3,TL,8.6,87,Plotosidae,Siluriformes,Teleostei
Hexagrammos agrammus,Hexagrammos,0.0068,3.25,5,TL,2.3,28.4,Hexagrammidae,Perciformes/Cottoidei,Teleostei
Pseudopleuronectes yokohamae,Pseudopleuronectes,0.011,3.019,13,TL,4.2,46.3,Pleuronectidae,Pleuronectiformes,Teleostei
Barbonymus altus,Barbonymus,0.0137,3.0368,3,TL,4,25,Cyprinidae,Cypriniformes,Teleostei
Odontesthes regia,Odontesthes,0.027,2.46,1,TL,8.5,18.3,Atherinopsidae,Atheriniformes,Teleostei
Girella tricuspidata,Girella,0.01595,3.021,2,FL,2.7,45,Girellidae,Centrarchiformes,Teleostei
Coryphaenoides mediterraneus,Coryphaenoides,0.2272,3.02935,2,OT,2,5.37,Macrouridae,Gadiformes,Teleostei
Coryphaenoides guentheri,Coryphaenoides,0.261,3.345,1,OT,,,Macrouridae,Gadiformes,Teleostei
Lagocephalus spadiceus,Lagocephalus,0.028785,2.837,10,TL,2.8,43.1,Tetraodontidae,Tetraodontiformes,Teleostei
Pampus chinensis,Pampus,0.0312,2.983,1,FL,,,Stromateidae,Scombriformes,Teleostei
Parapercis alboguttata,Parapercis,0.01006,2.9453,1,TL,,,Pinguipedidae,Perciformes/Uranoscopoidei,Teleostei
Pseudotriacanthus strigilifer,Pseudotriacanthus,0.0195,2.805,2,TL,4.4,23.5,Triacanthidae,Tetraodontiformes,Teleostei
Zebrias quagga,Zebrias,0.0042,3.4285,1,TL,,,Soleidae,Pleuronectiformes,Teleostei
Epinephelus labriformis,Epinephelus,0.03055,2.926,2,SL,,,Epinephelidae,Perciformes/Serranoidei,Teleostei
Yarica hyalosoma,Yarica,0.00815,3.39799,2,FL,6,15,Apogonidae,Kurtiformes,Teleostei
Pastinachus sephen,Pastinachus,0.0376,3.061,6,OT,20,71,Dasyatidae,Myliobatiformes,Elasmobranchii
Mycteroperca olfax,Mycteroperca,0.003815,3.179,2,TL,18,100,Epinephelidae,Perciformes/Serranoidei,Teleostei
Telatrygon zugei,Telatrygon,0.00987,3.25,10,OT,7.95,52.95,Dasyatidae,Myliobatiformes,Elasmobranchii
Muraena lentiginosa,Muraena,0.0013,3,1,TL,13.7,,Muraenidae,Anguilliformes,Teleostei
Neopomacentrus cyanomos,Neopomacentrus,0.02077,3,2,SL,10.7,10.7,Pomacentridae,Ovalentaria/misc,Teleostei
Emmelichthys struhsakeri,Emmelichthys,0.012,2.95,1,TL,14,20,Emmelichthyidae,Eupercaria/misc,Teleostei
Paratrypauchen microcephalus,Paratrypauchen,0.00792,2.628,5,TL,4.5,12.4,Gobiidae,Gobiiformes,Teleostei
Narcine entemedor,Narcine,0.0121,2.98,3,TL,16.5,119,Narcinidae,Torpediniformes,Elasmobranchii
Urotrygon chilensis,Urotrygon,0.0203,3.19,1,TL,7.4,25,Urotrygonidae,Myliobatiformes,Elasmobranchii
Synodus lacertinus,Synodus,0.0053,3,2,SL,5,,Synodontidae,Aulopiformes,Teleostei
Porichthys margaritatus,Porichthys,0.0069,3.19,1,TL,4.8,16.2,Batrachoididae,Batrachoidiformes,Teleostei
Pontinus clemensi,Pontinus,0.035,2.85,2,FL,18.5,67,Scorpaenidae,Perciformes/Scorpaenoidei,Teleostei
Pontinus sierra,Pontinus,0.0114,2.745,2,TL,3.9,19.4,Scorpaenidae,Perciformes/Scorpaenoidei,Teleostei
Ancylopsetta dendritica,Ancylopsetta,0.007,3.253,1,TL,7,36.4,Paralichthyidae,Pleuronectiformes,Teleostei
Toxotes jaculatrix,Toxotes,0.00782,3.31,3,TL,8.7,23,Toxotidae,Carangaria/misc,Teleostei
Jaydia lineata,Jaydia,0.0145,3.234,4,TL,2.2,14.8,Apogonidae,Kurtiformes,Teleostei
Brachypleura novaezeelandiae,Brachypleura,0.01,2.96,1,TL,,,Citharidae,Pleuronectiformes,Teleostei
Dactyloptena macracantha,Dactyloptena,0.0137,3.0209,1,TL,9.9,17.4,Dactylopteridae,Dactylopteriformes,Teleostei
Ephippus orbis,Ephippus,0.1504,2.66,1,FL,5.4,20.5,Ephippidae,Acanthuriformes,Teleostei
Eupleurogrammus muticus,Eupleurogrammus,1e-04,3.347,4,TL,30.7,97.5,Trichiuridae,Scombriformes,Teleostei
Glossogobius aureus,Glossogobius,0.00415,3.08695,2,TL,5.2,16.1,Gobiidae,Gobiiformes,Teleostei
Gymnothorax thyrsoideus,Gymnothorax,0.00016,3.52,3,TL,39.4,73.2,Muraenidae,Anguilliformes,Teleostei
Anisotremus interruptus,Anisotremus,0.0569,2.91,1,FL,,,Haemulidae,Eupercaria/misc,Teleostei
Anisotremus scapularis,Anisotremus,0.015,3.0845,4,TL,9.8,58,Haemulidae,Eupercaria/misc,Teleostei
Bathygobius andrei,Bathygobius,0.0122,3,2,SL,3.2,,Gobiidae,Gobiiformes,Teleostei
Bathygobius ramosus,Bathygobius,0.01455,3,2,SL,7.9,,Gobiidae,Gobiiformes,Teleostei
Gymnura poecilura,Gymnura,0.0092,3.0699,13,WD,13.1,144,Gymnuridae,Myliobatiformes,Elasmobranchii
Hyporhamphus quoyi,Hyporhamphus,0.0015,3.199,1,TL,8,20,Hemiramphidae,Beloniformes,Teleostei
Lagocephalus lunaris,Lagocephalus,0.0393,2.8085,4,TL,5.7,34.3,Tetraodontidae,Tetraodontiformes,Teleostei
Hypsoblennius brevipinnis,Hypsoblennius,0.02265,3,2,SL,2.4,,Blenniidae,Blenniiformes,Teleostei
Bodianus diplotaenia,Bodianus,0.01885,3,2,SL,17.7,,Labridae,Eupercaria/misc,Teleostei
Pardachirus pavoninus,Pardachirus,0.00784,3.21804,1,FL,4.5,28,Soleidae,Pleuronectiformes,Teleostei
Bollmannia chlamydes,Bollmannia,0.0143,3,2,SL,7,,Gobiidae,Gobiiformes,Teleostei
Brotula clarkae,Brotula,0.004,3.0955,2,TL,10.5,100,Ophidiidae,Ophidiiformes,Teleostei
Caulolatilus affinis,Caulolatilus,0.0122,3.139,3,SL,38.1,38.1,Latilidae,Eupercaria/misc,Teleostei
Chaetodon humeralis,Chaetodon,0.02695,3.109,2,TL,3.8,20.7,Chaetodontidae,Acanthuriformes,Teleostei
Azurina atrilobata,Azurina,0.00523,3.416,1,TL,3.02,13.4,Pomacentridae,Ovalentaria/misc,Teleostei
Pseudorhombus quinquocellatus,Pseudorhombus,0.0089,3.019,1,TL,,,Paralichthyidae,Pleuronectiformes,Teleostei
Pterygotrigla hemisticta,Pterygotrigla,0.0065,3.1561,1,TL,11.6,18.8,Triglidae,Perciformes/Scorpaenoidei,Teleostei
Repomucenus huguenini,Repomucenus,0.00565,3,3,TL,5.7,20,Callionymidae,Callionymiformes,Teleostei
Echidna nocturna,Echidna,0.0018,3,1,TL,35.4,,Muraenidae,Anguilliformes,Teleostei
Fistularia corneta,Fistularia,0.0094,2.24115,2,TL,6.9,70.7,Fistulariidae,Syngnathiformes,Teleostei
Samaris cristatus,Samaris,0.0187,2.6,1,TL,15,22.3,Samaridae,Pleuronectiformes,Teleostei
Holacanthus passer,Holacanthus,0.06755,2.851,2,TL,2.6,20,Pomacanthidae,Acanthuriformes,Teleostei
Labrisomus multiporosus,Labrisomus,0.0127,3.11,1,SL,2.13,13.94,Labrisomidae,Blenniiformes,Teleostei
Parascorpaena picta,Parascorpaena,0.025825,3.23995,2,TL,9.2,17.9,Scorpaenidae,Perciformes/Scorpaenoidei,Teleostei
Labrisomus xanti,Labrisomus,0.00908,3.181,1,TL,1.46,14,Labrisomidae,Blenniiformes,Teleostei
Synodus macrops,Synodus,0.0077,3.11,1,SL,7.2,13.6,Synodontidae,Aulopiformes,Teleostei
Ophioblennius steindachneri,Ophioblennius,0.0115,2.933,1,TL,5.6,16.8,Blenniidae,Blenniiformes,Teleostei
Takifugu oblongus,Takifugu,0.0198,2.95925,2,TL,15.5,34,Tetraodontidae,Tetraodontiformes,Teleostei
Rogadius asper,Rogadius,0.0028,3.3549,1,TL,6.9,20.5,Platycephalidae,Perciformes/Scorpaenoidei,Teleostei
Torquigener hypselogeneion,Torquigener,0.00964,2.8961,1,TL,4.1,13,Tetraodontidae,Tetraodontiformes,Teleostei
Chrysochir aurea,Chrysochir,0.01,3.1159,3,SL,2.1,29.7,Sciaenidae,Eupercaria/misc,Teleostei
Nibea soldado,Nibea,0.0071,3.1,1,TL,9.5,19.4,Sciaenidae,Eupercaria/misc,Teleostei
Brachirus orientalis,Brachirus,0.0176,2.977,2,TL,10.2,38,Soleidae,Pleuronectiformes,Teleostei
Hyporhamphus limbatus,Hyporhamphus,0.01164,2.8925,2,TL,6.6,25,Hemiramphidae,Beloniformes,Teleostei
Lepturacanthus savala,Lepturacanthus,0.00052,3.1173,9,TL,6.1,70,Trichiuridae,Scombriformes,Teleostei
Plectorhinchus pictus,Plectorhinchus,0.014,2.83,5,TL,10,72.1,Haemulidae,Eupercaria/misc,Teleostei
Plectorhinchus polytaenia,Plectorhinchus,0.0397,2.87,1,SL,15.5,37,Haemulidae,Eupercaria/misc,Teleostei
Haemulon maculicauda,Haemulon,0.01,3.16,3,FL,2.14,28.5,Haemulidae,Eupercaria/misc,Teleostei
Polynemus paradiseus,Polynemus,0.004,3.08,3,TL,3.4,20,Polynemidae,Carangaria/misc,Teleostei
Sillago vincenti,Sillago,0.007,3.022,1,TL,4.5,26.3,Sillaginidae,Eupercaria/misc,Teleostei
Pennahia macrocephalus,Pennahia,0.0175,3.11,5,SL,1.8,27.8,Sciaenidae,Eupercaria/misc,Teleostei
Paraclinus mexicanus,Paraclinus,0.0153,3,3,TL,0.86,3.34,Labrisomidae,Blenniiformes,Teleostei
Cephalopholis colonus,Cephalopholis,0.0148,2.863,1,TL,3.66,14.4,Epinephelidae,Perciformes/Serranoidei,Teleostei
Parapsettus panamensis,Parapsettus,0.0409,2.9136,1,TL,3.2,31,Ephippidae,Acanthuriformes,Teleostei
Rypticus nigripinnis,Rypticus,0.011,3.043,1,TL,9.4,21.8,Grammistidae,Perciformes/Serranoidei,Teleostei
Xenichthys xanti,Xenichthys,0.0098,3.1,1,TL,8.6,20.4,Haemulidae,Eupercaria/misc,Teleostei
Micropanchax johnstoni,Micropanchax,0.0139,3.202,1,SL,,,Procatopodidae,Cyprinodontiformes,Teleostei
Petrocephalus catostoma,Petrocephalus,0.0215,2.826,2,TL,,,Mormyridae,Osteoglossiformes,Teleostei
Amphilius natalensis,Amphilius,0.0113,2.852,1,TL,,,Amphiliidae,Siluriformes,Teleostei
Seriolella porosa,Seriolella,0.00465,3.26,1,TL,,,Centrolophidae,Scombriformes,Teleostei
Cubiceps caeruleus,Cubiceps,0.0244,2.86,5,SL,14.5,28.5,Nomeidae,Scombriformes,Teleostei
Callorhinchus callorynchus,Callorhinchus,0.005,3.125,1,TL,23.2,79.9,Callorhinchidae,Chimaeriformes,Holocephali
Choerodon oligacanthus,Choerodon,0.02115,3,2,SL,13.3,,Labridae,Eupercaria/misc,Teleostei
Pseudapocryptes elongatus,Pseudapocryptes,0.0164,2.81,1,SL,2.01,13.4,Oxudercidae,Gobiiformes,Teleostei
Periophthalmodon schlosseri,Periophthalmodon,0.0203,3.06,1,SL,7.95,20.7,Oxudercidae,Gobiiformes,Teleostei
Rutilus frisii,Rutilus,0.0187,2.91315,2,FL,29.2,62,Leuciscidae,Cypriniformes,Teleostei
Alpinocottus poecilopus,Alpinocottus,0.01196,3,1,TL,6.1,13.6,Cottidae,Perciformes/Cottoidei,Teleostei
Bregmaceros mcclellandi,Bregmaceros,0.00396,3.224,2,SL,2.7,9.9,Bregmacerotidae,Gadiformes,Teleostei
Gaidropsarus granti,Gaidropsarus,0.00575,3,1,TL,31.9,31.9,Gaidropsaridae,Gadiformes,Teleostei
Albatrossia pectoralis,Albatrossia,0.000415,3.505,4,TL,69,149,Macrouridae,Gadiformes,Teleostei
Coelorinchus biclinozonalis,Coelorinchus,0.00143,3.3175,2,TL,24.2,71.3,Macrouridae,Gadiformes,Teleostei
Diplospinus multistriatus,Diplospinus,7e-04,3,1,TL,,,Gempylidae,Scombriformes,Teleostei
Coelorinchus multispinulosus,Coelorinchus,0.0047,2.857,1,TL,7.4,30.4,Macrouridae,Gadiformes,Teleostei
Coryphaenoides acrolepis,Coryphaenoides,0.00059,3.45,1,FL,12,100,Macrouridae,Gadiformes,Teleostei
Coryphaenoides cinereus,Coryphaenoides,0.019685,2.4867,2,TL,,,Macrouridae,Gadiformes,Teleostei
Lepidorhynchus denticulatus,Lepidorhynchus,0.00125,3.166,3,TL,18.4,60.7,Macrouridae,Gadiformes,Teleostei
Sillaginodes punctatus,Sillaginodes,0.00199,3.25815,4,TL,,,Sillaginidae,Eupercaria/misc,Teleostei
Rexea solandri,Rexea,0.0033,3.22,5,FL,14,104,Gempylidae,Scombriformes,Teleostei
Sillago aeolus,Sillago,0.0111,2.899,1,SL,7.3,17.5,Sillaginidae,Eupercaria/misc,Teleostei
Sillago arabica,Sillago,0.01375,2.985,2,TL,11.1,22,Sillaginidae,Eupercaria/misc,Teleostei
Sillago argentifasciata,Sillago,0.0035,3.289,1,TL,10.1,14.9,Sillaginidae,Eupercaria/misc,Teleostei
Sillago attenuata,Sillago,0.0198,2.7415,2,TL,10.6,20,Sillaginidae,Eupercaria/misc,Teleostei
Sillago burrus,Sillago,0.02048,2.7093,1,TL,,,Sillaginidae,Eupercaria/misc,Teleostei
Sillago flindersi,Sillago,0.03,2.68095,2,FL,15,26,Sillaginidae,Eupercaria/misc,Teleostei
Sillago indica,Sillago,0.03075,2.685,2,FL,7,34,Sillaginidae,Eupercaria/misc,Teleostei
Nezumia liolepis,Nezumia,0.003,2.932,1,TL,8,20,Macrouridae,Gadiformes,Teleostei
Aphanopus intermedius,Aphanopus,0.0155,2.4885,2,TL,,,Trichiuridae,Scombriformes,Teleostei
Pleuronichthys cornutus,Pleuronichthys,0.01725,3.0335,6,TL,9.2,30.5,Pleuronectidae,Pleuronectiformes,Teleostei
Benthodesmus simonyi,Benthodesmus,1e-05,3.674,1,TL,95,123,Trichiuridae,Scombriformes,Teleostei
Pseudopleuronectes herzensteini,Pseudopleuronectes,0.0049,3.2945,4,TL,10.7,40,Pleuronectidae,Pleuronectiformes,Teleostei
Platichthys bicoloratus,Platichthys,0.0167,3,10,TL,5.7,65,Pleuronectidae,Pleuronectiformes,Teleostei
Glyptocephalus kitaharae,Glyptocephalus,0.0078,3.0315,4,TL,11.2,26.4,Pleuronectidae,Pleuronectiformes,Teleostei
Microstomus achne,Microstomus,0.0458,2.855,2,,,,Pleuronectidae,Pleuronectiformes,Teleostei
Benthodesmus tenuis,Benthodesmus,1e-05,4.02,1,TL,16,55.1,Trichiuridae,Scombriformes,Teleostei
Thymallus baicalensis,Thymallus,0.0068,3.05,1,TL,11.5,38.2,Salmonidae,Salmoniformes,Teleostei
Ostorhinchus doederleini,Ostorhinchus,0.010675,3.371895,2,FL,3.5,9.4,Apogonidae,Kurtiformes,Teleostei
Strophidon sathete,Strophidon,0.00021,3.06,5,TL,22,260,Muraenidae,Anguilliformes,Teleostei
Enteromius anoplus,Enteromius,0.0113,3.039,1,FL,,,Cyprinidae,Cypriniformes,Teleostei
Rubricatochromis letourneuxi,Rubricatochromis,0.026,3.03,3,SL,1.2,8.5,Cichlidae,Cichliformes,Teleostei
Trichiurus auriga,Trichiurus,1e-04,2.8,1,SL,31.8,42.4,Trichiuridae,Scombriformes,Teleostei
Pseudoplatystoma corruscans,Pseudoplatystoma,0.0046,3.245,6,SL,17.2,182,Pimelodidae,Siluriformes,Teleostei
Hucho taimen,Hucho,0.00874,3.1,5,TL,17,158,Salmonidae,Salmoniformes,Teleostei
Hydrocynus goliath,Hydrocynus,0.0205,3,1,TL,129,129,Alestidae,Characiformes,Teleostei
Silurus biwaensis,Silurus,0.0071,3,1,TL,100,100,Siluridae,Siluriformes,Teleostei
Myliobatis australis,Myliobatis,0.0061,3.2437,3,WD,23,98,Myliobatidae,Myliobatiformes,Elasmobranchii
Pinirampus pirinampu,Pinirampus,0.00645,3.2043,4,SL,13.9,92.2,Pimelodidae,Siluriformes,Teleostei
Pseudoplatystoma tigrinum,Pseudoplatystoma,0.0128,3,1,TL,109,109,Pimelodidae,Siluriformes,Teleostei
Pygocentrus piraya,Pygocentrus,0.027465,3.043,2,SL,4,39,Serrasalmidae,Characiformes,Teleostei
Rhaphiodon vulpinus,Rhaphiodon,0.003,3.245,4,SL,13.9,69,Cynodontidae,Characiformes,Teleostei
Brycon guatemalensis,Brycon,0.01161,3.114,2,SL,3,58,Bryconidae,Characiformes,Teleostei
Pygocentrus cariba,Pygocentrus,0.03186,3,1,TL,26,26,Serrasalmidae,Characiformes,Teleostei
Channa maculata,Channa,0.0173,3,1,TL,57,67,Channidae,Anabantiformes,Teleostei
Pseudetroplus maculatus,Pseudetroplus,0.0148,2.72,1,TL,4.2,9.5,Cichlidae,Cichliformes,Teleostei
Schizothorax richardsonii,Schizothorax,0.0223,2.9445,4,TL,10.1,36.7,Cyprinidae,Cypriniformes,Teleostei
Tylochromis bangwelensis,Tylochromis,0.023,2.795,2,SL,5,22,Cichlidae,Cichliformes,Teleostei
Synodontis nigromaculatus,Synodontis,0.016,2.8,3,TL,10,37,Mochokidae,Siluriformes,Teleostei
Marcusenius monteiri,Marcusenius,0.0315,2.714,2,SL,7,8.3,Mormyridae,Osteoglossiformes,Teleostei
Eptatretus polytrema,Eptatretus,0.0238,2.443,1,TL,20,90,Myxinidae,Myxiniformes,Myxini
Caspiomyzon wagneri,Caspiomyzon,0.001175,3.0005,6,TL,29,55.3,Petromyzontidae,Petromyzontiformes,Petromyzonti
Diplobatis ommata,Diplobatis,0.021,2.82,1,TL,4.3,21.8,Narcinidae,Torpediniformes,Elasmobranchii
Capoeta sevangi,Capoeta,0.0094,3.08,1,TL,8.6,12,Cyprinidae,Cypriniformes,Teleostei
Alphestes afer,Alphestes,0.0045,2.67,1,TL,13.5,21.4,Epinephelidae,Perciformes/Serranoidei,Teleostei
Glaucostegus granulatus,Glaucostegus,0.0012,3.1401,5,TL,23.4,183,Glaucostegidae,Rhinopristiformes,Elasmobranchii
Trygonorrhina fasciata,Trygonorrhina,0.0067,3,1,TL,100,100,Trygonorrhinidae,Rhinopristiformes,Elasmobranchii
Protopterus aethiopicus,Protopterus,0.0208,3.108,1,OT,17.2,83.2,Protopteridae,Ceratodontiformes,Dipneusti
Cephalopholis panamensis,Cephalopholis,0.0217,3.035,1,SL,,,Epinephelidae,Perciformes/Serranoidei,Teleostei
Chitala lopis,Chitala,0.0173,2.69,1,TL,14.8,20.6,Notopteridae,Osteoglossiformes,Teleostei
Mormyrus kannume,Mormyrus,0.0078,2.9553,3,TL,14,77.5,Mormyridae,Osteoglossiformes,Teleostei
Mormyrus lacerda,Mormyrus,0.017,2.81,1,TL,,,Mormyridae,Osteoglossiformes,Teleostei
Pelmatochromis buettikoferi,Pelmatochromis,0.017,3.255,2,SL,3.29,22.84,Cichlidae,Cichliformes,Teleostei
Cephalopholis fulva,Cephalopholis,0.0174,3,9,TL,6.4,63.9,Epinephelidae,Perciformes/Serranoidei,Teleostei
Pseudorhombus jenynsii,Pseudorhombus,0.01344,2.9071,3,TL,4,37,Paralichthyidae,Pleuronectiformes,Teleostei
Pseudorhombus pentophthalmus,Pseudorhombus,0.0055,3.207,1,TL,10.2,26.8,Paralichthyidae,Pleuronectiformes,Teleostei
Acanthopsetta nadeshnyi,Acanthopsetta,0.00548,3.147,1,TL,11,42,Pleuronectidae,Pleuronectiformes,Teleostei
Clidoderma asperrimum,Clidoderma,0.008,3.167,4,TL,15.5,62,Pleuronectidae,Pleuronectiformes,Teleostei
Eopsetta grigorjewi,Eopsetta,0.0046,3.223,2,TL,14,31.9,Pleuronectidae,Pleuronectiformes,Teleostei
Glyptocephalus stelleri,Glyptocephalus,0.0018,3.416,3,TL,11.5,47,Pleuronectidae,Pleuronectiformes,Teleostei
Hippoglossoides dubius,Hippoglossoides,0.00921,2.9967,1,TL,20,50,Pleuronectidae,Pleuronectiformes,Teleostei
Microchirus boscanion,Microchirus,0.0074,3.1777,3,TL,4.9,17.4,Soleidae,Pleuronectiformes,Teleostei
Peltorhamphus novaezeelandiae,Peltorhamphus,0.021705,2.874,2,TL,,,Rhombosoleidae,Pleuronectiformes,Teleostei
Solea senegalensis,Solea,0.0068,3.104,3,TL,6.1,50,Soleidae,Pleuronectiformes,Teleostei
Dagetichthys lusitanicus,Dagetichthys,0.003,3.26,1,TL,10,39,Soleidae,Pleuronectiformes,Teleostei
Paragobiocichla irvinei,Paragobiocichla,0.0213,3.099,1,SL,5.4,10.7,Cichlidae,Cichliformes,Teleostei
Symphurus ligulatus,Symphurus,0.009765,2.9485,2,TL,6.3,12.8,Cynoglossidae,Pleuronectiformes,Teleostei
Myzopsetta punctatissima,Myzopsetta,0.02236,2.804,1,TL,14,36,Pleuronectidae,Pleuronectiformes,Teleostei
Rhombosolea tapirina,Rhombosolea,0.0375,2.67,2,TL,24,49,Rhombosoleidae,Pleuronectiformes,Teleostei
Thysochromis ansorgii,Thysochromis,0.01925,3.009,2,TL,4.5,14.4,Cichlidae,Cichliformes,Teleostei
Congolapia bilineata,Congolapia,0.0419,2.99,1,SL,4,19,Cichlidae,Cichliformes,Teleostei
Dipturus nidarosiensis,Dipturus,0.001,3.24,1,TL,24,148.2,Rajidae,Rajiformes,Elasmobranchii
Coptodon congica,Coptodon,0.0436,3.013,1,SL,3.9,19.2,Cichlidae,Cichliformes,Teleostei
Raja asterias,Raja,0.003715,3.115,6,TL,11,79,Rajidae,Rajiformes,Elasmobranchii
Raja radula,Raja,0.005975,3.1435,4,TL,12.5,70,Rajidae,Rajiformes,Elasmobranchii
Rajella dissimilis,Rajella,0.002145,3.407,2,TL,,,Rajidae,Rajiformes,Elasmobranchii
Rajella leopardus,Rajella,0.002045,3.5035,2,TL,,,Rajidae,Rajiformes,Elasmobranchii
Cynoglossus interruptus,Cynoglossus,0.0046,3.23,1,TL,4.6,19.7,Cynoglossidae,Pleuronectiformes,Teleostei
Cynoglossus joyneri,Cynoglossus,0.003465,3.1255,10,TL,2.1,39.4,Cynoglossidae,Pleuronectiformes,Teleostei
Fontitrygon margarita,Fontitrygon,0.034,3.0731,1,WD,10,58.5,Dasyatidae,Myliobatiformes,Elasmobranchii
Taeniurops grabatus,Taeniurops,0.006345,3.085,2,TL,60,213,Dasyatidae,Myliobatiformes,Elasmobranchii
Paraplagusia japonica,Paraplagusia,0.0035,3.1395,2,TL,11.4,36.2,Cynoglossidae,Pleuronectiformes,Teleostei
Lamprogrammus niger,Lamprogrammus,0.0012,3.35,1,TL,,,Ophidiidae,Ophidiiformes,Teleostei
Aetobatus flagellum,Aetobatus,0.0511,2.992,7,OT,20,69,Aetobatidae,Myliobatiformes,Elasmobranchii
Rhinoptera marginata,Rhinoptera,0.0072,2.61735,2,TL,13,92,Rhinopteridae,Myliobatiformes,Elasmobranchii
Tylochromis intermedius,Tylochromis,0.0302,2.8968,2,SL,5.8,27.2,Cichlidae,Cichliformes,Teleostei
Zebrias zebra,Zebrias,0.0054,3.2405,2,TL,6,24.2,Soleidae,Pleuronectiformes,Teleostei
Neoharriotta pinnata,Neoharriotta,0.00035,3.38,1,TL,,,Rhinochimaeridae,Chimaeriformes,Holocephali
Notacanthus bonaparte,Notacanthus,0.0012,3.06,1,TL,16.3,26,Notacanthidae,Notacanthiformes,Teleostei
Strongylura senegalensis,Strongylura,2e-04,3.47,1,TL,58.1,88.2,Belonidae,Beloniformes,Teleostei
Polyacanthonotus africanus,Polyacanthonotus,0.00113,3,1,TL,40.3,,Notacanthidae,Notacanthiformes,Teleostei
Gymnothorax maderensis,Gymnothorax,0.002,3,1,TL,84,92,Muraenidae,Anguilliformes,Teleostei
Gymnothorax polygonius,Gymnothorax,0.0011,3.113,3,TL,49.5,98,Muraenidae,Anguilliformes,Teleostei
Diretmoides pauciradiatus,Diretmoides,0.067,2.739,1,SL,2.5,11.8,Diretmidae,Trachichthyiformes,Teleostei
Diretmichthys parini,Diretmichthys,0.0153,3.0453,1,TL,19,40,Diretmidae,Trachichthyiformes,Teleostei
Sargocentron hastatum,Sargocentron,0.04325,2.7493,4,TL,6,27.9,Holocentridae,Holocentriformes,Teleostei
Bathyuroconger vicinus,Bathyuroconger,0.00037,3.31,1,TL,,,Congridae,Anguilliformes,Teleostei
Coloconger cadenati,Coloconger,3e-04,3.673,1,TL,45,71,Colocongridae,Anguilliformes,Teleostei
Venefica proboscidea,Venefica,0.00039,2.813,1,TL,15.1,62.2,Nettastomatidae,Anguilliformes,Teleostei
Simenchelys parasitica,Simenchelys,0.0123,2.51,1,TL,14.5,59.2,Synaphobranchidae,Anguilliformes,Teleostei
Synaphobranchus kaupii,Synaphobranchus,0.000705,3.1775,4,SL,21.2,72,Synaphobranchidae,Anguilliformes,Teleostei
Cyema atrum,Cyema,0.001,3,1,SL,,10.8,Cyematidae,Saccopharyngiformes,Teleostei
Bathylagoides argyrogaster,Bathylagoides,0.0057,3.145,1,SL,3.3,12,Bathylagidae,Argentiniformes,Teleostei
Winteria telescopa,Winteria,0.0081,2.92,1,SL,5.1,11.8,Opisthoproctidae,Argentiniformes,Teleostei
Tylochromis lateralis,Tylochromis,0.0271,3.086,1,SL,4.4,20,Cichlidae,Cichliformes,Teleostei
Tylochromis leonensis,Tylochromis,0.021,2.703,1,SL,9.5,20.5,Cichlidae,Cichliformes,Teleostei
Bathypterois dubius,Bathypterois,0.00161,3.29,1,TL,7.5,12.1,Ipnopidae,Aulopiformes,Teleostei
Grammicolepis brachiusculus,Grammicolepis,0.0312,2.71,1,TL,6.5,14.8,Grammicolepididae,Zeiformes,Teleostei
Bathypterois grallator,Bathypterois,0.00434,3,1,SL,13.2,,Ipnopidae,Aulopiformes,Teleostei
Allocyttus verrucosus,Allocyttus,0.0474,2.90425,4,TL,13,39,Oreosomatidae,Zeiformes,Teleostei
Neocyttus rhomboidalis,Neocyttus,0.0252,2.946,3,TL,10,45,Oreosomatidae,Zeiformes,Teleostei
Alepocephalus australis,Alepocephalus,0.00252,3.39,1,SL,14.5,69,Alepocephalidae,Alepocephaliformes,Teleostei
Parahucho perryi,Parahucho,0.014695,2.92325,2,FL,20.6,81,Salmonidae,Salmoniformes,Teleostei
Dermatolepis dermatolepis,Dermatolepis,0.01701,3,1,TL,90.17,90.17,Epinephelidae,Perciformes/Serranoidei,Teleostei
Symphodus bailloni,Symphodus,0.014665,3.0085,4,TL,3.4,22.3,Labridae,Eupercaria/misc,Teleostei
Pomatoschistus bathi,Pomatoschistus,0.00595,3.1265,2,TL,2.58,8.92,Gobiidae,Gobiiformes,Teleostei
Ninnigobius canestrinii,Ninnigobius,0.0285,2.428,1,TL,1.1,7,Gobiidae,Gobiiformes,Teleostei
Pomatoschistus marmoratus,Pomatoschistus,0.006,3.198,11,TL,1.2,7.99,Gobiidae,Gobiiformes,Teleostei
Tor putitora,Tor,0.01,2.972,13,TL,9.4,40.2,Cyprinidae,Cypriniformes,Teleostei
Belone svetovidovi,Belone,7e-04,3.1173,1,TL,28.2,41.8,Belonidae,Beloniformes,Teleostei
Chelidonichthys obscurus,Chelidonichthys,0.005,3.15,13,TL,4.5,50.5,Triglidae,Perciformes/Scorpaenoidei,Teleostei
Cottunculus microps,Cottunculus,0.0156,3.0367,2,NG,,,Psychrolutidae,Perciformes/Cottoidei,Teleostei
Lipophrys pholis,Lipophrys,0.0093,3,1,TL,,,Blenniidae,Blenniiformes,Teleostei
Gobius couchi,Gobius,0.01177,3,1,TL,7.5,7.7,Gobiidae,Gobiiformes,Teleostei
Brachypterois serrulata,Brachypterois,0.0325,2.6432,1,TL,5.6,15,Scorpaenidae,Perciformes/Scorpaenoidei,Teleostei
Hyporthodus acanthistius,Hyporthodus,0.010375,3.02,2,TL,6.5,72.4,Epinephelidae,Perciformes/Serranoidei,Teleostei
Platyrhina sinensis,Platyrhina,0.00312,3,1,TL,65.3,86.3,Platyrhinidae,Torpediniformes,Elasmobranchii
Epinephelus caninus,Epinephelus,0.0202,3,1,,,,Epinephelidae,Perciformes/Serranoidei,Teleostei
Hyporthodus cifuentesi,Hyporthodus,0.0196,3.025,2,TL,40,105,Epinephelidae,Perciformes/Serranoidei,Teleostei
Epinephelus costae,Epinephelus,0.0176,2.885,3,TL,12,72,Epinephelidae,Perciformes/Serranoidei,Teleostei
Malakichthys wakiyae,Malakichthys,0.011,3.071,1,TL,5.2,14,Malakichthyidae,Acropomatiformes,Teleostei
Ambassis urotaenia,Ambassis,0.0214,2.653,3,TL,2.6,6.7,Ambassidae,Ovalentaria/misc,Teleostei
Erisphex pottii,Erisphex,0.02512,3.066,3,TL,1.6,11.5,Aploactinidae,Perciformes/Scorpaenoidei,Teleostei
Jaydia carinatus,Jaydia,0.02922,2.957,1,SL,3.6,9.4,Apogonidae,Kurtiformes,Teleostei
Ostorhinchus cookii,Ostorhinchus,0.01438,3.33257,2,FL,4.8,7,Apogonidae,Kurtiformes,Teleostei
Ostorhinchus semilineatus,Ostorhinchus,0.014,3.034,3,FL,2.4,11.5,Apogonidae,Kurtiformes,Teleostei
Cynoglossus itinus,Cynoglossus,0.0068,3.0194,1,TL,,,Cynoglossidae,Pleuronectiformes,Teleostei
Trachinus araneus,Trachinus,0.0073,2.9503,3,TL,13.9,39,Trachinidae,Perciformes/Percoidei,Teleostei
Leucoraja melitensis,Leucoraja,0.0027,3.13,3,TL,10,52,Rajidae,Rajiformes,Elasmobranchii
Hyporthodus haifensis,Hyporthodus,0.009,3.142,1,TL,19,125,Epinephelidae,Perciformes/Serranoidei,Teleostei
Parauchenoglanis ngamensis,Parauchenoglanis,0.022,2.75,1,TL,,,Auchenoglanididae,Siluriformes,Teleostei
Parauchenoglanis punctatus,Parauchenoglanis,0.0352,2.777,1,SL,4.2,31.7,Auchenoglanididae,Siluriformes,Teleostei
Raja polystigma,Raja,0.00317,3.25,4,TL,21.4,47.5,Rajidae,Rajiformes,Elasmobranchii
Chrysichthys ornatus,Chrysichthys,0.0221,3.012,1,SL,5.7,18.8,Claroteidae,Siluriformes,Teleostei
Chrysichthys punctatus,Chrysichthys,0.0345,2.903,1,SL,4.4,13.3,Claroteidae,Siluriformes,Teleostei
Chrysichthys sharpii,Chrysichthys,0.013,3.163,1,SL,,,Claroteidae,Siluriformes,Teleostei
Chrysichthys thonneri,Chrysichthys,0.0241,2.94,1,SL,7.5,24.3,Claroteidae,Siluriformes,Teleostei
Dasyatis tortonesei,Dasyatis,0.0224,3.16,1,WD,12,44,Dasyatidae,Myliobatiformes,Elasmobranchii
Parauchenoglanis monkei,Parauchenoglanis,0.0182,2.936,2,TL,4.8,18,Auchenoglanididae,Siluriformes,Teleostei
Pareutropius buffei,Pareutropius,0.01043,2.98552,1,TL,4.4,11.5,Schilbeidae,Siluriformes,Teleostei
Parailia pellucida,Parailia,0.003155,3.3885,4,SL,3.6,19.9,Schilbeidae,Siluriformes,Teleostei
Schilbe marmoratus,Schilbe,0.0157,3.024,1,SL,5.4,18.2,Schilbeidae,Siluriformes,Teleostei
Schilbe banguelensis,Schilbe,0.005,3.268,1,TL,,,Schilbeidae,Siluriformes,Teleostei
Schilbe grenfelli,Schilbe,0.0094,3.154,1,SL,9.6,27.3,Schilbeidae,Siluriformes,Teleostei
Mycteroperca acutirostris,Mycteroperca,0.01036,3.0165,2,FL,32.7,78,Epinephelidae,Perciformes/Serranoidei,Teleostei
Schilbe micropogon,Schilbe,0.0054,3.115,2,SL,6.8,20.93,Schilbeidae,Siluriformes,Teleostei
Mycteroperca fusca,Mycteroperca,0.00941,3,1,TL,66,76,Epinephelidae,Perciformes/Serranoidei,Teleostei
Mycteroperca prionura,Mycteroperca,0.012,3,1,TL,105,105,Epinephelidae,Perciformes/Serranoidei,Teleostei
Mycteroperca rosacea,Mycteroperca,0.01413,2.985,2,TL,86.4,86.4,Epinephelidae,Perciformes/Serranoidei,Teleostei
Siluranodon auritus,Siluranodon,0.0212,2.634,1,SL,6.2,13,Schilbeidae,Siluriformes,Teleostei
Amphilius jacksonii,Amphilius,0.01085,3.04,2,SL,3.4,11.6,Amphiliidae,Siluriformes,Teleostei
Amphilius rheophilus,Amphilius,0.00505,3.255,2,SL,2.72,5.99,Amphiliidae,Siluriformes,Teleostei
Leuroglossus schmidti,Leuroglossus,0.012615,2.795,2,TL,9,16.8,Bathylagidae,Argentiniformes,Teleostei
Galaxiella munda,Galaxiella,0.00455,3,6,SL,,3.28,Galaxiidae,Galaxiiformes,Teleostei
Synodontis membranaceus,Synodontis,0.01845,3.028,4,SL,5,28,Mochokidae,Siluriformes,Teleostei
Pseudophoxinus maeandricus,Pseudophoxinus,0.016,3.117,1,SL,3.7,6.4,Leuciscidae,Cypriniformes,Teleostei
Synodontis clarias,Synodontis,0.008,3.28,3,SL,3.41,26.4,Mochokidae,Siluriformes,Teleostei
Synodontis afrofischeri,Synodontis,0.0977,2.405,1,FL,10.6,17.2,Mochokidae,Siluriformes,Teleostei
Synodontis arnoulti,Synodontis,0.0165,3.135,1,SL,10,19.3,Mochokidae,Siluriformes,Teleostei
Synodontis filamentosus,Synodontis,0.017,2.8928,2,SL,6.5,19,Mochokidae,Siluriformes,Teleostei
Synodontis flavitaeniatus,Synodontis,0.0337,2.956,1,SL,4.3,15.3,Mochokidae,Siluriformes,Teleostei
Synodontis macrostigma,Synodontis,0.029,2.633,1,TL,,,Mochokidae,Siluriformes,Teleostei
Luciobarbus comizo,Luciobarbus,0.003,3.301,1,TL,26.5,40.1,Cyprinidae,Cypriniformes,Teleostei
Synodontis melanopterus,Synodontis,0.0423,2.4805,1,SL,6,18.5,Mochokidae,Siluriformes,Teleostei
Luciobarbus guiraonis,Luciobarbus,0.016,2.97,3,TL,8.4,41.5,Cyprinidae,Cypriniformes,Teleostei
Barbus haasi,Barbus,0.0096,3.0495,4,TL,4,25.3,Cyprinidae,Cypriniformes,Teleostei
Luciobarbus microcephalus,Luciobarbus,0.019,2.805,1,TL,20,40.3,Cyprinidae,Cypriniformes,Teleostei
Hyporthodus niphobles,Hyporthodus,0.00897,3,1,TL,86.4,97.8,Epinephelidae,Perciformes/Serranoidei,Teleostei
Synodontis nebulosus,Synodontis,0.0211,3.022,1,SL,,,Mochokidae,Siluriformes,Teleostei
Synodontis nigrita,Synodontis,0.02,2.77855,3,TL,4.5,33.5,Mochokidae,Siluriformes,Teleostei
Synodontis nigriventris,Synodontis,0.0829,2.556,1,SL,3.9,7.3,Mochokidae,Siluriformes,Teleostei
Synodontis sorex,Synodontis,0.0238,2.802,3,SL,6.4,21.6,Mochokidae,Siluriformes,Teleostei
Abudefduf whitleyi,Abudefduf,0.01782,3,3,FL,5,21,Pomacentridae,Ovalentaria/misc,Teleostei
Barbus prespensis,Barbus,0.0082,3.2,1,FL,8,30,Cyprinidae,Cypriniformes,Teleostei
Capoeta antalyensis,Capoeta,0.01265,2.93555,2,TL,7.1,34,Cyprinidae,Cypriniformes,Teleostei
Alburnus tarichi,Alburnus,0.005,3.189,1,TL,7.6,27.8,Leuciscidae,Cypriniformes,Teleostei
Synodontis velifer,Synodontis,0.0258,2.994,1,SL,5.3,18.5,Mochokidae,Siluriformes,Teleostei
Synodontis victoriae,Synodontis,0.0187,2.973,1,FL,8,24.9,Mochokidae,Siluriformes,Teleostei
Synodontis violaceus,Synodontis,0.016,2.8306,1,SL,8,17.5,Mochokidae,Siluriformes,Teleostei
Synodontis woosnami,Synodontis,0.179,2.026,1,TL,,,Mochokidae,Siluriformes,Teleostei
Fundulopanchax arnoldi,Fundulopanchax,0.0239,2.672,1,TL,2.7,7.4,Nothobranchiidae,Cyprinodontiformes,Teleostei
Fundulopanchax gardneri,Fundulopanchax,0.0141,2.649,1,TL,1.5,5.3,Nothobranchiidae,Cyprinodontiformes,Teleostei
Scriptaphyosemion geryi,Scriptaphyosemion,0.00915,3.12,2,SL,1.69,5.09,Nothobranchiidae,Cyprinodontiformes,Teleostei
Scriptaphyosemion guignardi,Scriptaphyosemion,0.01125,3.075,2,SL,2.02,4.1,Nothobranchiidae,Cyprinodontiformes,Teleostei
Acipenser persicus,Acipenser,0.0103,2.91375,2,FL,72,255,Acipenseridae,Acipenseriformes,Chondrostei
Fundulopanchax sjostedti,Fundulopanchax,0.0252,2.435,1,TL,2.8,4.9,Nothobranchiidae,Cyprinodontiformes,Teleostei
Aphyosemion splendopleure,Aphyosemion,0.0179,2.683,1,TL,3.3,4.8,Nothobranchiidae,Cyprinodontiformes,Teleostei
Gobio hettitorum,Gobio,0.004,3.446,1,TL,5.3,15.3,Gobionidae,Cypriniformes,Teleostei
Squalius ghigii,Squalius,0.0122,3.165,4,,,,Leuciscidae,Cypriniformes,Teleostei
Squalius carolitertii,Squalius,0.01255,3.04,2,FL,6.6,17.6,Leuciscidae,Cypriniformes,Teleostei
Pseudophoxinus maeandri,Pseudophoxinus,0.01,3.15,1,TL,2.5,5.7,Leuciscidae,Cypriniformes,Teleostei
Epiplatys sexfasciatus,Epiplatys,0.0175,3.125,2,TL,,,Nothobranchiidae,Cyprinodontiformes,Teleostei
Nothobranchius thierryi,Nothobranchius,0.0155,3.02,2,SL,1.27,3.63,Nothobranchiidae,Cyprinodontiformes,Teleostei
Neoscopelus microchir,Neoscopelus,0.0104,2.95,4,TL,4.8,23.5,Neoscopelidae,Myctophiformes,Teleostei
Nothobranchius melanospilus,Nothobranchius,0.00251,3.552,2,,,,Nothobranchiidae,Cyprinodontiformes,Teleostei
Parachanna africana,Parachanna,0.0065,3.041,1,TL,12,22.2,Channidae,Anabantiformes,Teleostei
Lates mariae,Lates,0.0186,2.94,3,TL,,,Latidae,Carangaria/misc,Teleostei
Priacanthus blochii,Priacanthus,0.054,2.771,1,SL,5.5,32.5,Priacanthidae,Eupercaria/misc,Teleostei
Gerres nigri,Gerres,0.0137,2.98,2,TL,3.5,21.4,Gerreidae,Eupercaria/misc,Teleostei
Plectorhinchus macrolepis,Plectorhinchus,0.014,3.092,1,TL,14.9,53.8,Haemulidae,Eupercaria/misc,Teleostei
Pomadasys perotaei,Pomadasys,0.017,2.9762,1,FL,8,34.5,Haemulidae,Eupercaria/misc,Teleostei
Monodactylus sebae,Monodactylus,0.0235,2.994,4,TL,3.8,18.1,Monodactylidae,Eupercaria/misc,Teleostei
Parachelon grandisquamis,Parachelon,0.0128,2.97915,6,TL,4,39.3,Mugilidae,Mugiliformes,Teleostei
Caffrogobius gilchristi,Caffrogobius,0.0166,3.0885,2,SL,1.6,11.5,Gobiidae,Gobiiformes,Teleostei
Caffrogobius natalensis,Caffrogobius,0.0178,3.157,1,SL,1.3,8.2,Gobiidae,Gobiiformes,Teleostei
Caffrogobius nudiceps,Caffrogobius,0.0148,3.24,1,SL,1.8,8.6,Gobiidae,Gobiiformes,Teleostei
Awaous aeneofuscus,Awaous,0.0165,3.1,1,SL,4.2,7.3,Gobiidae,Gobiiformes,Teleostei
Iberochondrostoma lemmingii,Iberochondrostoma,0.01125,3.147,2,TL,4.7,9.9,Leuciscidae,Cypriniformes,Teleostei
Favonigobius reichei,Favonigobius,0.00965,3.359,2,SL,2,6.7,Gobiidae,Gobiiformes,Teleostei
Psammogobius biocellatus,Psammogobius,0.01371,3.0595,2,SL,3.8,19.8,Gobiidae,Gobiiformes,Teleostei
Glossogobius callidus,Glossogobius,0.012695,3.0225,2,SL,1.4,8.5,Gobiidae,Gobiiformes,Teleostei
Vimba melanops,Vimba,0.00345,3.4055,4,TL,3.9,30.9,Leuciscidae,Cypriniformes,Teleostei
Gobiodon rivulatus,Gobiodon,0.020715,2.542,2,TL,2.8,6.4,Gobiidae,Gobiiformes,Teleostei
Gobioides sagitta,Gobioides,0.027,2.203,3,TL,4.2,45,Gobiidae,Gobiiformes,Teleostei
Oxyurichthys keiensis,Oxyurichthys,0.0166,2.97,1,SL,1.6,4.7,Gobiidae,Gobiiformes,Teleostei
Gobionellus occidentalis,Gobionellus,0.011,2.712,1,TL,12.5,21.4,Gobiidae,Gobiiformes,Teleostei
Cobitis calderoni,Cobitis,0.00396,3.0981,2,SL,,,Cobitidae,Cypriniformes,Teleostei
Cobitis paludica,Cobitis,0.006,3.15,1,TL,4.1,9.2,Cobitidae,Cypriniformes,Teleostei
Zaphotias pedaliotus,Zaphotias,0.00855,2.8795,2,SL,1.7,7.8,Gonostomatidae,Stomiiformes,Teleostei
Cyclothone alba,Cyclothone,0.0076,2.309,1,SL,1.3,5.6,Gonostomatidae,Stomiiformes,Teleostei
Oxyurichthys microlepis,Oxyurichthys,0.0106,2.677,1,TL,6.4,15.2,Gobiidae,Gobiiformes,Teleostei
Oxyurichthys tentacularis,Oxyurichthys,0.00615,2.84455,2,SL,7,14.9,Gobiidae,Gobiiformes,Teleostei
Porogobius schlegelii,Porogobius,0.012,2.855,4,TL,3.02,18.9,Gobiidae,Gobiiformes,Teleostei
Psammogobius knysnaensis,Psammogobius,0.0179,3.166,1,SL,1.2,6.4,Gobiidae,Gobiiformes,Teleostei
Sicyopterus lagocephalus,Sicyopterus,0.01169,3,1,TL,5.9,5.9,Gobiidae,Gobiiformes,Teleostei
Yongeichthys thomasi,Yongeichthys,0.0115,3.05,2,SL,2.32,12.81,Gobiidae,Gobiiformes,Teleostei
Dormitator lebretonis,Dormitator,0.01,3.19,3,TL,1.71,10.61,Eleotridae,Gobiiformes,Teleostei
Bostrychus africanus,Bostrychus,0.0157,2.89,1,TL,4.1,13,Butidae,Gobiiformes,Teleostei
Eleotris daganensis,Eleotris,0.01105,3.135,2,SL,1.89,11.69,Eleotridae,Gobiiformes,Teleostei
Eleotris melanosoma,Eleotris,0.01789,2.9165,2,TL,4.5,12.7,Eleotridae,Gobiiformes,Teleostei
Kribia kribensis,Kribia,0.01104,3.25,1,SL,,,Butidae,Gobiiformes,Teleostei
Ctenopoma multispine,Ctenopoma,0.031,2.522,1,TL,,,Anabantidae,Anabantiformes,Teleostei
Ctenopoma acutirostre,Ctenopoma,0.0277,3.177,1,SL,4.6,13.7,Anabantidae,Anabantiformes,Teleostei
Ctenopoma petherici,Ctenopoma,0.02178,2.818,3,TL,3,17.4,Anabantidae,Anabantiformes,Teleostei
Mastacembelus congicus,Mastacembelus,0.013,2.94,1,TL,,,Mastacembelidae,Synbranchiformes,Teleostei
Mastacembelus liberiensis,Mastacembelus,0.00795,2.66,2,SL,7.3,37.6,Mastacembelidae,Synbranchiformes,Teleostei
Mastacembelus nigromarginatus,Mastacembelus,0.005,2.867,1,SL,14.2,36.5,Mastacembelidae,Synbranchiformes,Teleostei
Nemadactylus macropterus,Nemadactylus,0.0279,2.92,9,FL,17.4,47.5,Latridae,Centrarchiformes,Teleostei
Sperata seenghala,Sperata,0.00575,2.986,6,TL,12.1,113,Bagridae,Siluriformes,Teleostei
Cruriraja parcomaculata,Cruriraja,0.00528,2.755,3,TL,,,Gurgesiellidae,Rajiformes,Elasmobranchii
Rajella caudaspinosa,Rajella,0.00336,3.2252,1,TL,,,Rajidae,Rajiformes,Elasmobranchii
Xenentodon cancila,Xenentodon,0.001,3.229,7,TL,7,31,Belonidae,Beloniformes,Teleostei
Parambassis ranga,Parambassis,0.0179,2.946,5,TL,1.6,9.5,Ambassidae,Ovalentaria/misc,Teleostei
Chanda nama,Chanda,0.012,2.858,7,TL,1.6,10.1,Ambassidae,Ovalentaria/misc,Teleostei
Rhinobatos hynnicephalus,Rhinobatos,0.00758,2.8,2,TL,18.1,73,Rhinobatidae,Rhinopristiformes,Elasmobranchii
Enchelycore lichenosa,Enchelycore,0.00062,3.16,1,TL,71.1,86.6,Muraenidae,Anguilliformes,Teleostei
Puntius sophore,Puntius,0.01187,3.0605,13,TL,2.5,18.52,Cyprinidae,Cypriniformes,Teleostei
Mastacembelus armatus,Mastacembelus,0.004,2.8733,7,TL,8.1,54,Mastacembelidae,Synbranchiformes,Teleostei
Gymnothorax kidako,Gymnothorax,0.00335,3.07,2,TL,39.4,109.5,Muraenidae,Anguilliformes,Teleostei
Gymnothorax neglectus,Gymnothorax,8e-05,3.64,3,TL,29.5,83.2,Muraenidae,Anguilliformes,Teleostei
Macrognathus pancalus,Macrognathus,0.0045,3.026,5,TL,5,18.9,Mastacembelidae,Synbranchiformes,Teleostei
Clupisoma garua,Clupisoma,0.0478,3.11,2,TL,5.4,36.6,Ailiidae,Siluriformes,Teleostei
Astronesthes richardsoni,Astronesthes,0.0038,3.179,1,SL,2.3,17.2,Stomiidae,Stomiiformes,Teleostei
Diplophos taenia,Diplophos,0.0085,3.0285,2,SL,4.2,14.7,Gonostomatidae,Stomiiformes,Teleostei
Manducus maderensis,Manducus,0.00473,2.964,1,TL,,,Gonostomatidae,Stomiiformes,Teleostei
Malacosteus niger,Malacosteus,0.0057,3,3,SL,6.3,18.8,Stomiidae,Stomiiformes,Teleostei
Gymnothorax reevesii,Gymnothorax,0.00021,3.5,1,TL,45.7,72.5,Muraenidae,Anguilliformes,Teleostei
Gymnothorax reticularis,Gymnothorax,3e-04,3.3253,1,TL,,,Muraenidae,Anguilliformes,Teleostei
Polyipnus polli,Polyipnus,0.0586,2.659,1,SL,2.4,4.5,Sternoptychidae,Stomiiformes,Teleostei
Sternoptyx pseudobscura,Sternoptyx,0.0754,2.663,1,SL,1.3,5.6,Sternoptychidae,Stomiiformes,Teleostei
Stomias affinis,Stomias,0.00113,3.212,2,SL,5.2,18,Stomiidae,Stomiiformes,Teleostei
Lestrolepis intermedia,Lestrolepis,0.001315,2.884,2,SL,7,22.5,Paralepididae,Aulopiformes,Teleostei
Diaphus splendidus,Diaphus,0.0079,3.1,1,SL,2,8.5,Myctophidae,Myctophiformes,Teleostei
Neomerinthe folgori,Neomerinthe,0.0058,3.263,6,TL,21.9,64.1,Scorpaenidae,Perciformes/Scorpaenoidei,Teleostei
Scorpaena maderensis,Scorpaena,0.01655,2.9965,4,TL,3.1,17.8,Scorpaenidae,Perciformes/Scorpaenoidei,Teleostei
Lepidotrigla dieuzeidei,Lepidotrigla,0.009,3.11,7,TL,2.7,17.9,Triglidae,Perciformes/Scorpaenoidei,Teleostei
Sufflogobius bibarbatus,Sufflogobius,0.01181,3,1,TL,10.3,10.3,Gobiidae,Gobiiformes,Teleostei
Parapristipoma humile,Parapristipoma,0.0234,2.895,6,TL,21,37.5,Haemulidae,Eupercaria/misc,Teleostei
Cubiceps baxteri,Cubiceps,0.0057,3.26075,2,TL,7.9,16,Nomeidae,Scombriformes,Teleostei
Sphyraena viridensis,Sphyraena,0.00391,3,1,FL,128,128,Sphyraenidae,Carangaria/misc,Teleostei
Masturus lanceolatus,Masturus,0.6615,2.565,2,SL,38,195,Molidae,Tetraodontiformes,Teleostei
Uropterygius micropterus,Uropterygius,0.00033,3.22,3,TL,11.3,37.3,Muraenidae,Anguilliformes,Teleostei
Netuma thalassina,Netuma,0.0097,3.022,11,TL,13,117,Ariidae,Siluriformes,Teleostei
Neopomacentrus azysron,Neopomacentrus,0.027765,2.905655,2,FL,3.5,6.9,Pomacentridae,Ovalentaria/misc,Teleostei
Neoglyphidodon polyacanthus,Neoglyphidodon,0.02299,3.100105,2,FL,4,10.8,Pomacentridae,Ovalentaria/misc,Teleostei
Benthosema pterotum,Benthosema,0.020595,2.496,2,SL,2.2,5.1,Myctophidae,Myctophiformes,Teleostei
Wallago attu,Wallago,0.00464,3.05,9,TL,10,145,Siluridae,Siluriformes,Teleostei
Physiculus natalensis,Physiculus,0.0185,2.64,1,TL,13.8,20.7,Moridae,Gadiformes,Teleostei
Neobythites analis,Neobythites,0.00136,3.45,1,TL,,,Ophidiidae,Ophidiiformes,Teleostei
Labeo gonius,Labeo,0.00305,3.211,1,TL,15.8,40.1,Cyprinidae,Cypriniformes,Teleostei
Lophius vomerinus,Lophius,0.013,3.0115,2,TL,15,90,Lophiidae,Lophiiformes,Teleostei
Pollichthys mauli,Pollichthys,0.00976,2.309,1,TL,,,Phosichthyidae,Stomiiformes,Teleostei
Nandus nandus,Nandus,0.0176,2.937,10,TL,2.5,18.4,Nandidae,Anabantiformes,Teleostei
Diaphus garmani,Diaphus,0.0082,2.89,2,TL,2.6,5,Myctophidae,Myctophiformes,Teleostei
Diaphus lucidus,Diaphus,0.0174,2.8605,2,SL,3.1,9.8,Myctophidae,Myctophiformes,Teleostei
Lampanyctus lineatus,Lampanyctus,0.0022,3.37,1,SL,6.1,17,Myctophidae,Myctophiformes,Teleostei
Scopelogadus mizolepis,Scopelogadus,0.0072,3.44,1,SL,3.7,9.3,Melamphaidae,Beryciformes,Teleostei
Pterois mombasae,Pterois,0.0163,3.03253,1,TL,6.8,19.6,Scorpaenidae,Perciformes/Scorpaenoidei,Teleostei
Ostorhinchus apogonoides,Ostorhinchus,0.0087,3.36,1,TL,3.4,7.1,Apogonidae,Kurtiformes,Teleostei
Champsodon capensis,Champsodon,0.0079,3.02,1,TL,6,14.2,Champsodontidae,Acropomatiformes,Teleostei
Oxyurichthys ophthalmonema,Oxyurichthys,0.010525,3.159,2,SL,3.7,11.3,Gobiidae,Gobiiformes,Teleostei
Takifugu porphyreus,Takifugu,0.00597,3.219,1,TL,13,52,Tetraodontidae,Tetraodontiformes,Teleostei
Grammoplites scaber,Grammoplites,0.0025,3.32,2,SL,10.9,23.1,Platycephalidae,Perciformes/Scorpaenoidei,Teleostei
Sorsogona tuberculata,Sorsogona,0.002,3.4876,1,TL,6.8,14.5,Platycephalidae,Perciformes/Scorpaenoidei,Teleostei
Maccullochella peelii,Maccullochella,0.012425,3.1205,2,TL,,,Percichthyidae,Centrarchiformes,Teleostei
Macquaria ambigua,Macquaria,0.00612,3.39,2,TL,8,60,Percichthyidae,Centrarchiformes,Teleostei
Cyclocheilichthys apogon,Cyclocheilichthys,0.00814,3.1535,6,TL,3,28.7,Cyprinidae,Cypriniformes,Teleostei
Pristolepis fasciata,Pristolepis,0.01845,3.097,5,TL,4,31,Pristolepididae,Anabantiformes,Teleostei
Diaphus coeruleus,Diaphus,0.024,2.7545,2,TL,7.2,15.2,Myctophidae,Myctophiformes,Teleostei
Inegocia japonica,Inegocia,0.0058,3.067,1,TL,,,Platycephalidae,Perciformes/Scorpaenoidei,Teleostei
Centrogenys vaigiensis,Centrogenys,0.034,2.97,1,TL,6,17.9,Centrogenyidae,Eupercaria/misc,Teleostei
Raiamas moorii,Raiamas,0.00252,3.22,1,TL,10,22,Danionidae,Cypriniformes,Teleostei
Pempheris vanicolensis,Pempheris,0.01175,3.0955,2,TL,7.7,16,Pempheridae,Acropomatiformes,Teleostei
Chaetodon decussatus,Chaetodon,0.02731,3,3,TL,3.7,12,Chaetodontidae,Acanthuriformes,Teleostei
Acanthocepola abbreviata,Acanthocepola,7e-04,3.35,1,TL,8.9,16.8,Cepolidae,Eupercaria/misc,Teleostei
Polydactylus microstoma,Polydactylus,0.0202,3.06,3,FL,10.5,24.5,Polynemidae,Carangaria/misc,Teleostei
Champsodon nudivittis,Champsodon,0.0049,3.146,1,TL,6.2,12.7,Champsodontidae,Acropomatiformes,Teleostei
Rasbora caudimaculata,Rasbora,0.0064,3.0868,1,TL,5.32,11.28,Danionidae,Cypriniformes,Teleostei
Scombrops boops,Scombrops,0.0139,3,1,FL,105,105,Scombropidae,Acropomatiformes,Teleostei
Rasbora rasbora,Rasbora,0.005865,3.25105,2,TL,4,11.1,Danionidae,Cypriniformes,Teleostei
Lythrichthys longimanus,Lythrichthys,0.0037,3.5107,1,TL,5.8,15.6,Setarchidae,Perciformes/Scorpaenoidei,Teleostei
Squaliobarbus curriculus,Squaliobarbus,0.00877,3.1315,8,TL,4.1,49.7,Xenocyprididae,Cypriniformes,Teleostei
Pholis nebulosa,Pholis,0.002675,3.387,4,TL,3.3,27.5,Pholidae,Perciformes/Zoarcoidei,Teleostei
Cheirodon australe,Cheirodon,0.017,2.78,1,TL,0.9,6.5,Characidae,Characiformes,Teleostei
Diplomystes camposensis,Diplomystes,0.009,3.03,1,TL,1.5,22,Diplomystidae,Siluriformes,Teleostei
Pseudobagrus medianalis,Pseudobagrus,0.01008,2.928,1,TL,7.4,15.2,Bagridae,Siluriformes,Teleostei
Liobagrus nigricauda,Liobagrus,0.0183,2.89,3,SL,4.5,16.7,Amblycipitidae,Siluriformes,Teleostei
Harpadon microchir,Harpadon,0.00067,3.5259,1,FL,,,Synodontidae,Aulopiformes,Teleostei
Saurida wanieso,Saurida,0.00535,3,1,TL,70,72,Synodontidae,Aulopiformes,Teleostei
Trichomycterus areolatus,Trichomycterus,0.015,2.61,1,TL,0.3,17.6,Trichomycteridae,Siluriformes,Teleostei
Brachygalaxias bullocki,Brachygalaxias,0.029,2.93,1,TL,1.8,4.6,Galaxiidae,Galaxiiformes,Teleostei
Achirus mazatlanus,Achirus,0.0131,3.109,6,TL,1,22.5,Achiridae,Pleuronectiformes,Teleostei
Diapterus peruvianus,Diapterus,0.0136,3.23,6,TL,1.66,35,Gerreidae,Eupercaria/misc,Teleostei
Pseudochondrostoma polylepis,Pseudochondrostoma,0.006,3.194,3,FL,3.4,35.3,Leuciscidae,Cypriniformes,Teleostei
Labeo fimbriatus,Labeo,0.01605,2.9427,7,TL,12,60,Cyprinidae,Cypriniformes,Teleostei
Sebastiscus tertius,Sebastiscus,0.02385,2.895,2,TL,11.4,55,Sebastidae,Perciformes/Scorpaenoidei,Teleostei
Lepidotrigla japonica,Lepidotrigla,0.017,2.97,1,SL,3.2,5.7,Triglidae,Perciformes/Scorpaenoidei,Teleostei
Anatolichthys anatoliae,Anatolichthys,0.0091,3.28,3,TL,2.3,5.57,Aphaniidae,Cyprinodontiformes,Teleostei
Kosswigichthys asquamatus,Kosswigichthys,0.0058,3.48,3,TL,2.24,3.83,Aphaniidae,Cyprinodontiformes,Teleostei
Taractes rubescens,Taractes,0.00859,3,1,TL,66.5,87.6,Bramidae,Scombriformes,Teleostei
Valencia letourneuxi,Valencia,0.017,3.166,1,SL,1.593,4.415,Valenciidae,Cyprinodontiformes,Teleostei
Parupeneus chrysopleuron,Parupeneus,0.0344,2.86,1,SL,13.5,27.8,Mullidae,Mulliformes,Teleostei
Upeneus quadrilineatus,Upeneus,0.0063,3.593,1,SL,8.5,13.5,Mullidae,Mulliformes,Teleostei
Cirrhitichthys aureus,Cirrhitichthys,0.0101,3.2276,1,TL,8.9,11.5,Cirrhitidae,Centrarchiformes,Teleostei
Glossolepis incisa,Glossolepis,6e-05,3.157,1,TL,8.8,11.9,Melanotaeniidae,Atheriniformes,Teleostei
Ariomma brevimanus,Ariomma,0.0342,2.7772,4,SL,11.5,59,Ariommatidae,Scombriformes,Teleostei
Cynoglossus abbreviatus,Cynoglossus,0.00185,3.3645,4,TL,6.3,33.3,Cynoglossidae,Pleuronectiformes,Teleostei
Johnius coitor,Johnius,0.0156,2.691,2,TL,7.3,27.2,Sciaenidae,Eupercaria/misc,Teleostei
Macrognathus aral,Macrognathus,0.004,2.913,1,TL,7.4,15.2,Mastacembelidae,Synbranchiformes,Teleostei
Platax batavianus,Platax,0.0535,3,4,SL,,31.8,Ephippidae,Acanthuriformes,Teleostei
Torquigener brevipinnis,Torquigener,0.0089,3.33,1,TL,10.2,13.5,Tetraodontidae,Tetraodontiformes,Teleostei
Triacanthus nieuhofii,Triacanthus,0.01205,2.928,2,TL,5.3,24.3,Triacanthidae,Tetraodontiformes,Teleostei
Paralichthys adspersus,Paralichthys,0.00334,3.4761,2,TL,29.5,32.5,Paralichthyidae,Pleuronectiformes,Teleostei
Percilia gillissi,Percilia,0.021,2.87,1,TL,1.1,8,Perciliidae,Centrarchiformes,Teleostei
Pseudomonacanthus macrurus,Pseudomonacanthus,0.012,2.83,1,SL,8.5,25.5,Monacanthidae,Tetraodontiformes,Teleostei
Parapercis sexfasciata,Parapercis,0.0067,3.138,1,TL,,,Pinguipedidae,Perciformes/Uranoscopoidei,Teleostei
Pennahia pawak,Pennahia,0.021,3.015,2,SL,2.6,23.2,Sciaenidae,Eupercaria/misc,Teleostei
Chalceus macrolepidotus,Chalceus,0.0136,3.1429,1,SL,11.5,25,Chalceidae,Characiformes,Teleostei
Ctenobrycon spilurus,Ctenobrycon,0.0053,3.2533,1,TL,1.98,6.01,Acestrorhamphidae,Characiformes,Teleostei
Holopristis ocellifera,Holopristis,0.013,3.354,3,SL,1.3,4.9,Acestrorhamphidae,Characiformes,Teleostei
Hyphessobrycon heterorhabdus,Hyphessobrycon,0.0095,3.278,2,SL,1.045,3.093,Acestrorhamphidae,Characiformes,Teleostei
Hyphessobrycon pulchripinnis,Hyphessobrycon,0.0091,2.928,1,TL,1.4,3.8,Acestrorhamphidae,Characiformes,Teleostei
Hoplostethus melanopus,Hoplostethus,0.0549,2.8279,1,FL,13,25,Trachichthyidae,Trachichthyiformes,Teleostei
Bario sanctaefilomenae,Bario,0.0228,3.022,2,SL,1.2,6.5,Acestrorhamphidae,Characiformes,Teleostei
Cyttus traversi,Cyttus,0.02565,2.967,4,TL,11,63,Cyttidae,Zeiformes,Teleostei
Hypseleotris aurea,Hypseleotris,0.00835,3,1,TL,3.3,3.3,Eleotridae,Gobiiformes,Teleostei
Chlorophthalmus nigromarginatus,Chlorophthalmus,0.0032,3.31,1,TL,18.6,22.2,Chlorophthalmidae,Aulopiformes,Teleostei
Gymnothorax cribroris,Gymnothorax,0.002,3,1,TL,26.4,,Muraenidae,Anguilliformes,Teleostei
Gasteropelecus sternicla,Gasteropelecus,0.0389,2.93,1,SL,2,3.9,Gasteropelecidae,Characiformes,Teleostei
Gasteropelecus levis,Gasteropelecus,0.017,2.871,1,TL,2.5,4.5,Gasteropelecidae,Characiformes,Teleostei
Carnegiella marthae,Carnegiella,0.1085,3.2161,2,SL,1.5,3,Gasteropelecidae,Characiformes,Teleostei
Carnegiella strigata,Carnegiella,0.0165,3.20075,2,SL,1.6,3.5,Gasteropelecidae,Characiformes,Teleostei
Copella arnoldi,Copella,0.008,3.058,2,SL,1.1,3.489,Lebiasinidae,Characiformes,Teleostei
Teixeirichthys jordani,Teixeirichthys,0.0363,3.07169,3,SL,3.4,10.7,Pomacentridae,Ovalentaria/misc,Teleostei
Giganthias immaculatus,Giganthias,0.0135,3,1,TL,42,42,Anthiadidae,Perciformes/Serranoidei,Teleostei
Nannostomus beckfordi,Nannostomus,0.0088,2.842,1,TL,2.5,4.5,Lebiasinidae,Characiformes,Teleostei
Nannostomus eques,Nannostomus,0.011,3.0828,1,SL,1.5,4.7,Lebiasinidae,Characiformes,Teleostei
Nannostomus trifasciatus,Nannostomus,0.006,3.5195,2,SL,1.3,3.329,Lebiasinidae,Characiformes,Teleostei
Nannostomus unifasciatus,Nannostomus,0.007,3.341,1,SL,1.8,4.1,Lebiasinidae,Characiformes,Teleostei
Epigonus pandionis,Epigonus,0.0094,3.092,3,TL,3.4,23.5,Epigonidae,Acropomatiformes,Teleostei
Cymbacephalus nematophthalmus,Cymbacephalus,0.021,2.78,1,TL,9.2,42,Platycephalidae,Perciformes/Scorpaenoidei,Teleostei
Chilodus punctatus,Chilodus,0.0235,2.77,1,TL,6.5,18,Chilodontidae,Characiformes,Teleostei
Dactyloptena papilio,Dactyloptena,0.0082,3.1639,1,TL,8,21.8,Dactylopteridae,Dactylopteriformes,Teleostei
Glaucosoma buergeri,Glaucosoma,0.045125,2.755,8,TL,10,55,Glaucosomatidae,Acropomatiformes,Teleostei
Puntius chola,Puntius,0.012,3.064,5,TL,3.9,11.2,Cyprinidae,Cypriniformes,Teleostei
Enteromius fasciolatus,Enteromius,0.0352,2.712,1,SL,,,Cyprinidae,Cypriniformes,Teleostei
Glaucostegus halavi,Glaucostegus,0.0029,2.99,1,TL,,102.3,Glaucostegidae,Rhinopristiformes,Elasmobranchii
Striuntius lateristriga,Striuntius,0.0152,2.93,1,TL,8.5,18.6,Cyprinidae,Cypriniformes,Teleostei
Upeneus asymmetricus,Upeneus,0.039,2.5,1,TL,7.5,13.1,Mullidae,Mulliformes,Teleostei
Pethia phutunio,Pethia,0.0219,2.677,3,TL,1.8,3.7,Cyprinidae,Cypriniformes,Teleostei
Danio albolineatus,Danio,0.0072,3.1164,1,TL,1.92,9.58,Danionidae,Cypriniformes,Teleostei
Devario aequipinnatus,Devario,0.00734,3.26,1,TL,2.88,8.5,Danionidae,Cypriniformes,Teleostei
Devario devario,Devario,0.0088,3.06,2,TL,2.52,7.36,Danionidae,Cypriniformes,Teleostei
Rasbora borapetensis,Rasbora,0.0072,3.1354,1,TL,3.02,4.82,Danionidae,Cypriniformes,Teleostei
Epalzeorhynchos bicolor,Epalzeorhynchos,0.004,3.424,1,TL,5,13,Cyprinidae,Cypriniformes,Teleostei
Cyphomyrus weeksii,Cyphomyrus,0.0171,3.015,1,SL,5.9,18.1,Mormyridae,Osteoglossiformes,Teleostei
Syncrossus hymenophysa,Syncrossus,0.0405,2.353,1,TL,4,8,Botiidae,Cypriniformes,Teleostei
Yasuhikotakia modesta,Yasuhikotakia,0.0049,3.275,1,TL,5,22,Botiidae,Cypriniformes,Teleostei
Marcusenius moorii,Marcusenius,0.0156,2.991,1,SL,5.9,15.5,Mormyridae,Osteoglossiformes,Teleostei
Gymnotus carapo,Gymnotus,0.00508,2.796,7,TL,6.8,76,Gymnotidae,Gymnotiformes,Teleostei
Callichthys callichthys,Callichthys,0.0463,2.77,4,SL,1.9,21,Callichthyidae,Siluriformes,Teleostei
Corydoras paleatus,Corydoras,0.0734,2.61,7,SL,2,7.3,Callichthyidae,Siluriformes,Teleostei
Apolemichthys xanthotis,Apolemichthys,0.01751,3,2,SL,16.2,18.5,Pomacanthidae,Acanthuriformes,Teleostei
Mormyrops nigricans,Mormyrops,0.0159,2.9,1,SL,10.7,27,Mormyridae,Osteoglossiformes,Teleostei
Mormyrus caballus,Mormyrus,0.0147,2.89,1,SL,10,22.8,Mormyridae,Osteoglossiformes,Teleostei
Centropomus armatus,Centropomus,0.0048,3.29585,2,TL,7.2,49,Centropomidae,Carangaria/misc,Teleostei
Centropomus robalito,Centropomus,0.00745,3.0815,6,TL,2.3,37.4,Centropomidae,Carangaria/misc,Teleostei
Centropomus unionensis,Centropomus,0.004,3.2972,1,TL,11.5,43.4,Centropomidae,Carangaria/misc,Teleostei
Petrocephalus balayi,Petrocephalus,0.0112,3.277,1,SL,5.4,11.9,Mormyridae,Osteoglossiformes,Teleostei
Parupeneus forsskali,Parupeneus,0.012,2.9885,3,TL,8.9,27.9,Mullidae,Mulliformes,Teleostei
Cynoscion phoxocephalus,Cynoscion,0.01485,2.8941,2,TL,5.6,54.5,Sciaenidae,Eupercaria/misc,Teleostei
Cynoscion stolzmanni,Cynoscion,0.00618,3,1,TL,104,115,Sciaenidae,Eupercaria/misc,Teleostei
Nibea maculata,Nibea,0.00494,3.3435,2,TL,9.8,24.6,Sciaenidae,Eupercaria/misc,Teleostei
Petrocephalus christyi,Petrocephalus,0.0256,2.886,1,SL,5.1,12.6,Mormyridae,Osteoglossiformes,Teleostei
Monocirrhus polyacanthus,Monocirrhus,0.026,3.07,1,SL,3.1,7.1,Polycentridae,Ovalentaria/misc,Teleostei
Badis badis,Badis,0.0145,2.772,6,TL,2.35,7.1,Badidae,Anabantiformes,Teleostei
Petrocephalus simus,Petrocephalus,0.0214,2.908,1,SL,5.8,11.3,Mormyridae,Osteoglossiformes,Teleostei
Pollimyrus nigripinnis,Pollimyrus,0.0254,2.901,1,SL,5.1,9.4,Mormyridae,Osteoglossiformes,Teleostei
Brycinus grandisquamis,Brycinus,0.01835,3.213,2,SL,4.4,19.7,Alestidae,Characiformes,Teleostei
Alestes liebrechtsii,Alestes,0.0167,2.985,1,SL,10.2,25.7,Alestidae,Characiformes,Teleostei
Brycinus poptae,Brycinus,0.0112,3.363,1,SL,6.9,19.7,Alestidae,Characiformes,Teleostei
Xenocypris macrolepis,Xenocypris,0.0065,3.085,7,TL,10.8,34.6,Xenocyprididae,Cypriniformes,Teleostei
Bryconaethiops boulengeri,Bryconaethiops,0.0169,3.258,1,SL,4.2,10.6,Alestidae,Characiformes,Teleostei
Bryconaethiops microstoma,Bryconaethiops,0.0191,3.127,1,SL,4.5,16.9,Alestidae,Characiformes,Teleostei
Genicanthus caudovittatus,Genicanthus,0.02142,3,2,SL,11.5,21.7,Pomacanthidae,Acanthuriformes,Teleostei
Cleithracara maronii,Cleithracara,0.0572,3.03,1,SL,2.8,6.8,Cichlidae,Cichliformes,Teleostei
Apistogramma borellii,Apistogramma,0.0378,2.87,1,SL,0.8,2.7,Cichlidae,Cichliformes,Teleostei
Mesonauta festivus,Mesonauta,0.03027,3.255,1,SL,3.5,12.1,Cichlidae,Cichliformes,Teleostei
Crenicichla lepidota,Crenicichla,0.0085,3.13,5,TL,1.84,20.9,Cichlidae,Cichliformes,Teleostei
Satanoperca jurupari,Satanoperca,0.03669,2.996,5,SL,1.8,26,Cichlidae,Cichliformes,Teleostei
Distichodus affinis,Distichodus,0.048,2.918,1,SL,8.3,18.1,Distichodontidae,Characiformes,Teleostei
Uaru amphiacanthoides,Uaru,0.053,3.0184,1,SL,11,20,Cichlidae,Cichliformes,Teleostei
Distichodus maculatus,Distichodus,0.01,3.295,1,SL,,,Distichodontidae,Characiformes,Teleostei
Distichodus mossambicus,Distichodus,0.00694,3.415,1,SL,,,Distichodontidae,Characiformes,Teleostei
Distichodus noboli,Distichodus,0.0307,3.041,1,SL,4.3,12.6,Distichodontidae,Characiformes,Teleostei
Trichogaster chuna,Trichogaster,0.02735,2.842,2,TL,2.5,13.7,Osphronemidae,Anabantiformes,Teleostei
Distichodus schenga,Distichodus,0.0136,3.252,1,SL,,,Distichodontidae,Characiformes,Teleostei
Eugnathichthys macroterolepis,Eugnathichthys,0.0193,2.916,1,SL,5.2,15.9,Distichodontidae,Characiformes,Teleostei
Phago boulengeri,Phago,0.0052,3.161,1,SL,7.6,15.3,Distichodontidae,Characiformes,Teleostei
Dichotomyctere fluviatilis,Dichotomyctere,0.019075,3,2,SL,6.8,6.8,Tetraodontidae,Tetraodontiformes,Teleostei
Labeobarbus altianalis,Labeobarbus,0.01,3.159,1,FL,9.2,61.2,Cyprinidae,Cypriniformes,Teleostei
Dermogenys pusilla,Dermogenys,0.006,2.71,3,TL,6.6,16.1,Zenarchopteridae,Beloniformes,Teleostei
Pimelodella gracilis,Pimelodella,0.0094,2.85,5,TL,4.5,17.3,Heptapteridae,Siluriformes,Teleostei
Enteromius holotaenia,Enteromius,0.0229,2.99,1,SL,,,Cyprinidae,Cypriniformes,Teleostei
Labeobarbus intermedius,Labeobarbus,0.0147,3.049,1,FL,11.6,27,Cyprinidae,Cypriniformes,Teleostei
Nototheniops larseni,Nototheniops,0.0042,3.242,7,TL,6.2,23.5,Nototheniidae,Perciformes/Notothenioidei,Teleostei
Enteromius lineomaculatus,Enteromius,0.03835,2.7005,2,FL,5.2,7.2,Cyprinidae,Cypriniformes,Teleostei
Enteromius poechii,Enteromius,0.00825,3.399,2,SL,,,Cyprinidae,Cypriniformes,Teleostei
Serrivomer sector,Serrivomer,0.00101,3,1,TL,76,76,Serrivomeridae,Anguilliformes,Teleostei
Enteromius unitaeniatus,Enteromius,0.0266,2.8325,2,SL,,,Cyprinidae,Cypriniformes,Teleostei
Labeo congoro,Labeo,0.0299,3.008,1,SL,,,Cyprinidae,Cypriniformes,Teleostei
Argyropelecus lychnus,Argyropelecus,0.01603,3,1,TL,7,7,Sternoptychidae,Stomiiformes,Teleostei
Labeo lukulae,Labeo,0.013,2.94,1,TL,,,Cyprinidae,Cypriniformes,Teleostei
Labeo lunatus,Labeo,0.011,3.1005,2,SL,,,Cyprinidae,Cypriniformes,Teleostei
Bathophilus flemingi,Bathophilus,0.0035,3,2,SL,5.6,,Stomiidae,Stomiiformes,Teleostei
Aristostomias scintillans,Aristostomias,0.0069,3,2,SL,,18.3,Stomiidae,Stomiiformes,Teleostei
Idiacanthus antrostomus,Idiacanthus,0.00078,3,1,TL,33,33,Stomiidae,Stomiiformes,Teleostei
Labeo victorianus,Labeo,0.0057,3.34,1,FL,12.8,29.5,Cyprinidae,Cypriniformes,Teleostei
Raiamas christyi,Raiamas,0.0178,2.956,1,SL,7.3,14.7,Danionidae,Cypriniformes,Teleostei
Opsaridium zambezense,Opsaridium,0.0241,2.548,1,SL,,,Danionidae,Cypriniformes,Teleostei
Pseudophoxinus callensis,Pseudophoxinus,0.010865,2.95,2,TL,,,Leuciscidae,Cypriniformes,Teleostei
Ostorhinchus multilineatus,Ostorhinchus,0.0333,2.92,1,SL,3.7,7.6,Apogonidae,Kurtiformes,Teleostei
Physiculus rastrelliger,Physiculus,0.005,3.063,1,TL,7.3,25,Moridae,Gadiformes,Teleostei
Bothrocara brunneum,Bothrocara,0.00101,3.465,2,TL,38,74,Zoarcidae,Perciformes/Zoarcoidei,Teleostei
Minous trachycephalus,Minous,0.0641,2.1919,1,TL,4.8,13.3,Synanceiidae,Perciformes/Scorpaenoidei,Teleostei
Neomerinthe amplisquamiceps,Neomerinthe,0.0205,2.965,1,TL,5.6,11.2,Scorpaenidae,Perciformes/Scorpaenoidei,Teleostei
Thamnaconus hypargyreus,Thamnaconus,0.057,2.6,1,SL,4,17,Monacanthidae,Tetraodontiformes,Teleostei
Allocyttus folletti,Allocyttus,0.019695,2.99865,2,TL,14,42,Oreosomatidae,Zeiformes,Teleostei
Physiculus roseus,Physiculus,0.0231,2.5,1,TL,15.4,21.8,Moridae,Gadiformes,Teleostei
Ratabulus diversidens,Ratabulus,0.0056,3.046,1,TL,17,45,Platycephalidae,Perciformes/Scorpaenoidei,Teleostei
Sebastolobus macrochir,Sebastolobus,3e-04,4.059,1,FL,25,35,Sebastidae,Perciformes/Scorpaenoidei,Teleostei
Solea aegyptiaca,Solea,0.0078,3.039,2,TL,9.9,31,Soleidae,Pleuronectiformes,Teleostei
Artediellus pacificus,Artediellus,0.0214,3,2,SL,6.3,,Cottidae,Perciformes/Cottoidei,Teleostei
Congresox talabonoides,Congresox,0.025,2.33,1,TL,42,159,Muraenesocidae,Anguilliformes,Teleostei
Eurymen gyrinus,Eurymen,0.01455,3,2,SL,6.7,,Psychrolutidae,Perciformes/Cottoidei,Teleostei
Gymnocanthus pistilliger,Gymnocanthus,0.023685,2.94505,2,TL,12,26,Cottidae,Perciformes/Cottoidei,Teleostei
Hemitripterus villosus,Hemitripterus,0.016,3.1037,1,,,,Agonidae,Perciformes/Cottoidei,Teleostei
Malacocottus zonurus,Malacocottus,0.0289,3,1,TL,8,35,Psychrolutidae,Perciformes/Cottoidei,Teleostei
Plicofollis argyropleuron,Plicofollis,0.2539,2.1002,1,TL,29.9,44.8,Ariidae,Siluriformes,Teleostei
Doryichthys boaja,Doryichthys,0.00073,2.926,1,TL,29,32,Syngnathidae,Syngnathiformes,Teleostei
Howella brodiei,Howella,0.016,3,4,SL,,8.2,Howellidae,Acropomatiformes,Teleostei
Butis amboinensis,Butis,0.011535,2.827395,2,FL,4.5,8.5,Butidae,Gobiiformes,Teleostei
Thysanactis dentex,Thysanactis,0.0012,3.197,1,SL,4.3,14.5,Stomiidae,Stomiiformes,Teleostei
Bathygobius cyclopterus,Bathygobius,0.01437,3,1,TL,4.4,7.1,Gobiidae,Gobiiformes,Teleostei
Hemanthias signifer,Hemanthias,0.0189,3,1,TL,33.02,33.02,Anthiadidae,Perciformes/Serranoidei,Teleostei
Abudefduf hoefleri,Abudefduf,0.013235,3,2,SL,6.2,6.2,Pomacentridae,Ovalentaria/misc,Teleostei
Engraulicypris brevianalis,Engraulicypris,0.013,2.94,1,TL,,,Danionidae,Cypriniformes,Teleostei
Caristius macropus,Caristius,0.0185,3,1,TL,23,23,Caristiidae,Scombriformes,Teleostei
Amphiprion bicinctus,Amphiprion,0.02973,3,2,SL,9,12.2,Pomacentridae,Ovalentaria/misc,Teleostei
Bathysaurus ferox,Bathysaurus,0.00109,3.47,1,SL,26.4,53.3,Bathysauridae,Aulopiformes,Teleostei
Amphiprion sebae,Amphiprion,0.0142,3.2148,1,TL,6.2,12.8,Pomacentridae,Ovalentaria/misc,Teleostei
Azurina eupalama,Azurina,0.01035,3,2,SL,2.8,,Pomacentridae,Ovalentaria/misc,Teleostei
Chromis axillaris,Chromis,0.030585,3,2,SL,9.2,9.2,Pomacentridae,Ovalentaria/misc,Teleostei
Chromis crusma,Chromis,0.0278,2.826,1,TL,3.1,23,Pomacentridae,Ovalentaria/misc,Teleostei
Chromis limbaughi,Chromis,0.0159,3.042,1,TL,1.05,11.3,Pomacentridae,Ovalentaria/misc,Teleostei
Brachyalestes lateralis,Brachyalestes,0.008,3.213,3,TL,,,Alestidae,Characiformes,Teleostei
Bolinichthys indicus,Bolinichthys,0.0125,3.132,1,SL,1.9,4.6,Myctophidae,Myctophiformes,Teleostei
Bolinichthys photothorax,Bolinichthys,0.009245,3.0755,2,SL,4.1,6.9,Myctophidae,Myctophiformes,Teleostei
Anguilla dieffenbachii,Anguilla,0.00101,3.25,11,TL,,,Anguillidae,Anguilliformes,Teleostei
Cynodonichthys magdalenae,Cynodonichthys,0.0252,2.6983,1,SL,1.5,6.1,Rivulidae,Cyprinodontiformes,Teleostei
Cyphocharax saladensis,Cyphocharax,0.00488,3.03,1,TL,1.9,9.8,Curimatidae,Characiformes,Teleostei
Prochilodus nigricans,Prochilodus,0.02755,3.023,10,SL,5.9,52.5,Prochilodontidae,Characiformes,Teleostei
Garmanella pulchra,Garmanella,0.0224,3.146,2,SL,0.6,3,Cyprinodontidae,Cyprinodontiformes,Teleostei
Semaprochilodus taeniurus,Semaprochilodus,0.02953,2.886,1,SL,9,27.2,Prochilodontidae,Characiformes,Teleostei
Hoplias macrophthalmus,Hoplias,0.0139,3,1,TL,81.3,101,Erythrinidae,Characiformes,Teleostei
Thoracocharax stellatus,Thoracocharax,0.0065,3.5324,1,TL,3.51,6.81,Gasteropelecidae,Characiformes,Teleostei
Copella nattereri,Copella,0.0118,2.78,1,SL,2.4,3.8,Lebiasinidae,Characiformes,Teleostei
Gymnothorax kolpos,Gymnothorax,0.00143,3,1,TL,91.4,91.4,Muraenidae,Anguilliformes,Teleostei
Lepidotrigla guentheri,Lepidotrigla,0.0067,3.21,1,TL,5.7,18.1,Triglidae,Perciformes/Scorpaenoidei,Teleostei
Metynnis hypsauchen,Metynnis,0.06005,2.953,4,SL,5.4,18,Serrasalmidae,Characiformes,Teleostei
Lepidotrigla microptera,Lepidotrigla,0.02245,2.775,2,TL,12,40.3,Triglidae,Perciformes/Scorpaenoidei,Teleostei
Metynnis maculatus,Metynnis,0.03495,3.015,2,SL,4.7,15.6,Serrasalmidae,Characiformes,Teleostei
Myloplus rubripinnis,Myloplus,0.0253,3.005,2,TL,4.5,41.5,Serrasalmidae,Characiformes,Teleostei
Goodea atripinnis,Goodea,0.0209,2.824,1,TL,5.2,13,Goodeidae,Cyprinodontiformes,Teleostei
Gymnura japonica,Gymnura,0.0085,3.0019,1,OT,,,Gymnuridae,Myliobatiformes,Elasmobranchii
Luciobarbus esocinus,Luciobarbus,0.0073,3.017,3,TL,19.4,42.2,Cyprinidae,Cypriniformes,Teleostei
Jenynsia lineata,Jenynsia,0.02215,3.106,8,SL,1.1,8.8,Anablepidae,Cyprinodontiformes,Teleostei
Amphiprion akindynos,Amphiprion,0.03456,2.8979,2,FL,4,12.9,Pomacentridae,Ovalentaria/misc,Teleostei
Myloplus schomburgkii,Myloplus,0.0323,2.935,2,TL,4.5,34,Serrasalmidae,Characiformes,Teleostei
Pygopristis denticulata,Pygopristis,0.0329,3.02,1,TL,5,21.5,Serrasalmidae,Characiformes,Teleostei
Phallichthys amates,Phallichthys,0.01456,3.439,1,SL,1.6,4.2,Poeciliidae,Cyprinodontiformes,Teleostei
Serrasalmus brandtii,Serrasalmus,0.022,3.146,1,SL,1.6,29.1,Serrasalmidae,Characiformes,Teleostei
Serrasalmus elongatus,Serrasalmus,0.0089,3.328,1,SL,7.5,22.9,Serrasalmidae,Characiformes,Teleostei
Serrasalmus rhombeus,Serrasalmus,0.01388,3.314,3,SL,5.1,41,Serrasalmidae,Characiformes,Teleostei
Poecilia butleri,Poecilia,0.023,3.27,3,SL,1.5,6.1,Poeciliidae,Cyprinodontiformes,Teleostei
Serrasalmus spilopleura,Serrasalmus,0.0149,3.29,3,SL,5.1,26,Serrasalmidae,Characiformes,Teleostei
Bagrichthys macropterus,Bagrichthys,0.0052,3.1041,1,TL,12,25.1,Bagridae,Siluriformes,Teleostei
Argyrosomus japonicus,Argyrosomus,0.0275,2.837,3,SL,1.4,72,Sciaenidae,Eupercaria/misc,Teleostei
Pseudomystus siamensis,Pseudomystus,0.0095,2.986,3,TL,5,18,Bagridae,Siluriformes,Teleostei
Mystus nigriceps,Mystus,0.00228,3.3175,2,TL,11,30,Bagridae,Siluriformes,Teleostei
Nemadactylus douglasii,Nemadactylus,0.031105,2.93915,2,FL,11,65,Latridae,Centrarchiformes,Teleostei
Chirodactylus spectabilis,Chirodactylus,0.02652,2.875,3,FL,11.6,55.8,Latridae,Centrarchiformes,Teleostei
Pangasius larnaudii,Pangasius,0.00338,3.279,1,TL,34,75,Pangasiidae,Siluriformes,Teleostei
Pseudolais micronemus,Pseudolais,0.00709,3,3,TL,10,55.2,Pangasiidae,Siluriformes,Teleostei
Silonia silondia,Silonia,0.007,2.99,1,TL,7.8,25.2,Schilbeidae,Siluriformes,Teleostei
Optivus elongatus,Optivus,0.0174,2.906,1,TL,2.4,11.7,Trachichthyidae,Trachichthyiformes,Teleostei
Bagarius bagarius,Bagarius,0.005,3.0321,5,TL,6.2,81.5,Sisoridae,Siluriformes,Teleostei
Ophichthus rex,Ophichthus,0.00378,3,1,TL,184,184,Ophichthidae,Anguilliformes,Teleostei
Pseudaphritis urvillii,Pseudaphritis,0.00863,3,1,TL,,,Pseudaphritidae,Perciformes/Notothenioidei,Teleostei
Raiamas bola,Raiamas,0.02535,2.531,2,TL,9.8,21.674,Danionidae,Cypriniformes,Teleostei
Neogobius melanostomus,Neogobius,0.0113,3.04215,18,TL,3.6,35,Gobiidae,Gobiiformes,Teleostei
Proterorhinus marmoratus,Proterorhinus,0.0068,3.23,2,TL,1.6,7.9,Gobiidae,Gobiiformes,Teleostei
Ogcocephalus declivirostris,Ogcocephalus,0.0304,3.027,1,SL,6.1,10.3,Ogcocephalidae,Lophiiformes,Teleostei
Paracentropogon longispinis,Paracentropogon,0.0595,2.64695,2,SL,1.34,6.74,Tetrarogidae,Perciformes/Scorpaenoidei,Teleostei
Daysciaena albida,Daysciaena,0.01085,3.0345,8,TL,3.7,68.5,Sciaenidae,Eupercaria/misc,Teleostei
Pachyurus bonariensis,Pachyurus,0.0151,3.05,7,SL,1.7,25,Sciaenidae,Eupercaria/misc,Teleostei
Pachyurus francisci,Pachyurus,0.009,3.16,1,SL,8.9,36.5,Sciaenidae,Eupercaria/misc,Teleostei
Otolithoides pama,Otolithoides,0.0114,2.86,3,TL,1.8,38.4,Sciaenidae,Eupercaria/misc,Teleostei
Pachyurus adspersus,Pachyurus,0.003,3.31,1,TL,12.5,27.5,Sciaenidae,Eupercaria/misc,Teleostei
Catlocarpio siamensis,Catlocarpio,0.0393,3,1,TL,99,113,Cyprinidae,Cypriniformes,Teleostei
Laubuka laubuca,Laubuka,0.0038,3.4,2,TL,3.58,10.54,Danionidae,Cypriniformes,Teleostei
Labiobarbus festivus,Labiobarbus,0.008055,3.035,2,TL,6.4,33.7,Cyprinidae,Cypriniformes,Teleostei
Elopichthys bambusa,Elopichthys,0.0103,2.93,5,SL,9.1,130.60001,Xenocyprididae,Cypriniformes,Teleostei
Epalzeorhynchos frenatum,Epalzeorhynchos,0.0114,2.844,1,TL,6,12,Cyprinidae,Cypriniformes,Teleostei
Esomus lineatus,Esomus,0.0098,3,1,TL,2,6.7,Danionidae,Cypriniformes,Teleostei
Labeo bata,Labeo,0.01025,3.08,8,TL,5.5,25.2,Cyprinidae,Cypriniformes,Teleostei
Scorpaenopsis cirrosa,Scorpaenopsis,0.04483,3.1305,2,TL,8.6,19.2,Scorpaenidae,Perciformes/Scorpaenoidei,Teleostei
Plagioscion surinamensis,Plagioscion,0.0189,2.973,2,SL,5,65,Sciaenidae,Eupercaria/misc,Teleostei
Sebastes oculatus,Sebastes,0.01565,3.032,4,TL,4.9,40.8,Sebastidae,Perciformes/Scorpaenoidei,Teleostei
Porochilus argenteus,Porochilus,0.0071,2.881,1,TL,2,31,Plotosidae,Siluriformes,Teleostei
Tandanus tandanus,Tandanus,0.00296,3.223,1,TL,,,Plotosidae,Siluriformes,Teleostei
Labeo chrysophekadion,Labeo,0.012495,2.9475,4,TL,4,72,Cyprinidae,Cypriniformes,Teleostei
Platydoras costatus,Platydoras,0.032,2.9024,1,SL,11.5,19,Doradidae,Siluriformes,Teleostei
Oxydoras niger,Oxydoras,0.0367,2.8405,6,SL,11.1,93,Doradidae,Siluriformes,Teleostei
Pterodoras granulosus,Pterodoras,0.0459,2.842,9,SL,4.5,90.1,Doradidae,Siluriformes,Teleostei
Trachelyopterus striatulus,Trachelyopterus,0.008,3.17,3,TL,11.6,27.7,Auchenipteridae,Siluriformes,Teleostei
Trachycorystes trachycorystes,Trachycorystes,0.0398,2.8913,1,SL,8.5,26,Auchenipteridae,Siluriformes,Teleostei
Calophysus macropterus,Calophysus,0.011,3.04,5,SL,12.2,47.5,Pimelodidae,Siluriformes,Teleostei
Pimelodus grosskopfii,Pimelodus,0.0118,3.04,3,SL,2.4,38,Pimelodidae,Siluriformes,Teleostei
Platynematichthys notatus,Platynematichthys,0.00922,3,1,TL,77.2,83,Pimelodidae,Siluriformes,Teleostei
Neolissochilus hexagonolepis,Neolissochilus,0.00998,3.04,1,TL,2.1,21.8,Cyprinidae,Cypriniformes,Teleostei
Niphon spinosus,Niphon,0.0146,3,1,TL,51.5,51.5,Niphonidae,Perciformes/Percoidei,Teleostei
Percichthys trucha,Percichthys,0.018,2.83,1,TL,1.3,36,Percichthyidae,Centrarchiformes,Teleostei
Barbodes carnaticus,Barbodes,0.0092,2.93,1,TL,17.8,50.2,Cyprinidae,Cypriniformes,Teleostei
Sorubim lima,Sorubim,0.0045,3.1213,4,SL,13.9,50.4,Pimelodidae,Siluriformes,Teleostei
Sorubimichthys planiceps,Sorubimichthys,0.0097,2.876,1,SL,33,74,Pimelodidae,Siluriformes,Teleostei
Platystacus cotylephorus,Platystacus,0.0021,3.03,1,SL,3.5,31.1,Aspredinidae,Siluriformes,Teleostei
Corydoras splendens,Corydoras,0.063,2.87,1,SL,6.5,9.9,Callichthyidae,Siluriformes,Teleostei
Scleromystax barbatus,Scleromystax,0.02803,2.83,2,SL,2.44,9,Callichthyidae,Siluriformes,Teleostei
Puntius terio,Puntius,0.01215,3.093,2,TL,2.6,8.68,Cyprinidae,Cypriniformes,Teleostei
Dianema longibarbis,Dianema,0.0328,2.9798,1,SL,7.2,9.8,Callichthyidae,Siluriformes,Teleostei
Hoplosternum magdalenae,Hoplosternum,0.093,2.528,1,SL,5.2,11.5,Callichthyidae,Siluriformes,Teleostei
Rasbora steineri,Rasbora,0.006,3.196,1,TL,5.4,8.5,Danionidae,Cypriniformes,Teleostei
Megalechis picta,Megalechis,0.056,2.75,1,SL,9.9,17,Callichthyidae,Siluriformes,Teleostei
Ancistrus dolichopterus,Ancistrus,0.0166,3.3232,1,SL,5.6,14.5,Loricariidae,Siluriformes,Teleostei
Panaque nigrolineatus,Panaque,0.0499,2.905,3,SL,7.7,34.3,Loricariidae,Siluriformes,Teleostei
Apteronotus albifrons,Apteronotus,0.0029,3.07,1,SL,20.3,47.5,Apteronotidae,Gymnotiformes,Teleostei
Eigenmannia virescens,Eigenmannia,0.0018,2.9455,6,SL,8,44,Sternopygidae,Gymnotiformes,Teleostei
Sternopygus macrurus,Sternopygus,0.007,2.569,3,SL,2.7,81,Sternopygidae,Gymnotiformes,Teleostei
Sarcocheilichthys nigripinnis,Sarcocheilichthys,0.00825,3.1785,10,TL,3.9,15.1,Gobionidae,Cypriniformes,Teleostei
Tor tambroides,Tor,0.0132,3,1,TL,75,81.3,Cyprinidae,Cypriniformes,Teleostei
Scorpis violacea,Scorpis,0.0194,2.924,1,TL,7.2,34.5,Scorpididae,Centrarchiformes,Teleostei
Protosalanx hyalocranius,Protosalanx,0.001,3.405,5,SL,2.4,19.5,Salangidae,Osmeriformes,Teleostei
Tilodon sexfasciatus,Tilodon,1.236165,1.85105,2,TL,,,Microcanthidae,Centrarchiformes,Teleostei
Salangichthys microdon,Salangichthys,0.00015,4.3,1,TL,4.61,6.09,Salangidae,Osmeriformes,Teleostei
Salanx chinensis,Salanx,0.00877,2.32,1,TL,5.66,13.73,Salangidae,Osmeriformes,Teleostei
Salanx cuvieri,Salanx,0.00235,2.56,1,TL,7.28,11.01,Salangidae,Osmeriformes,Teleostei
Botia dario,Botia,0.0109,3.078,7,TL,4.59,13.9,Botiidae,Cypriniformes,Teleostei
Botia lohachata,Botia,0.0188,2.865,4,TL,3.08,15.39,Botiidae,Cypriniformes,Teleostei
Acanthocobitis botia,Acanthocobitis,0.01755,2.8685,4,TL,3.56,14.87,Nemacheilidae,Cypriniformes,Teleostei
Selenotoca multifasciata,Selenotoca,0.022875,3,2,SL,22,22,Scatophagidae,Acanthuriformes,Teleostei
Acarichthys heckelii,Acarichthys,0.0381,2.9534,3,SL,1.1,19.5,Cichlidae,Cichliformes,Teleostei
Acaronia nassa,Acaronia,0.059,2.9163,1,SL,5.5,16,Cichlidae,Cichliformes,Teleostei
Laetacara dorsigera,Laetacara,0.0377,3.11,1,SL,0.7,4.6,Cichlidae,Cichliformes,Teleostei
Krobia itanyi,Krobia,0.0264,3.19,1,SL,1.8,9.5,Cichlidae,Cichliformes,Teleostei
Nemacheilus masyae,Nemacheilus,0.0051,3.0421,1,TL,4.9,8.6,Nemacheilidae,Cypriniformes,Teleostei
Andinoacara latifrons,Andinoacara,0.0565,2.8794,2,SL,2.4,20,Cichlidae,Cichliformes,Teleostei
Aequidens tetramerus,Aequidens,0.03485,3.085,4,TL,1.41,19.2,Cichlidae,Cichliformes,Teleostei
Apistogramma pertensis,Apistogramma,0.034,2.8081,1,SL,1.3,3.9,Cichlidae,Cichliformes,Teleostei
Chaetodon larvatus,Chaetodon,0.0257,3.1,1,TL,3.2,11.9,Chaetodontidae,Acanthuriformes,Teleostei
Plagiogeneion rubiginosum,Plagiogeneion,0.014845,3.105,2,SL,,,Emmelichthyidae,Eupercaria/misc,Teleostei
Pristolepis grootii,Pristolepis,0.028,2.876,1,TL,6,16,Pristolepididae,Anabantiformes,Teleostei
Biotodoma cupido,Biotodoma,0.0192,3.293,1,SL,5.5,11.7,Cichlidae,Cichliformes,Teleostei
Decapterus muroadsi,Decapterus,0.013025,3,2,SL,27.4,27.4,Carangidae,Carangiformes,Teleostei
Myxocyprinus asiaticus,Myxocyprinus,0.006935,3.1725,2,TL,5.6,68,Catostomidae,Cypriniformes,Teleostei
Heniochus intermedius,Heniochus,0.054075,3,2,SL,18.2,18.2,Chaetodontidae,Acanthuriformes,Teleostei
Johnrandallia nigrirostris,Johnrandallia,0.021,3.215,1,TL,4.2,20.7,Chaetodontidae,Acanthuriformes,Teleostei
Crenicichla saxatilis,Crenicichla,0.0124,3.14,1,SL,2.1,18.8,Cichlidae,Cichliformes,Teleostei
Satanoperca acuticeps,Satanoperca,0.0528,2.8156,1,SL,7.6,13.5,Cichlidae,Cichliformes,Teleostei
Geophagus camopiensis,Geophagus,0.036,2.929,1,SL,5.5,17.5,Cichlidae,Cichliformes,Teleostei
Vieja melanurus,Vieja,0.0283,2.8479,1,TL,11,24.8,Cichlidae,Cichliformes,Teleostei
Hypselecara temporalis,Hypselecara,0.044,3.1222,1,SL,6.7,14,Cichlidae,Cichliformes,Teleostei
Crenicichla geayi,Crenicichla,0.0246,2.874,1,SL,2.6,18.4,Cichlidae,Cichliformes,Teleostei
Leporinus friderici,Leporinus,0.01871,3.035,10,SL,2.8,37,Anostomidae,Characiformes,Teleostei
Leporinus maculatus,Leporinus,0.017,2.75,1,TL,4.5,17.4,Anostomidae,Characiformes,Teleostei
Pseudanos trimaculatus,Pseudanos,0.0085,3.08,1,TL,10,18.8,Anostomidae,Characiformes,Teleostei
Characidium fasciatum,Characidium,0.013,3.183,1,SL,2.3,6.9,Crenuchidae,Characiformes,Teleostei
Acestrorhynchus microlepis,Acestrorhynchus,0.008,2.92,3,TL,7.9,37,Acestrorhynchidae,Characiformes,Teleostei
Serranus flaviventris,Serranus,0.0085,3.42535,2,TL,4.5,8,Serranidae,Perciformes/Serranoidei,Teleostei
Aphyocharax rathbuni,Aphyocharax,0.0115,3.088,2,SL,1.2,7.1,Characidae,Characiformes,Teleostei
Boehlkea fredcochui,Boehlkea,0.00752,3.254,1,TL,3.6,5.4,Stevardiidae,Characiformes,Teleostei
Brycon henni,Brycon,0.02305,2.915,2,SL,5.2,33,Bryconidae,Characiformes,Teleostei
Bryconops affinis,Bryconops,0.0157,3.08,1,SL,1.7,10.8,Iguanodectidae,Characiformes,Teleostei
Bryconops caudomaculatus,Bryconops,0.0067,3.15,5,TL,1.3,12.4,Iguanodectidae,Characiformes,Teleostei
Charax gibbosus,Charax,0.0136,2.83,1,TL,7,14.4,Characidae,Characiformes,Teleostei
Cheirodon interruptus,Cheirodon,0.0242,3.06,2,SL,1.2,5.4,Characidae,Characiformes,Teleostei
Crenuchus spilurus,Crenuchus,0.0139,3.31,1,TL,1.2,3.8,Crenuchidae,Characiformes,Teleostei
Paristiopterus labiosus,Paristiopterus,0.0185,2.9308,1,FL,16,71,Pentacerotidae,Acropomatiformes,Teleostei
Gymnocorymbus thayeri,Gymnocorymbus,0.056,2.806,1,SL,5.4,7.4,Acestrorhamphidae,Characiformes,Teleostei
Hasemania nana,Hasemania,0.016,3.221,1,SL,0.9,3.8,Acestrorhamphidae,Characiformes,Teleostei
Nandus nebulosus,Nandus,0.01409,3.114,1,TL,4,10,Nandidae,Anabantiformes,Teleostei
Hemigrammus unilineatus,Hemigrammus,0.019,2.901,1,SL,2,3.1,Acestrorhamphidae,Characiformes,Teleostei
Geophagus steindachneri,Geophagus,0.0327,2.9885,1,SL,1.4,17,Cichlidae,Cichliformes,Teleostei
Brycon pesu,Brycon,0.0197,3.059,3,SL,8,18.9,Bryconidae,Characiformes,Teleostei
Gymnogeophagus gymnogenys,Gymnogeophagus,0.02995,2.89,2,SL,1.8,14.2,Cichlidae,Cichliformes,Teleostei
Megalamphodus bentosi,Megalamphodus,0.0184,3.0205,1,SL,2.1,3.5,Acestrorhamphidae,Characiformes,Teleostei
Moenkhausia dichroura,Moenkhausia,0.03385,2.89555,2,SL,1,8.87,Acestrorhamphidae,Characiformes,Teleostei
Bario oligolepis,Bario,0.0162,3.2365,2,SL,2.1,9.7,Acestrorhamphidae,Characiformes,Teleostei
Pseudocorynopoma doriae,Pseudocorynopoma,0.0221,3.01,1,SL,2,6.3,Stevardiidae,Characiformes,Teleostei
Triportheus elongatus,Triportheus,0.0114,3.06,1,SL,3.7,7.6,Triportheidae,Characiformes,Teleostei
Boulengerella maculata,Boulengerella,0.00109,3.578,1,SL,18.8,29.9,Ctenoluciidae,Characiformes,Teleostei
Boulengerella lucius,Boulengerella,0.0041,3.1764,1,SL,22,43,Ctenoluciidae,Characiformes,Teleostei
Ctenolucius hujeta,Ctenolucius,0.01005,2.898,2,SL,7.2,26,Ctenoluciidae,Characiformes,Teleostei
Scombrops oculatus,Scombrops,0.01262,2.9525,2,FL,9.8,104,Scombropidae,Acropomatiformes,Teleostei
Diaphus mollis,Diaphus,0.0173,2.988,1,SL,2.1,5.8,Myctophidae,Myctophiformes,Teleostei
Lestidiops jayakari,Lestidiops,0.00094,3.1835,2,SL,7.6,15.1,Paralepididae,Aulopiformes,Teleostei
Chromis lubbocki,Chromis,0.0298,2.7875,1,TL,11.2,14.4,Pomacentridae,Ovalentaria/misc,Teleostei
Pycnochromis nigrurus,Pycnochromis,0.00443,3,1,SL,3.1,4.1,Pomacentridae,Ovalentaria/misc,Teleostei
Chromis notata,Chromis,0.0108,3.22,2,TL,,,Pomacentridae,Ovalentaria/misc,Teleostei
Chrysiptera taupou,Chrysiptera,0.029845,2.851575,2,FL,3.5,8.2,Pomacentridae,Ovalentaria/misc,Teleostei
Microspathodon bairdii,Microspathodon,0.0423,3,2,SL,16.3,,Pomacentridae,Ovalentaria/misc,Teleostei
Neopomacentrus miryae,Neopomacentrus,0.02192,3,2,SL,12.5,12.5,Pomacentridae,Ovalentaria/misc,Teleostei
Neopomacentrus nemurus,Neopomacentrus,0.0259,2.91315,1,FL,4.5,7,Pomacentridae,Ovalentaria/misc,Teleostei
Nexilosus latifrons,Nexilosus,0.0075,3.35,1,TL,20.6,23.2,Pomacentridae,Ovalentaria/misc,Teleostei
Parma microlepis,Parma,0.0382,3,2,SL,17.2,,Pomacentridae,Ovalentaria/misc,Teleostei
Pomacentrus adelus,Pomacentrus,0.01761,3.2915,1,FL,2,8,Pomacentridae,Ovalentaria/misc,Teleostei
Pomacentrus albicaudatus,Pomacentrus,0.032135,3,2,SL,10.2,10.2,Pomacentridae,Ovalentaria/misc,Teleostei
Pomacentrus caeruleus,Pomacentrus,0.0245,2.784,1,TL,3,9.8,Pomacentridae,Ovalentaria/misc,Teleostei
Pomacentrus imitator,Pomacentrus,0.01019,3.46896,1,FL,6.3,9.2,Pomacentridae,Ovalentaria/misc,Teleostei
Luciobrotula bartschi,Luciobrotula,0.00225,3.32,1,TL,,,Ophidiidae,Ophidiiformes,Teleostei
Pomacentrus sulfureus,Pomacentrus,0.01457,3,2,SL,5.5,8.1,Pomacentridae,Ovalentaria/misc,Teleostei
Pomacentrus trichrourus,Pomacentrus,0.031305,3,2,SL,4.95,9,Pomacentridae,Ovalentaria/misc,Teleostei
Stegastes rectifraenum,Stegastes,0.03005,2.9805,2,TL,0.98,13.5,Pomacentridae,Ovalentaria/misc,Teleostei
Helogenes marmoratus,Helogenes,0.01225,3.17,2,SL,1.6,7.9,Cetopsidae,Siluriformes,Teleostei
Chaetodon nigropunctatus,Chaetodon,0.055,2.749,1,TL,9.1,12,Chaetodontidae,Acanthuriformes,Teleostei
Chaetodon litus,Chaetodon,0.0341,3,2,SL,11.5,,Chaetodontidae,Acanthuriformes,Teleostei
Coregonus tugun,Coregonus,0.00415,3.40965,2,,2,19.5,Salmonidae,Salmoniformes,Teleostei
Dascyllus marginatus,Dascyllus,0.0177,3,2,SL,4.5,6.4,Pomacentridae,Ovalentaria/misc,Teleostei
Pseudobathylagus milleri,Pseudobathylagus,0.00842,3.15,2,SL,9.6,20.6,Bathylagidae,Argentiniformes,Teleostei
Lipolagus ochotensis,Lipolagus,0.0132,2.853,1,TL,7.9,17.3,Bathylagidae,Argentiniformes,Teleostei
Coregonus muksun,Coregonus,0.003,3.36305,2,FL,12,60,Salmonidae,Salmoniformes,Teleostei
Coregonus ussuriensis,Coregonus,0.00517,3.3833,2,FL,21.3,49.5,Salmonidae,Salmoniformes,Teleostei
Coregonus chadary,Coregonus,0.0065,3.172,1,FL,16.3,41.4,Salmonidae,Salmoniformes,Teleostei
Scorpaena izensis,Scorpaena,0.01702,3,1,TL,44.5,44.5,Scorpaenidae,Perciformes/Scorpaenoidei,Teleostei
Scorpaena neglecta,Scorpaena,0.0178,3.005,4,TL,11.8,37.5,Scorpaenidae,Perciformes/Scorpaenoidei,Teleostei
Sphyraena waitii,Sphyraena,0.009655,2.831745,2,FL,19,31,Sphyraenidae,Carangaria/misc,Teleostei
Pseudoscopelus altipinnis,Pseudoscopelus,0.0136,2.898,1,TL,,,Chiasmodontidae,Scombriformes,Teleostei
Callionymus sublaevis,Callionymus,0.009425,3,2,SL,14.3,14.3,Callionymidae,Callionymiformes,Teleostei
Arnoglossus japonicus,Arnoglossus,0.0068,3.0088,1,TL,,,Bothidae,Pleuronectiformes,Teleostei
Hoplobrotula armata,Hoplobrotula,0.00394,3.1455,2,TL,16.1,62.4,Ophidiidae,Ophidiiformes,Teleostei
Pateobatis fai,Pateobatis,0.00302,3,1,TL,183,183,Dasyatidae,Myliobatiformes,Elasmobranchii
Pateobatis jenkinsii,Pateobatis,0.0789,2.77,1,WD,,,Dasyatidae,Myliobatiformes,Elasmobranchii
Myripristis chryseres,Myripristis,0.025445,3,2,SL,17.3,17.3,Holocentridae,Holocentriformes,Teleostei
Aetobatus ocellatus,Aetobatus,0.01322,3.0106,3,WD,44,184,Aetobatidae,Myliobatiformes,Elasmobranchii
Parupeneus porphyreus,Parupeneus,0.02753,3,3,FL,28,28,Mullidae,Mulliformes,Teleostei
Synodus dermatogenys,Synodus,0.00565,3.273265,2,FL,8,18,Synodontidae,Aulopiformes,Teleostei
Prionurus maculatus,Prionurus,0.198,2.504,1,SL,20.7,44.7,Acanthuridae,Acanthuriformes,Teleostei
Prionurus microlepidotus,Prionurus,0.0289,3,2,SL,14,,Acanthuridae,Acanthuriformes,Teleostei
Taeniamia leai,Taeniamia,0.00723,3.47985,1,FL,5.2,8.2,Apogonidae,Kurtiformes,Teleostei
Cheilodipterus novemstriatus,Cheilodipterus,0.0092,3.172,1,TL,1.99,5.14,Apogonidae,Kurtiformes,Teleostei
Cheilodipterus lachneri,Cheilodipterus,0.00967,3,3,FL,6,12.5,Apogonidae,Kurtiformes,Teleostei
Ecsenius frontalis,Ecsenius,0.0146,2.79,1,TL,2.17,5.07,Blenniidae,Blenniiformes,Teleostei
Meiacanthus nigrolineatus,Meiacanthus,0.020875,3,2,SL,6.7,6.7,Blenniidae,Blenniiformes,Teleostei
Synchiropus splendidus,Synchiropus,0.01094,3.34145,1,FL,3.5,6,Callionymidae,Callionymiformes,Teleostei
Cypho purpurascens,Cypho,0.01332,3.003915,2,FL,4,8.1,Pseudochromidae,Ovalentaria/misc,Teleostei
Apogonichthyoides timorensis,Apogonichthyoides,0.01807,3,3,SL,3.2,8.5,Apogonidae,Kurtiformes,Teleostei
Ostorhinchus norfolcensis,Ostorhinchus,0.01017,3.27709,1,FL,5.8,12,Apogonidae,Kurtiformes,Teleostei
Halichoeres hortulanus,Halichoeres,0.01485,3,3,TL,8.5,24.3,Labridae,Eupercaria/misc,Teleostei
Parapercis xanthozona,Parapercis,0.01329,2.88982,1,FL,3.5,17.5,Pinguipedidae,Perciformes/Uranoscopoidei,Teleostei
Amblyeleotris sungami,Amblyeleotris,0.00897,3,1,TL,6.9,7.6,Gobiidae,Gobiiformes,Teleostei
Trachypoma macracanthus,Trachypoma,0.0312,3,2,SL,14.3,,Anthiadidae,Perciformes/Serranoidei,Teleostei
Nemanthias bartlettorum,Nemanthias,0.00682,3.293,1,TL,2.5,8.7,Anthiadidae,Perciformes/Serranoidei,Teleostei
Kyphosus sydneyanus,Kyphosus,0.0226,3.055,1,FL,25,57.5,Kyphosidae,Centrarchiformes,Teleostei
Pseudochromis flavivertex,Pseudochromis,0.0145,2.85,1,TL,2.023,5.626,Pseudochromidae,Ovalentaria/misc,Teleostei
Hypoplectrus puella,Hypoplectrus,0.009,3.04,1,TL,4,8,Serranidae,Perciformes/Serranoidei,Teleostei
Pseudanthias taeniatus,Pseudanthias,0.01886,3,2,SL,11,11,Anthiadidae,Perciformes/Serranoidei,Teleostei
Canthigaster margaritata,Canthigaster,0.01493,3,2,SL,9.7,9.7,Tetraodontidae,Tetraodontiformes,Teleostei
Plagiotremus townsendi,Plagiotremus,0.007525,3,2,SL,5,5,Blenniidae,Blenniiformes,Teleostei
Pseudolabrus japonicus,Pseudolabrus,0.0217,3,2,SL,11.4,,Labridae,Eupercaria/misc,Teleostei
Periophthalmus barbarus,Periophthalmus,0.0111,3.013,5,TL,1.3,18,Oxudercidae,Gobiiformes,Teleostei
Notoglanidium akiri,Notoglanidium,0.0161,2.9075,2,TL,6.5,16.7,Auchenoglanididae,Siluriformes,Teleostei
Gymnothorax nubilus,Gymnothorax,0.00082,3.17,1,TL,58.3,82,Muraenidae,Anguilliformes,Teleostei
Cymbacephalus beauforti,Cymbacephalus,0.00402,3.21054,1,FL,19.5,52,Platycephalidae,Perciformes/Scorpaenoidei,Teleostei
Assessor macneilli,Assessor,0.021305,2.71335,2,FL,3.7,7,Plesiopidae,Ovalentaria/misc,Teleostei
Odax pullus,Odax,0.003405,3.3685,2,FL,3.6,50,Odacidae,Eupercaria/misc,Teleostei
Pelates octolineatus,Pelates,0.02043,2.8189,3,TL,,,Terapontidae,Centrarchiformes,Teleostei
Oligosarcus hepsetus,Oligosarcus,0.00905,3.005,4,TL,2.8,32,Acestrorhamphidae,Characiformes,Teleostei
Bodianus darwini,Bodianus,0.0134,2.971,1,TL,33.3,68,Labridae,Eupercaria/misc,Teleostei
Paralabrax albomaculatus,Paralabrax,0.01395,3,2,SL,13.2,,Serranidae,Perciformes/Serranoidei,Teleostei
Astyanax scabripinnis,Astyanax,0.007,3.22,1,TL,1.7,15.6,Acestrorhamphidae,Characiformes,Teleostei
Aplochiton taeniatus,Aplochiton,0.004,3.38,1,TL,2.3,9.8,Galaxiidae,Galaxiiformes,Teleostei
Moringua ferruginea,Moringua,2e-04,3,1,TL,38.2,,Moringuidae,Anguilliformes,Teleostei
Neoniphon aurolineatus,Neoniphon,0.020745,3,2,SL,19.5,22.5,Holocentridae,Holocentriformes,Teleostei
Plectrypops lima,Plectrypops,0.02161,3,3,FL,5.5,14.9,Holocentridae,Holocentriformes,Teleostei
Thysanophrys chiltonae,Thysanophrys,0.00267,3.34685,1,FL,7.5,22.1,Platycephalidae,Perciformes/Scorpaenoidei,Teleostei
Aplodactylus punctatus,Aplodactylus,0.0108,3.067,1,TL,8.7,43.5,Aplodactylidae,Centrarchiformes,Teleostei
Astyanax abramis,Astyanax,0.0313,3.005,2,SL,2.7,10,Acestrorhamphidae,Characiformes,Teleostei
Schilbe intermedius,Schilbe,0.005,3.19,9,TL,4.2,31.9,Schilbeidae,Siluriformes,Teleostei
Seriolella brama,Seriolella,0.01,3.1977,2,FL,22,52,Centrolophidae,Scombriformes,Teleostei
Seriolella caerulea,Seriolella,0.01795,3.06035,2,FL,29.8,58.7,Centrolophidae,Scombriformes,Teleostei
Kathetostoma giganteum,Kathetostoma,0.0198,3,3,TL,38,50,Uranoscopidae,Perciformes/Uranoscopoidei,Teleostei
Seriolella punctata,Seriolella,0.0086,3.2116,5,FL,26,57,Centrolophidae,Scombriformes,Teleostei
Porichthys porosissimus,Porichthys,0.005005,3.165,10,TL,2.5,34,Batrachoididae,Batrachoidiformes,Teleostei
Odontesthes argentinensis,Odontesthes,0.005,3.064,2,TL,2.8,42.1,Atherinopsidae,Atheriniformes,Teleostei
Pinguipes brasilianus,Pinguipes,0.0065,3.1694,3,TL,11.6,43.5,Pinguipedidae,Perciformes/Uranoscopoidei,Teleostei
Stromateus brasiliensis,Stromateus,0.00515,3.37174,2,FL,15.4,39.5,Stromateidae,Scombriformes,Teleostei
Dules auriga,Dules,0.007595,3.2545,6,TL,3.5,19.5,Serranidae,Perciformes/Serranoidei,Teleostei
Basilichthys microlepidotus,Basilichthys,0.0024,3.316,3,TL,11,31,Atherinopsidae,Atheriniformes,Teleostei
Forsterygion lapillum,Forsterygion,0.00417,3.214,1,TL,2.2,6.6,Tripterygiidae,Blenniiformes,Teleostei
Deuterodon taeniatus,Deuterodon,0.031,2.95,1,SL,6.71,10.69,Acestrorhamphidae,Characiformes,Teleostei
Pinguipes chilensis,Pinguipes,0.0346,2.703,1,TL,25.3,51,Pinguipedidae,Perciformes/Uranoscopoidei,Teleostei
Rhombosolea leporina,Rhombosolea,0.03772,2.9195,2,TL,,,Rhombosoleidae,Pleuronectiformes,Teleostei
Rhombosolea plebeia,Rhombosolea,0.0385,2.658,1,TL,,,Rhombosoleidae,Pleuronectiformes,Teleostei
Latridopsis ciliaris,Latridopsis,0.055,2.713,1,FL,,,Latridae,Centrarchiformes,Teleostei
Allocyttus niger,Allocyttus,0.012,3.17,2,TL,,,Oreosomatidae,Zeiformes,Teleostei
Myliobatis tobijei,Myliobatis,0.00772,3,1,TL,138,244,Myliobatidae,Myliobatiformes,Elasmobranchii
Orthopristis cantharina,Orthopristis,0.0214,2.812,1,TL,12,15.4,Haemulidae,Eupercaria/misc,Teleostei
Menticirrhus ophicephalus,Menticirrhus,0.011,2.993,3,TL,9.5,41.5,Sciaenidae,Eupercaria/misc,Teleostei
Triportheus angulatus,Triportheus,0.0279,2.584,7,TL,6.3,23.5,Triportheidae,Characiformes,Teleostei
Mylossoma duriventre,Mylossoma,0.0292,3.118,1,SL,5.4,24.9,Serrasalmidae,Characiformes,Teleostei
Ophisurus macrorhynchos,Ophisurus,0.00017,3,1,TL,163,207,Ophichthidae,Anguilliformes,Teleostei
Hyporhamphus intermedius,Hyporhamphus,0.002,2.863,4,TL,9.2,20.3,Hemiramphidae,Beloniformes,Teleostei
Neobythites sivicola,Neobythites,0.005,3.104,1,TL,6.7,27.6,Ophidiidae,Ophidiiformes,Teleostei
Apogon erythrinus,Apogon,0.02405,3,2,SL,3.9,,Apogonidae,Kurtiformes,Teleostei
Planiliza haematocheilus,Planiliza,0.008,3.04,5,TL,6.6,70,Mugilidae,Mugiliformes,Teleostei
Sphyraena pinguis,Sphyraena,0.0283,2.736,5,TL,13.1,36.2,Sphyraenidae,Carangaria/misc,Teleostei
Sphyraena japonica,Sphyraena,0.00237,3.22,1,TL,27.8,36.1,Sphyraenidae,Carangaria/misc,Teleostei
Callanthias japonicus,Callanthias,0.00415,3.36,1,TL,21,28,Callanthiidae,Eupercaria/misc,Teleostei
Pseudanthias cooperi,Pseudanthias,0.01737,2.832,1,TL,2.5,8.3,Anthiadidae,Perciformes/Serranoidei,Teleostei
Amioides polyacanthus,Amioides,0.019305,3,2,SL,18.5,18.5,Apogonidae,Kurtiformes,Teleostei
Nibea albiflora,Nibea,0.0204,2.961,2,SL,5,42,Sciaenidae,Eupercaria/misc,Teleostei
Gobius ophiocephalus,Gobius,0.011,2.998,7,TL,1.9,29.9,Gobiidae,Gobiiformes,Teleostei
Seriolella violacea,Seriolella,0.0014,3.578,1,TL,29.8,39,Centrolophidae,Scombriformes,Teleostei
Sparisoma cretense,Sparisoma,0.0119,3.0845,7,TL,9,43,Scaridae,Eupercaria/misc,Teleostei
Hapalogenys nigripinnis,Hapalogenys,0.0195,3.0741,1,TL,,,Lobotidae,Acanthuriformes,Teleostei
Ditrema temminckii,Ditrema,0.016575,2.8435,4,TL,2.6,20.8,Embiotocidae,Ovalentaria/misc,Teleostei
Hyperoglyphe japonica,Hyperoglyphe,0.0139,3.1555,2,FL,11.2,87,Centrolophidae,Scombriformes,Teleostei
Acanthogobius hasta,Acanthogobius,0.03087,2.43,1,TL,11.1,28.1,Gobiidae,Gobiiformes,Teleostei
Sebastes thompsoni,Sebastes,0.0048,3.42,3,TL,9.8,28.1,Sebastidae,Perciformes/Scorpaenoidei,Teleostei
Halichoeres zeylonicus,Halichoeres,0.0048,3.4056,1,TL,10.5,18.5,Labridae,Eupercaria/misc,Teleostei
Sebastes matsubarai,Sebastes,0.0109,3,1,TL,45.5,57,Sebastidae,Perciformes/Scorpaenoidei,Teleostei
Prochilodus lineatus,Prochilodus,0.03005,2.95,22,SL,5.9,80,Prochilodontidae,Characiformes,Teleostei
Helicolenus hilgendorfii,Helicolenus,0.0088,3.27,3,TL,6.1,17.8,Sebastidae,Perciformes/Scorpaenoidei,Teleostei
Myoxocephalus stelleri,Myoxocephalus,0.01069,3.12,1,FL,11,62,Cottidae,Perciformes/Cottoidei,Teleostei
Agonomalus proboscidalis,Agonomalus,0.0138,3,2,SL,12.8,,Agonidae,Perciformes/Cottoidei,Teleostei
Callionymus beniteguri,Callionymus,0.00307,3.13,1,TL,7.1,22.7,Callionymidae,Callionymiformes,Teleostei
Pseudorhombus oligodon,Pseudorhombus,0.0111,3.09165,2,SL,12.5,19.2,Paralichthyidae,Pleuronectiformes,Teleostei
Cynoglossus robustus,Cynoglossus,0.006,3.0375,4,TL,7.6,43.5,Cynoglossidae,Pleuronectiformes,Teleostei
Takifugu xanthopterus,Takifugu,0.02993,2.978,2,SL,4.3,21.6,Tetraodontidae,Tetraodontiformes,Teleostei
Takifugu niphobles,Takifugu,0.05408,2.611,5,TL,3.4,15.9,Tetraodontidae,Tetraodontiformes,Teleostei
Takifugu pardalis,Takifugu,0.0249,3,1,TL,29,31.7,Tetraodontidae,Tetraodontiformes,Teleostei
Upeneichthys lineatus,Upeneichthys,0.024595,2.9783,2,FL,6.3,28.8,Mullidae,Mulliformes,Teleostei
Batrochoglanis raninus,Batrochoglanis,0.0235,3.07,1,SL,1.9,10.4,Pseudopimelodidae,Siluriformes,Teleostei
Auchenipterichthys thoracatus,Auchenipterichthys,0.02138,3.066,1,SL,5.1,13.8,Auchenipteridae,Siluriformes,Teleostei
Apistogramma bitaeniata,Apistogramma,0.0327,2.7859,1,SL,1,3.6,Cichlidae,Cichliformes,Teleostei
Potamosilurus velutinus,Potamosilurus,0.00434,3.2919,2,FL,88,88,Ariidae,Siluriformes,Teleostei
Acestrorhynchus falcirostris,Acestrorhynchus,0.0113,2.94,6,SL,8.5,49,Acestrorhynchidae,Characiformes,Teleostei
Chalceus erythrurus,Chalceus,0.0155,3.1472,3,SL,8.2,24.5,Chalceidae,Characiformes,Teleostei
Tatia aulopygia,Tatia,0.01379,3.256,1,SL,7.1,15.3,Auchenipteridae,Siluriformes,Teleostei
Bregmaceros lanceolatus,Bregmaceros,0.0019,3.6323,1,TL,,,Bregmacerotidae,Gadiformes,Teleostei
Pterois lunulata,Pterois,0.019,3,2,SL,12.3,,Scorpaenidae,Perciformes/Scorpaenoidei,Teleostei
Meuschenia scabra,Meuschenia,0.04325,2.84615,2,SL,2,32,Monacanthidae,Tetraodontiformes,Teleostei
Zearaja nasuta,Zearaja,0.03055,2.9195,2,OT,,,Rajidae,Rajiformes,Elasmobranchii
Dipturus innominatus,Dipturus,0.00137,3.38,1,TL,27.1,48,Rajidae,Rajiformes,Elasmobranchii
Hydrolagus novaezealandiae,Hydrolagus,0.00201,3.272,6,OT,19,81,Chimaeridae,Chimaeriformes,Holocephali
Pateobatis bleekeri,Pateobatis,0.0223,3.0926,3,WD,16.2,112,Dasyatidae,Myliobatiformes,Elasmobranchii
Brevitrygon imbricata,Brevitrygon,0.0237,3.10205,6,TL,7.8,31,Dasyatidae,Myliobatiformes,Elasmobranchii
Chirolophis japonicus,Chirolophis,0.0024,3.423,1,TL,12.8,26.8,Stichaeidae,Perciformes/Zoarcoidei,Teleostei
Capoeta capoeta,Capoeta,0.0139,2.92,5,TL,1.94,20.2,Cyprinidae,Cypriniformes,Teleostei
Chagunius nicholsi,Chagunius,0.0109,3.115,1,TL,8.9,18.8,Cyprinidae,Cypriniformes,Teleostei
Labeo boggut,Labeo,0.0083,3.05,1,TL,10,25.2,Cyprinidae,Cypriniformes,Teleostei
Bangana dero,Bangana,0.0107,3.024,1,TL,14.7,42.5,Cyprinidae,Cypriniformes,Teleostei
Bangana diplostoma,Bangana,0.01035,3.1935,2,TL,7.6,17.2,Cyprinidae,Cypriniformes,Teleostei
Labeo porcellus,Labeo,0.0163,2.862,1,TL,10.7,19.1,Cyprinidae,Cypriniformes,Teleostei
Hypanus longus,Hypanus,0.031,2.97,3,WD,28,110,Dasyatidae,Myliobatiformes,Elasmobranchii
Neolissochilus stracheyi,Neolissochilus,0.01225,3.0081,2,TL,4.2,50,Cyprinidae,Cypriniformes,Teleostei
Osteobrama cotio,Osteobrama,0.00571,3.1633,4,TL,2.6,12.7,Cyprinidae,Cypriniformes,Teleostei
Osteobrama vigorsii,Osteobrama,0.0214,2.941,1,SL,5.8,16.4,Cyprinidae,Cypriniformes,Teleostei
Mobula munkiana,Mobula,0.008,3.09,3,WD,41.3,110.5,Mobulidae,Myliobatiformes,Elasmobranchii
Puntius dorsalis,Puntius,0.0126,2.997,2,TL,,,Cyprinidae,Cypriniformes,Teleostei
Mobula tarapacana,Mobula,0.00073,3.486,1,WD,160,317,Mobulidae,Myliobatiformes,Elasmobranchii
Systomus sarana,Systomus,0.0081,3.175,6,TL,6.5,24.5,Cyprinidae,Cypriniformes,Teleostei
Myliobatis longirostris,Myliobatis,0.017,2.94,1,WD,23,83,Myliobatidae,Myliobatiformes,Elasmobranchii
Rohtee ogilbii,Rohtee,0.0262,2.979,1,SL,4.9,8.2,Cyprinidae,Cypriniformes,Teleostei
Narcine vermiculata,Narcine,0.0475,1.801,1,TL,16.5,34.3,Narcinidae,Torpediniformes,Elasmobranchii
Tor khudree,Tor,0.00775,3.065,2,FL,15,83,Cyprinidae,Cypriniformes,Teleostei
Chela cachius,Chela,0.0109,2.95,3,TL,2.7,9.6,Danionidae,Cypriniformes,Teleostei
Cabdio jaya,Cabdio,0.00885,2.9295,2,TL,2.75,10,Danionidae,Cypriniformes,Teleostei
Opsarius bendelisis,Opsarius,0.0114,2.961,5,TL,3.01,19.58,Danionidae,Cypriniformes,Teleostei
Pseudobatos glaucostigma,Pseudobatos,0.0042,2.93,1,TL,19.5,53.3,Rhinobatidae,Rhinopristiformes,Elasmobranchii
Raiamas guttatus,Raiamas,0.0664,2.015,1,TL,3,12,Danionidae,Cypriniformes,Teleostei
Pseudobatos leucorhynchus,Pseudobatos,0.00129,3.24,3,TL,20,118,Rhinobatidae,Rhinopristiformes,Elasmobranchii
Schizothorax progastus,Schizothorax,0.0143,3.065,2,TL,14.35,38.22,Cyprinidae,Cypriniformes,Teleostei
Garra gotyla,Garra,0.0145,2.967,6,TL,5.16,21.5,Cyprinidae,Cypriniformes,Teleostei
Triportheus rotundatus,Triportheus,0.0072,3.19,1,TL,7.6,26.8,Triportheidae,Characiformes,Teleostei
Curimata vittata,Curimata,0.02558,3.018,1,SL,8.1,19.6,Curimatidae,Characiformes,Teleostei
Laemolyta taeniata,Laemolyta,0.01174,3.119,1,SL,10,24.5,Anostomidae,Characiformes,Teleostei
Leporellus vittatus,Leporellus,0.006,3.23,3,SL,9,30.4,Anostomidae,Characiformes,Teleostei
Apteronotus bonapartii,Apteronotus,0.0229,2.363,1,SL,21.9,38,Apteronotidae,Gymnotiformes,Teleostei
Hemisorubim platyrhynchos,Hemisorubim,0.01255,3.0225,6,SL,14.3,61,Pimelodidae,Siluriformes,Teleostei
Leiarius marmoratus,Leiarius,0.0258,3,1,TL,63,96.5,Pimelodidae,Siluriformes,Teleostei
Pimelodus ornatus,Pimelodus,0.0119,3.145,1,SL,9,38.5,Pimelodidae,Siluriformes,Teleostei
Pseudopimelodus pulcher,Pseudopimelodus,0.0124,3.013,1,TL,3.2,19.5,Pseudopimelodidae,Siluriformes,Teleostei
Cichla monoculus,Cichla,0.021,3.04605,2,SL,2.3,63.5,Cichlidae,Cichliformes,Teleostei
Rhinoptera steindachneri,Rhinoptera,0.005,3.22,3,WD,40.1,91.6,Rhinopteridae,Myliobatiformes,Elasmobranchii
Mesonauta insignis,Mesonauta,0.03935,2.9763,2,SL,1.23,12.4,Cichlidae,Cichliformes,Teleostei
Urobatis maculatus,Urobatis,0.058,3.04,1,TL,4.5,17.4,Urotrygonidae,Myliobatiformes,Elasmobranchii
Urotrygon aspidura,Urotrygon,0.006,3.04,1,TL,7.6,78.4,Urotrygonidae,Myliobatiformes,Elasmobranchii
Trachelyopterus galeatus,Trachelyopterus,0.0166,3.197,9,TL,1.5,30,Auchenipteridae,Siluriformes,Teleostei
Urotrygon nana,Urotrygon,0.004,3.18,1,TL,9,32,Urotrygonidae,Myliobatiformes,Elasmobranchii
Garra lamta,Garra,0.004625,3.125,2,TL,7.91,25.34,Cyprinidae,Cypriniformes,Teleostei
Urotrygon rogersi,Urotrygon,0.17,3.05,2,WD,,,Urotrygonidae,Myliobatiformes,Elasmobranchii
Horabagrus brachysoma,Horabagrus,0.00795,3.1155,4,TL,15.6,32.5,Horabagridae,Siluriformes,Teleostei
Mystus malabaricus,Mystus,0.0165,2.979,1,SL,6.1,9.2,Bagridae,Siluriformes,Teleostei
Hemibagrus microphthalmus,Hemibagrus,0.0311,2.925,1,TL,33.3,113,Bagridae,Siluriformes,Teleostei
Ompok pabda,Ompok,0.0062,3.012,2,TL,7.1,21.2,Siluridae,Siluriformes,Teleostei
Ompok pabo,Ompok,0.0054,3,1,TL,6.2,22.3,Siluridae,Siluriformes,Teleostei
Ailia coila,Ailia,0.0079,3.13,3,TL,6.6,15.8,Ailiidae,Siluriformes,Teleostei
Eutropiichthys murius,Eutropiichthys,0.0058,2.9,1,TL,11.6,24.2,Schilbeidae,Siluriformes,Teleostei
Eutropiichthys vacha,Eutropiichthys,0.011,2.855,9,TL,4,38.2,Schilbeidae,Siluriformes,Teleostei
Proeutropiichthys taakree,Proeutropiichthys,0.00668,2.915,1,TL,,,Ailiidae,Siluriformes,Teleostei
Gagata cenia,Gagata,0.00361,3.152,3,TL,4.5,13.4,Sisoridae,Siluriformes,Teleostei
Glyptosternon reticulatum,Glyptosternon,0.0089,3.124,1,TL,6.8,21.4,Sisoridae,Siluriformes,Teleostei
Glyptothorax telchitta,Glyptothorax,0.006475,2.995,2,TL,3.26,15.22,Sisoridae,Siluriformes,Teleostei
Gogangra viridescens,Gogangra,0.00665,3.0905,2,TL,4.1,10.76,Sisoridae,Siluriformes,Teleostei
Parambassis thomassi,Parambassis,0.0086,2.9505,2,TL,6.3,13.6,Ambassidae,Ovalentaria/misc,Teleostei
Gerres setifer,Gerres,0.0185,2.869,3,TL,6.89,12.3,Gerreidae,Eupercaria/misc,Teleostei
Achirus scutum,Achirus,0.0249,2.9402,1,TL,5.8,24.1,Achiridae,Pleuronectiformes,Teleostei
Trinectes fimbriatus,Trinectes,0.0852,2.3562,1,TL,5.5,13.5,Achiridae,Pleuronectiformes,Teleostei
Trinectes fonsecensis,Trinectes,0.0155,3.158,3,TL,1.7,22.8,Achiridae,Pleuronectiformes,Teleostei
Planiliza abu,Planiliza,0.0188,2.784,12,FL,4.4,12.52,Mugilidae,Mugiliformes,Teleostei
Ariopsis guatemalensis,Ariopsis,0.01165,3.08,4,TL,2.8,54,Ariidae,Siluriformes,Teleostei
Cathorops dasycephalus,Cathorops,0.0043,3.2148,1,TL,7.6,36,Ariidae,Siluriformes,Teleostei
Occidentarius platypogon,Occidentarius,0.00425,3.1905,2,TL,9.7,48.2,Ariidae,Siluriformes,Teleostei
Ariopsis seemanni,Ariopsis,0.00475,3.2595,2,TL,6.9,44.4,Ariidae,Siluriformes,Teleostei
Bagre pinnimaculatus,Bagre,0.0189,2.6731,1,TL,9.6,56.5,Ariidae,Siluriformes,Teleostei
Cathorops fuerthii,Cathorops,0.01165,3.0606,2,SL,3.3,31.2,Ariidae,Siluriformes,Teleostei
Cathorops multiradiatus,Cathorops,0.005,3.1624,1,TL,6.8,25.4,Ariidae,Siluriformes,Teleostei
Galeichthys peruvianus,Galeichthys,0.023,2.657,1,TL,9.5,26.3,Ariidae,Siluriformes,Teleostei
Sciades dowii,Sciades,0.0012,3.5543,1,TL,7.4,57,Ariidae,Siluriformes,Teleostei
Cathorops tuyra,Cathorops,0.0056,3.1376,1,TL,6.5,33.9,Ariidae,Siluriformes,Teleostei
Notarius troschelii,Notarius,0.00555,3.1763,2,TL,6.2,68,Ariidae,Siluriformes,Teleostei
Atherinella guatemalensis,Atherinella,0.007,3.29,1,SL,1.2,9.1,Atherinopsidae,Atheriniformes,Teleostei
Atherinella panamensis,Atherinella,0.0087,3,2,SL,7.3,,Atherinopsidae,Atheriniformes,Teleostei
Aulopus bajacali,Aulopus,0.004,3.217,1,TL,10.9,21.2,Aulopidae,Aulopiformes,Teleostei
Apocryptes bato,Apocryptes,0.0088,2.845,2,TL,5.4,23.1,Oxudercidae,Gobiiformes,Teleostei
Porichthys analis,Porichthys,0.00802,3.10345,4,TL,4.3,36,Batrachoididae,Batrachoidiformes,Teleostei
Porichthys ephippiatus,Porichthys,0.0112,3,2,SL,9.9,,Batrachoididae,Batrachoidiformes,Teleostei
Porichthys greenei,Porichthys,0.00905,3,2,SL,6.6,,Batrachoididae,Batrachoidiformes,Teleostei
Scartichthys gigas,Scartichthys,0.019,2.945,1,TL,9.2,25.1,Blenniidae,Blenniiformes,Teleostei
Bothus leopardinus,Bothus,0.018,2.955,2,TL,4.6,23.5,Bothidae,Pleuronectiformes,Teleostei
Tylosurus pacificus,Tylosurus,0.00124,3.2193,2,TL,16.3,150,Belonidae,Beloniformes,Teleostei
Tylosurus fodiator,Tylosurus,0.00261,3,1,TL,107,134,Belonidae,Beloniformes,Teleostei
Odontamblyopus rubicundus,Odontamblyopus,0.0078,2.67,3,TL,7.2,33.4,Gobiidae,Gobiiformes,Teleostei
Channa stewartii,Channa,0.02147,2.78,1,TL,8.5,29.7,Channidae,Anabantiformes,Teleostei
Amblypharyngodon melettinus,Amblypharyngodon,0.00817,3.109,1,TL,,,Danionidae,Cypriniformes,Teleostei
Labeo dussumieri,Labeo,0.017,2.649,1,TL,12.8,35,Cyprinidae,Cypriniformes,Teleostei
Symphurus chabanaudi,Symphurus,0.0021,3.4158,1,TL,10.2,26.5,Cynoglossidae,Pleuronectiformes,Teleostei
Lepidocephalichthys thermalis,Lepidocephalichthys,0.006,3.296,1,TL,6.5,9.1,Cobitidae,Cypriniformes,Teleostei
Symphurus fasciolaris,Symphurus,0.0109,2.9025,2,TL,12.4,24.5,Cynoglossidae,Pleuronectiformes,Teleostei
Symphurus williamsi,Symphurus,0.0038,3.289,1,TL,10.8,18.7,Cynoglossidae,Pleuronectiformes,Teleostei
Pennahia aneus,Pennahia,0.0234,2.92,7,TL,6.6,26,Sciaenidae,Eupercaria/misc,Teleostei
Johnius glaucus,Johnius,0.005,3.27,1,TL,10.2,28,Sciaenidae,Eupercaria/misc,Teleostei
Planiliza carinata,Planiliza,0.0237,2.864,7,TL,4.6,24.4,Mugilidae,Mugiliformes,Teleostei
Otolithes cuvieri,Otolithes,0.00698,3.083,7,TL,2.5,35.3,Sciaenidae,Eupercaria/misc,Teleostei
Deckertichthys aureolus,Deckertichthys,0.01395,3.0408,2,TL,5.4,15,Gerreidae,Eupercaria/misc,Teleostei
Eugerres axillaris,Eugerres,0.029,3.2,2,SL,2.56,7.89,Gerreidae,Eupercaria/misc,Teleostei
Conodon macrops,Conodon,0.01595,3,2,SL,22.8,,Haemulidae,Eupercaria/misc,Teleostei
Conodon serrifer,Conodon,0.0422,2.65815,2,TL,7.2,24.1,Haemulidae,Eupercaria/misc,Teleostei
Haemulon flaviguttatum,Haemulon,0.103,2.6,1,FL,11,33,Haemulidae,Eupercaria/misc,Teleostei
Haemulon sexfasciatum,Haemulon,0.081,2.71,1,FL,11,44,Haemulidae,Eupercaria/misc,Teleostei
Haemulopsis leuciscus,Haemulopsis,0.01125,3.105,2,TL,12.9,45.7,Haemulidae,Eupercaria/misc,Teleostei
Haemulopsis nitida,Haemulopsis,0.01845,2.9275,4,SL,5.16,23.6,Haemulidae,Eupercaria/misc,Teleostei
Orthopristis chalcea,Orthopristis,0.0135,3.0015,4,TL,2.27,44.1,Haemulidae,Eupercaria/misc,Teleostei
Orthopristis reddingi,Orthopristis,0.0189,2.862,3,TL,11,29.8,Haemulidae,Eupercaria/misc,Teleostei
Eucinostomus currani,Eucinostomus,0.013,3.17,9,SL,1.2,20.9,Gerreidae,Eupercaria/misc,Teleostei
Eucinostomus entomelas,Eucinostomus,0.018,3.06,5,SL,1.56,23.2,Gerreidae,Eupercaria/misc,Teleostei
Eugerres lineatus,Eugerres,0.061,2.71,1,TL,4.9,20.5,Gerreidae,Eupercaria/misc,Teleostei
Haemulopsis axillaris,Haemulopsis,0.0141,2.9905,6,TL,3.03,37,Haemulidae,Eupercaria/misc,Teleostei
Rhonciscus branickii,Rhonciscus,0.017,3.12,3,SL,2.23,26,Haemulidae,Eupercaria/misc,Teleostei
Rhencus macracanthus,Rhencus,0.00825,3.2451,2,SL,2.6,33.9,Haemulidae,Eupercaria/misc,Teleostei
Rhencus panamensis,Rhencus,0.01585,3.0075,2,TL,4,38,Haemulidae,Eupercaria/misc,Teleostei
Hyporhamphus gilli,Hyporhamphus,0.0037,3,2,SL,15,,Hemiramphidae,Beloniformes,Teleostei
Myripristis leiognathus,Myripristis,0.00534,3.613,1,TL,4.4,11.9,Holocentridae,Holocentriformes,Teleostei
Lophiodes caulinaris,Lophiodes,0.0185,3.063,2,TL,3.8,35.5,Lophiidae,Lophiiformes,Teleostei
Cynoponticus coniceps,Cynoponticus,0.004,2.686,1,TL,11.2,74.5,Muraenesocidae,Anguilliformes,Teleostei
Gymnothorax equatorialis,Gymnothorax,7e-04,3.149,1,TL,38.6,81.7,Muraenidae,Anguilliformes,Teleostei
Gymnothorax panamensis,Gymnothorax,0.00065,3.218,1,TL,4.19,30.4,Muraenidae,Anguilliformes,Teleostei
Lile gracilis,Lile,0.013,3.04,1,SL,2.1,10.1,Dorosomatidae,Clupeiformes,Teleostei
Bodianus scrofa,Bodianus,0.01649,3.0665,2,TL,39,51,Labridae,Eupercaria/misc,Teleostei
Sphoeroides marmoratus,Sphoeroides,0.024,2.82,1,TL,4.5,12.2,Tetraodontidae,Tetraodontiformes,Teleostei
Polylepion cruentum,Polylepion,0.002,3.63,1,TL,10.5,20,Labridae,Eupercaria/misc,Teleostei
Thalassoma lucasanum,Thalassoma,0.0183,2.859,2,TL,1.12,14.2,Labridae,Eupercaria/misc,Teleostei
Lophiodes spilurus,Lophiodes,0.01535,3.1865,2,TL,8,27.9,Lophiidae,Lophiiformes,Teleostei
Cherublemma emmelas,Cherublemma,0.01769,2.7103,2,TL,8,28,Ophidiidae,Ophidiiformes,Teleostei
Lepophidium microlepis,Lepophidium,0.002,3.17,1,TL,16,41.5,Ophidiidae,Ophidiiformes,Teleostei
Lepophidium pardale,Lepophidium,0.001,3.482,1,TL,10,22.7,Ophidiidae,Ophidiiformes,Teleostei
Lepophidium prorates,Lepophidium,0.003,3.045,1,TL,11,27.5,Ophidiidae,Ophidiiformes,Teleostei
Ophidion galeoides,Ophidion,0.0115,2.834,1,TL,14.3,25.7,Ophidiidae,Ophidiiformes,Teleostei
Citharichthys gilberti,Citharichthys,0.0092,3.1565,2,SL,2,27.9,Cyclopsettidae,Pleuronectiformes,Teleostei
Citharichthys gordae,Citharichthys,0.006,3.384,1,TL,7.3,14.7,Cyclopsettidae,Pleuronectiformes,Teleostei
Citharichthys platophrys,Citharichthys,0.0035,3.568,2,TL,6.2,20.6,Cyclopsettidae,Pleuronectiformes,Teleostei
Cyclopsetta querna,Cyclopsetta,0.0108,3,5,TL,6.1,40,Cyclopsettidae,Pleuronectiformes,Teleostei
Etropus peruvianus,Etropus,0.01025,3.024,2,TL,5.2,20,Cyclopsettidae,Pleuronectiformes,Teleostei
Bassanago bulbiceps,Bassanago,0.00061,3.24,1,TL,49.2,68.5,Congridae,Anguilliformes,Teleostei
Syacium latifrons,Syacium,0.012,3.075,1,TL,10.8,21,Cyclopsettidae,Pleuronectiformes,Teleostei
Syacium ovale,Syacium,0.0081,3.067,3,TL,2,30.4,Cyclopsettidae,Pleuronectiformes,Teleostei
Genidens genidens,Genidens,0.00574,3.107,11,TL,3.7,42.5,Ariidae,Siluriformes,Teleostei
Bairdiella ensifera,Bairdiella,0.0175,3,2,SL,16.5,,Sciaenidae,Eupercaria/misc,Teleostei
Ophioscion scierus,Ophioscion,0.0043,3.3402,1,TL,8.7,29.3,Sciaenidae,Eupercaria/misc,Teleostei
Genidens barbus,Genidens,0.00649,3.163,9,TL,5.5,70,Ariidae,Siluriformes,Teleostei
Ophioscion imiceps,Ophioscion,0.01775,2.90265,2,TL,5.7,24.4,Sciaenidae,Eupercaria/misc,Teleostei
Odontoscion eurymesops,Odontoscion,0.0235,3,2,SL,13.2,,Sciaenidae,Eupercaria/misc,Teleostei
Nebris occidentalis,Nebris,0.0028,3.3784,1,TL,6.4,35.3,Sciaenidae,Eupercaria/misc,Teleostei
Micropogonias ectenes,Micropogonias,0.014,2.95,1,SL,2.47,5.55,Sciaenidae,Eupercaria/misc,Teleostei
Menticirrhus panamensis,Menticirrhus,0.0027,3.4204,1,TL,8.1,45,Sciaenidae,Eupercaria/misc,Teleostei
Menticirrhus nasus,Menticirrhus,0.0177,2.89,1,TL,22.7,52.6,Sciaenidae,Eupercaria/misc,Teleostei
Menticirrhus elongatus,Menticirrhus,0.0069,3.0883,2,TL,6.4,62,Sciaenidae,Eupercaria/misc,Teleostei
Macrodon mordax,Macrodon,4e-04,3.8938,1,TL,13.4,41.7,Sciaenidae,Eupercaria/misc,Teleostei
Larimus effulgens,Larimus,0.00525,3.27195,2,TL,3,23.5,Sciaenidae,Eupercaria/misc,Teleostei
Larimus argenteus,Larimus,0.0088,3.0678,1,TL,3.7,36.1,Sciaenidae,Eupercaria/misc,Teleostei
Larimus acclivis,Larimus,0.0036,3.4087,2,TL,6.1,24.8,Sciaenidae,Eupercaria/misc,Teleostei
Isopisthus remifer,Isopisthus,0.0057,3.162,2,TL,4.5,28,Sciaenidae,Eupercaria/misc,Teleostei
Latropiscis purpurissatus,Latropiscis,0.00962,2.9832,3,TL,,,Aulopidae,Aulopiformes,Teleostei
Cynoscion albus,Cynoscion,0.0152,2.97535,2,TL,8.1,99,Sciaenidae,Eupercaria/misc,Teleostei
Cynoscion othonopterus,Cynoscion,0.00949,3,1,TL,63.5,63.5,Sciaenidae,Eupercaria/misc,Teleostei
Cynoscion nannus,Cynoscion,0.0133,2.92,1,TL,5.4,18,Sciaenidae,Eupercaria/misc,Teleostei
Cynoscion praedatorius,Cynoscion,0.00838,3,1,TL,78.7,88.9,Sciaenidae,Eupercaria/misc,Teleostei
Prionotus nudigula,Prionotus,0.01086,3.0005,6,TL,4,38.1,Triglidae,Perciformes/Scorpaenoidei,Teleostei
Cynoscion reticulatus,Cynoscion,0.014,2.88,3,TL,7.5,60.2,Sciaenidae,Eupercaria/misc,Teleostei
Mullus argentinae,Mullus,0.00903,3.1645,6,TL,6.2,26,Mullidae,Mulliformes,Teleostei
Ophioscion strabo,Ophioscion,0.0049,3.29965,2,TL,5.4,26.2,Sciaenidae,Eupercaria/misc,Teleostei
Ophioscion typicus,Ophioscion,0.0108,2.9894,1,TL,5.7,21.8,Sciaenidae,Eupercaria/misc,Teleostei
Paralonchurus dumerilii,Paralonchurus,0.0035,3.3,1,TL,7.8,44.6,Sciaenidae,Eupercaria/misc,Teleostei
Paralonchurus goodei,Paralonchurus,0.00265,3.41005,2,TL,4,32.7,Sciaenidae,Eupercaria/misc,Teleostei
Paralonchurus petersii,Paralonchurus,0.0034,3.2361,1,TL,4.8,28.8,Sciaenidae,Eupercaria/misc,Teleostei
Stellifer chrysoleuca,Stellifer,0.0044,3.3492,1,TL,7.8,33.3,Sciaenidae,Eupercaria/misc,Teleostei
Stellifer ericymba,Stellifer,0.003,3.6,5,TL,4.2,20.1,Sciaenidae,Eupercaria/misc,Teleostei
Stellifer fuerthii,Stellifer,0.0116,2.986,1,TL,6.3,15.5,Sciaenidae,Eupercaria/misc,Teleostei
Stellifer illecebrosus,Stellifer,0.00605,3.254,2,TL,1.5,22.8,Sciaenidae,Eupercaria/misc,Teleostei
Stellifer mancorensis,Stellifer,0.0048,3.4262,1,TL,5.2,17.8,Sciaenidae,Eupercaria/misc,Teleostei
Stellifer minor,Stellifer,0.008,3.299,3,TL,6.4,35,Sciaenidae,Eupercaria/misc,Teleostei
Stellifer oscitans,Stellifer,0.0039,3.41,1,TL,4.4,21.2,Sciaenidae,Eupercaria/misc,Teleostei
Stellifer pizarroensis,Stellifer,0.0044,3.3503,1,TL,4.6,17.5,Sciaenidae,Eupercaria/misc,Teleostei
Stellifer zestocarus,Stellifer,0.0045,3.3525,1,TL,4,18.6,Sciaenidae,Eupercaria/misc,Teleostei
Umbrina xanti,Umbrina,0.0043,3.3805,1,TL,10.7,23,Sciaenidae,Eupercaria/misc,Teleostei
Pseudopercis numida,Pseudopercis,0.0141,2.9513,7,TL,38.3,103.5,Pinguipedidae,Perciformes/Uranoscopoidei,Teleostei
Corvula macrops,Corvula,0.0095,3.16,1,TL,14.7,21.4,Sciaenidae,Eupercaria/misc,Teleostei
Cynoscion squamipinnis,Cynoscion,0.0067,3.0823,1,TL,4.2,58,Sciaenidae,Eupercaria/misc,Teleostei
Elattarchus archidium,Elattarchus,0.01323,3.0115,2,TL,13.5,43.9,Sciaenidae,Eupercaria/misc,Teleostei
Pangasius bocourti,Pangasius,0.0146,2.987,1,FL,33.7,45,Pangasiidae,Siluriformes,Teleostei
Astroscopus sexspinosus,Astroscopus,0.01391,3.097,1,TL,21.2,46.3,Uranoscopidae,Perciformes/Uranoscopoidei,Teleostei
Oncopterus darwinii,Oncopterus,0.00846,3.09,1,TL,10.3,28.7,Oncopteridae,Pleuronectiformes,Teleostei
Pangasius conchophilus,Pangasius,0.00149,3.429,1,TL,18,43,Pangasiidae,Siluriformes,Teleostei
Paralichthys brasiliensis,Paralichthys,0.007185,3.145,2,TL,3.2,44,Paralichthyidae,Pleuronectiformes,Teleostei
Paralichthys patagonicus,Paralichthys,0.004765,3.184,8,TL,13.3,60,Paralichthyidae,Pleuronectiformes,Teleostei
Centroberyx affinis,Centroberyx,0.08145,2.65455,2,FL,11,34,Berycidae,Beryciformes,Teleostei
Centroberyx gerrardi,Centroberyx,0.06536,2.5978,3,TL,,,Berycidae,Beryciformes,Teleostei
Centroberyx lineatus,Centroberyx,0.17744,2.1331,3,TL,,,Berycidae,Beryciformes,Teleostei
Cyttus australis,Cyttus,0.0278,2.8106,1,TL,11,47,Cyttidae,Zeiformes,Teleostei
Peprilus medius,Peprilus,0.0172,3.073,3,TL,3.5,31.6,Stromateidae,Scombriformes,Teleostei
Zapteryx brevirostris,Zapteryx,0.01186,2.708,3,TL,31,59.3,Trygonorrhinidae,Rhinopristiformes,Elasmobranchii
Peprilus snyderi,Peprilus,0.01095,3.19,2,TL,9.5,27.6,Stromateidae,Scombriformes,Teleostei
Synodus evermanni,Synodus,0.01625,2.814,2,TL,9.3,47.2,Synodontidae,Aulopiformes,Teleostei
Pangasianodon hypophthalmus,Pangasianodon,0.006,3.023,5,TL,16,91.5,Pangasiidae,Siluriformes,Teleostei
Synodus scituliceps,Synodus,0.00585,3.034,4,TL,6.7,51,Synodontidae,Aulopiformes,Teleostei
Synodus sechurae,Synodus,0.00925,2.8695,2,TL,2.3,47.6,Synodontidae,Aulopiformes,Teleostei
Canthigaster punctatissima,Canthigaster,0.0323,2.953,1,TL,1.5,8.41,Tetraodontidae,Tetraodontiformes,Teleostei
Guentheridia formosa,Guentheridia,0.029,3,2,SL,11.4,,Tetraodontidae,Tetraodontiformes,Teleostei
Brycon falcatus,Brycon,0.0389,2.885,5,SL,7.8,74.9,Bryconidae,Characiformes,Teleostei
Sphoeroides sechurae,Sphoeroides,0.0257,2.8715,2,TL,4.5,18.1,Tetraodontidae,Tetraodontiformes,Teleostei
Pangasius macronema,Pangasius,0.0186,2.759,3,TL,12,22.8,Pangasiidae,Siluriformes,Teleostei
Pangasius nasutus,Pangasius,0.0045,3.16,1,TL,21.1,72.4,Pangasiidae,Siluriformes,Teleostei
Pseudolais pleurotaenia,Pseudolais,0.0137,2.758,1,TL,7.2,27,Pangasiidae,Siluriformes,Teleostei
Scorpaena russula,Scorpaena,0.0269,2.772,2,TL,5,15,Scorpaenidae,Perciformes/Scorpaenoidei,Teleostei
Helicophagus waandersii,Helicophagus,0.00078,3.549,1,TL,23.7,45,Pangasiidae,Siluriformes,Teleostei
Diplectrum eumelum,Diplectrum,0.0067,3.25,1,TL,5.9,17.9,Serranidae,Perciformes/Serranoidei,Teleostei
Diplectrum euryplectrum,Diplectrum,0.011,3.05,1,TL,5.6,16.9,Serranidae,Perciformes/Serranoidei,Teleostei
Diplectrum labarum,Diplectrum,0.01355,2.9645,2,TL,1,27.5,Serranidae,Perciformes/Serranoidei,Teleostei
Diplectrum maximum,Diplectrum,0.006,3.301,1,TL,14,19.5,Serranidae,Perciformes/Serranoidei,Teleostei
Diplectrum rostrum,Diplectrum,0.009,3.1,1,TL,6.8,19.5,Serranidae,Perciformes/Serranoidei,Teleostei
Paralabrax auroguttatus,Paralabrax,0.0193,3.0395,2,SL,13.7,60,Serranidae,Perciformes/Serranoidei,Teleostei
Paralabrax loro,Paralabrax,0.009,3.119,1,TL,9.8,22,Serranidae,Perciformes/Serranoidei,Teleostei
Diplectrum macropoma,Diplectrum,0.0043,3.3805,1,TL,10.7,23,Serranidae,Perciformes/Serranoidei,Teleostei
Diplectrum pacificum,Diplectrum,0.00488,3.387,3,TL,7,34,Serranidae,Perciformes/Serranoidei,Teleostei
Bellator gymnostethus,Bellator,0.0346,2.9085,2,SL,5,14,Triglidae,Perciformes/Scorpaenoidei,Teleostei
Prionotus albirostris,Prionotus,0.0189,3.049,1,SL,2.5,20.5,Triglidae,Perciformes/Scorpaenoidei,Teleostei
Prionotus birostratus,Prionotus,0.01275,3,2,SL,12.7,,Triglidae,Perciformes/Scorpaenoidei,Teleostei
Prionotus horrens,Prionotus,0.026,3,2,SL,6.9,,Triglidae,Perciformes/Scorpaenoidei,Teleostei
Prionotus ruscarius,Prionotus,0.0218,2.849,2,TL,6,39.6,Triglidae,Perciformes/Scorpaenoidei,Teleostei
Astroscopus zephyreus,Astroscopus,0.02825,3,2,SL,14.6,,Uranoscopidae,Perciformes/Uranoscopoidei,Teleostei
Pseudochromis tapeinosoma,Pseudochromis,0.02026,3,2,SL,5,5,Pseudochromidae,Ovalentaria/misc,Teleostei
Psenopsis cyanea,Psenopsis,0.0135,3.1305,4,TL,7.7,23.5,Centrolophidae,Scombriformes,Teleostei
Thunnus orientalis,Thunnus,0.0166,3,1,FL,228.5,228.5,Scombridae,Scombriformes,Teleostei
Hirundichthys coromandelensis,Hirundichthys,0.0459,2.465,2,FL,,,Exocoetidae,Beloniformes,Teleostei
Gerres limbatus,Gerres,0.0181,3.0605,2,SL,2.8,13,Gerreidae,Eupercaria/misc,Teleostei
Chaetodon lunulatus,Chaetodon,0.24099,2.099,1,TL,7.5,26.7,Chaetodontidae,Acanthuriformes,Teleostei
Hemiramphus archipelagicus,Hemiramphus,0.00636,2.903,1,TL,16,34,Hemiramphidae,Beloniformes,Teleostei
Helicolenus percoides,Helicolenus,0.0429,2.834,2,FL,9,36.5,Sebastidae,Perciformes/Scorpaenoidei,Teleostei
Neosebastes pandus,Neosebastes,21.51365,1.00255,2,TL,,,Neosebastidae,Perciformes/Scorpaenoidei,Teleostei
Scorpaena papillosa,Scorpaena,0.00913,3.137,1,TL,2.3,19.6,Scorpaenidae,Perciformes/Scorpaenoidei,Teleostei
Parascombrops spinosus,Parascombrops,0.0121,2.985,5,TL,3.6,14.4,Synagropidae,Acropomatiformes,Teleostei
Platycephalus grandispinis,Platycephalus,0.00247,3.3935,1,TL,,,Platycephalidae,Perciformes/Scorpaenoidei,Teleostei
Iniistius bimaculatus,Iniistius,0.0105,3.15535,2,TL,10,22.1,Labridae,Eupercaria/misc,Teleostei
Stephanolepis diaspros,Stephanolepis,0.0164,3.03,7,TL,4,21.1,Monacanthidae,Tetraodontiformes,Teleostei
Hoplichthys haswelli,Hoplichthys,0.0017,3.3752,1,TL,20,46,Hoplichthyidae,Perciformes/Scorpaenoidei,Teleostei
Caesioperca lepidoptera,Caesioperca,0.0978,2.643,1,TL,16,28,Anthiadidae,Perciformes/Serranoidei,Teleostei
Lepidoperca pulchella,Lepidoperca,0.0571,2.6671,1,FL,11,26,Anthiadidae,Perciformes/Serranoidei,Teleostei
Othos dentex,Othos,0.03376,2.7502,3,TL,,,Anthiadidae,Perciformes/Serranoidei,Teleostei
Epigonus lenimen,Epigonus,0.00948,3.27,1,SL,8.5,22,Epigonidae,Acropomatiformes,Teleostei
Scarus ferrugineus,Scarus,0.02,3,5,TL,23.5,39.5,Scaridae,Eupercaria/misc,Teleostei
Scorpis aequipinnis,Scorpis,0.0297,2.8006,3,TL,,,Scorpididae,Centrarchiformes,Teleostei
Solea ovata,Solea,0.09,2.18,1,TL,4.2,8.6,Soleidae,Pleuronectiformes,Teleostei
Solea elongata,Solea,0.014,2.991,1,TL,5,18.3,Soleidae,Pleuronectiformes,Teleostei
Synaptura commersonnii,Synaptura,0.0133,3.075,1,TL,12.9,36,Soleidae,Pleuronectiformes,Teleostei
Pagellus affinis,Pagellus,0.0385,2.8785,2,TL,6.8,43.7,Sparidae,Eupercaria/misc,Teleostei
Nemadactylus valenciennesi,Nemadactylus,0.02646,2.7892,3,TL,,,Latridae,Centrarchiformes,Teleostei
Latris lineata,Latris,0.0158,3.045,2,FL,23,74,Latridae,Centrarchiformes,Teleostei
Serranus atricauda,Serranus,0.0066,3.211,4,TL,11.6,43.2,Serranidae,Perciformes/Serranoidei,Teleostei
Serranus hepatus,Serranus,0.0151,3.0153,30,TL,1.7,20,Serranidae,Perciformes/Serranoidei,Teleostei
Achoerodus gouldii,Achoerodus,0.017365,3.0458,4,TL,,,Labridae,Eupercaria/misc,Teleostei
Notolabrus fucicola,Notolabrus,0.00781,3.161,1,TL,6.5,37.2,Labridae,Eupercaria/misc,Teleostei
Onychostoma gerlachi,Onychostoma,0.00838,3.069,3,TL,1.05,34,Cyprinidae,Cypriniformes,Teleostei
Ptychidio jordani,Ptychidio,0.0061,3.389,3,TL,5,37,Cyprinidae,Cypriniformes,Teleostei
Rectoris posehensis,Rectoris,0.0068,3.245,2,SL,7,23,Cyprinidae,Cypriniformes,Teleostei
Semilabeo notabilis,Semilabeo,0.00436,3.29,1,TL,12.9,20.8,Cyprinidae,Cypriniformes,Teleostei
Garra orientalis,Garra,0.01132,3.192,3,TL,4.6,20,Cyprinidae,Cypriniformes,Teleostei
Schizothorax wangchiachii,Schizothorax,0.0125,3.01,4,SL,3.6,57.5,Cyprinidae,Cypriniformes,Teleostei
Schizothorax kozlovi,Schizothorax,0.0236,2.81,3,SL,3.7,52.8,Cyprinidae,Cypriniformes,Teleostei
Schizopygopsis pylzovi,Schizopygopsis,0.00945,3.2039,2,SL,4.6,33,Cyprinidae,Cypriniformes,Teleostei
Platypharodon extremus,Platypharodon,0.013,3.12,1,SL,8.54,14.5,Cyprinidae,Cypriniformes,Teleostei
Cyprinus multitaeniatus,Cyprinus,0.02041,2.9,1,TL,21.8,42,Cyprinidae,Cypriniformes,Teleostei
Cyprinus longipectoralis,Cyprinus,0.00548,3.36,1,TL,6.7,11.8,Cyprinidae,Cypriniformes,Teleostei
Hemibagrus guttatus,Hemibagrus,0.0112,2.98,3,SL,6,73.1,Bagridae,Siluriformes,Teleostei
Bostrychus sinensis,Bostrychus,0.014295,3.102,2,SL,6.9,18,Butidae,Gobiiformes,Teleostei
Acrossocheilus yunnanensis,Acrossocheilus,0.0149,3.08,3,SL,2.6,28.1,Cyprinidae,Cypriniformes,Teleostei
Misgurnus mizolepis,Misgurnus,0.008,2.87,1,TL,7.5,13.5,Cobitidae,Cypriniformes,Teleostei
Pterocryptis cochinchinensis,Pterocryptis,0.00648,2.98,1,TL,6.3,40.1,Siluridae,Siluriformes,Teleostei
Cyclocheilichthys enoplos,Cyclocheilichthys,0.0087,2.993,3,TL,4,50,Cyprinidae,Cypriniformes,Teleostei
Strongylura urvillii,Strongylura,0.000525,3.329255,2,FL,29,73.5,Belonidae,Beloniformes,Teleostei
Phalacronotus bleekeri,Phalacronotus,0.0112,2.994,2,TL,8,53,Siluridae,Siluriformes,Teleostei
Tylosurus punctulatus,Tylosurus,0.002,2.9,1,TL,44,59.5,Belonidae,Beloniformes,Teleostei
Knipowitschia caucasica,Knipowitschia,0.01035,2.97,6,TL,2.2,4.3,Gobiidae,Gobiiformes,Teleostei
Datnioides microlepis,Datnioides,0.0148,3.171,1,TL,6,55,Lobotidae,Acanthuriformes,Teleostei
Puntioplites bulu,Puntioplites,0.01135,3.025,2,TL,10.5,44.3,Cyprinidae,Cypriniformes,Teleostei
Meuschenia freycineti,Meuschenia,0.034175,2.7546,2,TL,,,Monacanthidae,Tetraodontiformes,Teleostei
Meuschenia galii,Meuschenia,0.006405,3.2651,2,TL,,,Monacanthidae,Tetraodontiformes,Teleostei
Meuschenia hippocrepis,Meuschenia,0.24212,2.25175,2,TL,,,Monacanthidae,Tetraodontiformes,Teleostei
Nelusetta ayraud,Nelusetta,0.0193,2.808,1,TL,9,67,Monacanthidae,Tetraodontiformes,Teleostei
Cyttus novaezealandiae,Cyttus,0.0231,3,2,SL,23,,Cyttidae,Zeiformes,Teleostei
Paraplesiops meleagris,Paraplesiops,0.02547,2.8705,2,TL,,,Plesiopidae,Ovalentaria/misc,Teleostei
Acanthopagrus butcheri,Acanthopagrus,0.0115,3.09,11,TL,,,Sparidae,Eupercaria/misc,Teleostei
Arripis truttacea,Arripis,0.01369,2.9303,3,TL,,,Arripidae,Scombriformes,Teleostei
Scorpis georgiana,Scorpis,0.02325,2.94085,2,TL,,,Scorpididae,Centrarchiformes,Teleostei
Arripis trutta,Arripis,0.0035,2.81,3,FL,,,Arripidae,Scombriformes,Teleostei
Stellifer naso,Stellifer,0.01636,2.873,4,TL,1.4,20,Sciaenidae,Eupercaria/misc,Teleostei
Stellifer stellifer,Stellifer,0.005975,3.2325,16,TL,1.6,21,Sciaenidae,Eupercaria/misc,Teleostei
Merluccius peruanus,Merluccius,0.0079,3,2,TL,,,Merlucciidae,Gadiformes,Teleostei
Datnioides polota,Datnioides,0.01895,3.018,2,TL,4.4,22.8,Lobotidae,Acanthuriformes,Teleostei
Mugil trichodon,Mugil,0.0208,2.8975,4,FL,1.4,28,Mugilidae,Mugiliformes,Teleostei
Abramites eques,Abramites,0.017,3.069,1,SL,9.1,18.5,Anostomidae,Characiformes,Teleostei
Amniataba percoides,Amniataba,0.0189,2.937,1,TL,3.3,13.5,Terapontidae,Centrarchiformes,Teleostei
Bidyanus welchi,Bidyanus,0.0064,3.336,1,TL,6.2,36,Terapontidae,Centrarchiformes,Teleostei
Helotes sexlineatus,Helotes,0.00585,3.1654,3,TL,,,Terapontidae,Centrarchiformes,Teleostei
Scortum barcoo,Scortum,0.0093,3.233,1,TL,6.2,17.5,Terapontidae,Centrarchiformes,Teleostei
Glaucosoma hebraicum,Glaucosoma,0.02107,2.9435,3,TL,,,Glaucosomatidae,Acropomatiformes,Teleostei
Branchiostegus serratus,Branchiostegus,0.0093,3.0662,1,TL,15,32,Latilidae,Eupercaria/misc,Teleostei
Aporops bilinearis,Aporops,0.03067,3,2,SL,8,8,Grammistidae,Perciformes/Serranoidei,Teleostei
Atherinomorus insularum,Atherinomorus,0.0197,3.34,1,FL,3.7,9.8,Atherinidae,Atheriniformes,Teleostei
Acanthistius serratus,Acanthistius,0.039,2.7781,1,TL,,,Anthiadidae,Perciformes/Serranoidei,Teleostei
Epinephelides armatus,Epinephelides,0.01125,3.0969,3,TL,,,Anthiadidae,Perciformes/Serranoidei,Teleostei
Hoplichthys citrinus,Hoplichthys,0.005175,3,2,SL,21.5,21.5,Hoplichthyidae,Perciformes/Scorpaenoidei,Teleostei
Nemipterus aurora,Nemipterus,0.03,2.71,1,TL,13.8,27.8,Nemipteridae,Eupercaria/misc,Teleostei
Cymbacephalus staigeri,Cymbacephalus,0.00412,3.205,1,TL,19.5,52,Platycephalidae,Perciformes/Scorpaenoidei,Teleostei
Boesemania microlepis,Boesemania,0.0153,3,1,TL,77,77,Sciaenidae,Eupercaria/misc,Teleostei
Johnius carouna,Johnius,0.0067,3.1481,1,TL,8.4,14.7,Sciaenidae,Eupercaria/misc,Teleostei
Johnius heterolepis,Johnius,0.0059,3.2251,1,TL,,,Sciaenidae,Eupercaria/misc,Teleostei
Pterygotrigla macrorhynchus,Pterygotrigla,9e-04,3.5552,1,TL,11,21,Triglidae,Perciformes/Scorpaenoidei,Teleostei
Johnius macrorhynus,Johnius,0.008115,3.0495,2,TL,13,29.6,Sciaenidae,Eupercaria/misc,Teleostei
Johnius trewavasae,Johnius,0.0061,3.227,1,TL,2.8,22,Sciaenidae,Eupercaria/misc,Teleostei
Johnius borneensis,Johnius,0.00272,3.279,4,TL,2.2,26.7,Sciaenidae,Eupercaria/misc,Teleostei
Pseudorhombus tenuirastrum,Pseudorhombus,0.0043,3.1769,1,TL,14,31,Paralichthyidae,Pleuronectiformes,Teleostei
Planiliza affinis,Planiliza,0.01143,2.9315,2,SL,3.8,39.4,Mugilidae,Mugiliformes,Teleostei
Ophioblennius macclurei,Ophioblennius,0.0324,2.379,1,TL,4.4,8.2,Blenniidae,Blenniiformes,Teleostei
Caulolatilus williamsi,Caulolatilus,0.0126,3,1,TL,47,47,Latilidae,Eupercaria/misc,Teleostei
Lopholatilus villarii,Lopholatilus,0.00566,3.209,13,TL,23,106.4,Latilidae,Eupercaria/misc,Teleostei
Aptychotrema rostrata,Aptychotrema,0.0024,3.0595,3,TL,21,103,Trygonorrhinidae,Rhinopristiformes,Elasmobranchii
Hemitrygon bennettii,Hemitrygon,0.01,3.365,12,TL,10.8,154.10001,Dasyatidae,Myliobatiformes,Elasmobranchii
Okamejei boesemani,Okamejei,0.0104,3.162,1,OT,,,Rajidae,Rajiformes,Elasmobranchii
Okamejei kenojei,Okamejei,0.00305,3.2235,2,TL,15.5,57,Rajidae,Rajiformes,Elasmobranchii
Pterapogon kauderni,Pterapogon,0.13465,2.4005,2,SL,1,6.1,Apogonidae,Kurtiformes,Teleostei
Urolophus bucculentus,Urolophus,0.00645,3.171,2,TL,,,Urolophidae,Myliobatiformes,Elasmobranchii
Urolophus viridis,Urolophus,0.0363,2.868,4,TL,16.3,50.8,Urolophidae,Myliobatiformes,Elasmobranchii
Lycenchelys kolthoffi,Lycenchelys,0.00252,2.901,1,TL,11,21,Zoarcidae,Perciformes/Zoarcoidei,Teleostei
Lycodes squamiventer,Lycodes,0.0071,2.81205,2,TL,9,24,Zoarcidae,Perciformes/Zoarcoidei,Teleostei
Maculabatis gerrardi,Maculabatis,0.0361,2.957,9,OT,16,80,Dasyatidae,Myliobatiformes,Elasmobranchii
Brevitrygon walga,Brevitrygon,0.0187,3.14,15,OT,4.9,46.4,Dasyatidae,Myliobatiformes,Elasmobranchii
Careproctus reinhardti,Careproctus,0.02067,2.98845,4,NG,13.5,18,Liparidae,Perciformes/Cottoidei,Teleostei
Arnoglossus tenuis,Arnoglossus,0.0205,2.63,1,SL,4.3,10.2,Bothidae,Pleuronectiformes,Teleostei
Hypoatherina valenciennei,Hypoatherina,0.03275,2.8065,2,SL,5,10,Atherinidae,Atheriniformes,Teleostei
Lycenchelys sarsii,Lycenchelys,0.0043,2.666,1,TL,,,Zoarcidae,Perciformes/Zoarcoidei,Teleostei
Hoplostethus occidentalis,Hoplostethus,0.01006,3.17,1,TL,5.2,14.2,Trachichthyidae,Trachichthyiformes,Teleostei
Caulolatilus dooleyi,Caulolatilus,0.01054,3,1,TL,32.2,32.2,Latilidae,Eupercaria/misc,Teleostei
Lycodes vahlii,Lycodes,0.00236,3.167,3,TL,,,Zoarcidae,Perciformes/Zoarcoidei,Teleostei
Salmostoma bacaila,Salmostoma,0.00858,2.816,4,TL,2,15.7,Danionidae,Cypriniformes,Teleostei
Acentrogobius viridipunctatus,Acentrogobius,0.0092,3.164,3,TL,2.34,13.75,Gobiidae,Gobiiformes,Teleostei
Gymnogobius castaneus,Gymnogobius,0.01321,3,1,TL,4.6,5.2,Gobiidae,Gobiiformes,Teleostei
Moringua javanica,Moringua,2e-04,3,1,TL,39.1,,Moringuidae,Anguilliformes,Teleostei
Narcetes lloydi,Narcetes,0.0044,3.2028,1,TL,9.4,23.3,Alepocephalidae,Alepocephaliformes,Teleostei
Leucopsarion petersii,Leucopsarion,0.0061,2.79,1,TL,4.4,5.8,Gobiidae,Gobiiformes,Teleostei
Oxuderces dentatus,Oxuderces,0.006,2.7181,1,TL,4,8,Oxudercidae,Gobiiformes,Teleostei
Rhinogobius giurinus,Rhinogobius,0.00722,3.21,9,TL,1.6,12.1,Gobiidae,Gobiiformes,Teleostei
Lycodes frigidus,Lycodes,0.0019,3.321,1,TL,11,56,Zoarcidae,Perciformes/Zoarcoidei,Teleostei
Amblychaeturichthys hexanema,Amblychaeturichthys,0.005505,3.035,6,TL,2.8,17.4,Gobiidae,Gobiiformes,Teleostei
Amblychaeturichthys sciistius,Amblychaeturichthys,0.0061,3.115,1,TL,4.1,9.2,Gobiidae,Gobiiformes,Teleostei
Boleophthalmus pectinirostris,Boleophthalmus,0.01055,2.87235,10,TL,5,22,Oxudercidae,Gobiiformes,Teleostei
Gymnogobius heptacanthus,Gymnogobius,0.01139,2.692,1,TL,5.1,6.1,Gobiidae,Gobiiformes,Teleostei
Gymnogobius isaza,Gymnogobius,0.011,3.08,27,SL,2.8,5.9,Gobiidae,Gobiiformes,Teleostei
Gymnogobius urotaenia,Gymnogobius,0.010025,3.06,2,TL,5.7,10.3,Gobiidae,Gobiiformes,Teleostei
Eleotris oxycephala,Eleotris,0.01345,3.0735,2,TL,6.4,19,Eleotridae,Gobiiformes,Teleostei
Odontobutis obscurus,Odontobutis,0.01093,3.125,4,TL,3.9,19,Odontobutidae,Gobiiformes,Teleostei
Tridentiger obscurus,Tridentiger,0.017165,3.04,2,TL,3.2,10.4,Gobiidae,Gobiiformes,Teleostei
Johnius distinctus,Johnius,0.02335,2.99,2,SL,3.3,18.6,Sciaenidae,Eupercaria/misc,Teleostei
Panna heterolepis,Panna,0.0133,2.8,5,TL,8,29.5,Sciaenidae,Eupercaria/misc,Teleostei
Johnius grypotus,Johnius,0.008,3.061,1,TL,3.7,20.8,Sciaenidae,Eupercaria/misc,Teleostei
Gymnorhamphichthys hypostomus,Gymnorhamphichthys,0.0053,2.52,1,SL,5.1,10.2,Rhamphichthyidae,Gymnotiformes,Teleostei
Hemibagrus wyckii,Hemibagrus,0.008685,2.9505,2,TL,5,67,Bagridae,Siluriformes,Teleostei
Luciosoma setigerum,Luciosoma,0.00882,2.86,1,TL,13.4,21.1,Danionidae,Cypriniformes,Teleostei
Mystacoleucus marginatus,Mystacoleucus,0.0127,2.9845,3,TL,5.2,17,Cyprinidae,Cypriniformes,Teleostei
Cyclocheilichthys armatus,Cyclocheilichthys,0.0164,3.3625,2,SL,3.3,18.9,Cyprinidae,Cypriniformes,Teleostei
Anematichthys repasson,Anematichthys,0.0091,3.1325,4,TL,4,19.2,Cyprinidae,Cypriniformes,Teleostei
Osteochilus melanopleura,Osteochilus,0.00824,3.15895,4,TL,5,39.5,Cyprinidae,Cypriniformes,Teleostei
Pao leiurus,Pao,0.04055,2.812,1,TL,4,14,Tetraodontidae,Tetraodontiformes,Teleostei
Channa lucius,Channa,0.00748,3.079,2,TL,5,53,Channidae,Anabantiformes,Teleostei
Kryptopterus cryptopterus,Kryptopterus,0.0041,3.1015,2,TL,8,24,Siluridae,Siluriformes,Teleostei
Phalacronotus apogon,Phalacronotus,0.01537,2.755,2,TL,7.1,29.1,Siluridae,Siluriformes,Teleostei
Laides hexanema,Laides,0.00701,3.09,3,TL,6,15.8,Ailiidae,Siluriformes,Teleostei
Parambassis siamensis,Parambassis,0.0169,3.412,1,SL,1.2,7.5,Ambassidae,Ovalentaria/misc,Teleostei
Esomus metallicus,Esomus,0.0139,2.8247,1,TL,3.98,8.02,Danionidae,Cypriniformes,Teleostei
Hampala dispar,Hampala,0.016,2.912,3,TL,4,21,Cyprinidae,Cypriniformes,Teleostei
Puntioplites proctozystron,Puntioplites,0.00867,3.15,3,TL,5,25.8,Cyprinidae,Cypriniformes,Teleostei
Thynnichthys thynnoides,Thynnichthys,0.00727,3.075,4,TL,8.5,22.8,Cyprinidae,Cypriniformes,Teleostei
Incisilabeo behri,Incisilabeo,0.00909,3.114,1,TL,15.9,55,Cyprinidae,Cypriniformes,Teleostei
Mekongina erythrospila,Mekongina,0.01601,2.847,1,TL,18.7,32.6,Cyprinidae,Cypriniformes,Teleostei
Parambassis wolffii,Parambassis,0.0205,2.801,1,TL,4,10,Ambassidae,Ovalentaria/misc,Teleostei
Hymenogadus gracilis,Hymenogadus,4e-04,3.602,1,TL,13.4,39.6,Macrouridae,Gadiformes,Teleostei
Gobius fallax,Gobius,0.011,2.924,1,SL,3.9,8.5,Gobiidae,Gobiiformes,Teleostei
Gobius geniporus,Gobius,0.005,3.255,1,TL,3.6,16.5,Gobiidae,Gobiiformes,Teleostei
Hygophum taaningi,Hygophum,0.01655,2.9465,2,SL,1.2,6.6,Myctophidae,Myctophiformes,Teleostei
Lipophrys trigloides,Lipophrys,0.0051,3.45,1,TL,4.3,8.3,Blenniidae,Blenniiformes,Teleostei
Mesogobius batrachocephalus,Mesogobius,0.024,2.736,2,TL,5.5,18,Gobiidae,Gobiiformes,Teleostei
Babka gymnotrachelus,Babka,0.0093,3.075,2,TL,5.8,9.1,Gobiidae,Gobiiformes,Teleostei
Oedalechilus labeo,Oedalechilus,0.01075,2.9945,4,TL,2.5,24.4,Mugilidae,Mugiliformes,Teleostei
Parablennius incognitus,Parablennius,0.0103,3.06,1,TL,2.2,8,Blenniidae,Blenniiformes,Teleostei
Parablennius ruber,Parablennius,0.011,2.963,1,TL,,,Blenniidae,Blenniiformes,Teleostei
Pteraclis carolinus,Pteraclis,0.0011,3.609,1,TL,,,Bramidae,Scombriformes,Teleostei
Centrolabrus melanocercus,Centrolabrus,0.01431,3,4,TL,2,9.4,Labridae,Eupercaria/misc,Teleostei
Zebrus zebrus,Zebrus,0.0114,3.007,1,TL,1.5,5.5,Gobiidae,Gobiiformes,Teleostei
Deltentosteus quadrimaculatus,Deltentosteus,0.004,3.368,7,TL,4.3,10.3,Gobiidae,Gobiiformes,Teleostei
Cynoglossus sinusarabici,Cynoglossus,0.0239,2.52,5,TL,4.5,18.2,Cynoglossidae,Pleuronectiformes,Teleostei
Lestidiops affinis,Lestidiops,0.00089,3.2505,2,SL,4.1,9.6,Paralepididae,Aulopiformes,Teleostei
Malacoctenus gilli,Malacoctenus,0.01505,3,2,SL,4.9,,Labrisomidae,Blenniiformes,Teleostei
Melamphaes lugubris,Melamphaes,0.01635,3,2,SL,5.8,,Melamphaidae,Beryciformes,Teleostei
Stemonosudis intermedia,Stemonosudis,0.0068,3,1,TL,,,Paralepididae,Aulopiformes,Teleostei
Diaphus vanhoeffeni,Diaphus,0.0213,2.744,1,SL,1.4,3.6,Myctophidae,Myctophiformes,Teleostei
Hygophum macrochir,Hygophum,0.0111,3.244,1,SL,1.3,5.7,Myctophidae,Myctophiformes,Teleostei
Opsanus phobetron,Opsanus,0.0246,2.67,1,TL,5,12,Batrachoididae,Batrachoidiformes,Teleostei
Lampanyctus isaacsi,Lampanyctus,0.0038,3.248,1,SL,2.3,15.8,Myctophidae,Myctophiformes,Teleostei
Polyipnus indicus,Polyipnus,0.0589,2.19,1,TL,4.4,7.5,Sternoptychidae,Stomiiformes,Teleostei
Coccorella atlantica,Coccorella,0.0096,3.009,1,TL,,,Evermannellidae,Aulopiformes,Teleostei
Diaphus fulgens,Diaphus,0.0125,3,2,SL,4.9,,Myctophidae,Myctophiformes,Teleostei
Coryphaenoides striaturus,Coryphaenoides,0.174,2.98,1,OT,5,17,Macrouridae,Gadiformes,Teleostei
Carapus mourlani,Carapus,0.00144,3,1,TL,21,21,Carapidae,Ophidiiformes,Teleostei
Hyporhamphus neglectus,Hyporhamphus,0.007,2.86,1,TL,26.7,38.7,Hemiramphidae,Beloniformes,Teleostei
Cocotropus monacanthus,Cocotropus,0.025855,3,2,SL,13.1,13.1,Aploactinidae,Perciformes/Scorpaenoidei,Teleostei
Sphyraena chrysotaenia,Sphyraena,0.0061,3.038,7,TL,11,32.2,Sphyraenidae,Carangaria/misc,Teleostei
Zenarchopterus buffonis,Zenarchopterus,0.00601,3.094,1,SL,5.6,13.1,Zenarchopteridae,Beloniformes,Teleostei
Coryphaenoides carapinus,Coryphaenoides,0.186,3.461,1,OT,,,Macrouridae,Gadiformes,Teleostei
Coryphaenoides leptolepis,Coryphaenoides,0.394,2.998,1,OT,,,Macrouridae,Gadiformes,Teleostei
Cynoglossus semifasciatus,Cynoglossus,0.00945,3,2,SL,10.5,,Cynoglossidae,Pleuronectiformes,Teleostei
Cynoglossus semilaevis,Cynoglossus,0.0049,3.08,2,TL,18.7,61.1,Cynoglossidae,Pleuronectiformes,Teleostei
Cynoglossus gracilis,Cynoglossus,0.00175,3.308,2,TL,6.7,31.3,Cynoglossidae,Pleuronectiformes,Teleostei
Melamphaes polylepis,Melamphaes,0.0184,3.043,2,SL,3.6,7.9,Melamphaidae,Beryciformes,Teleostei
Melamphaes typhlops,Melamphaes,0.0167,3.184,1,SL,3.4,7.7,Melamphaidae,Beryciformes,Teleostei
Myripristis tiki,Myripristis,0.0354,3,2,SL,12.3,,Holocentridae,Holocentriformes,Teleostei
Myripristis woodsi,Myripristis,0.03712,2.905,4,FL,14.2,24.7,Holocentridae,Holocentriformes,Teleostei
Lethenteron reissneri,Lethenteron,0.002115,2.749,2,TL,3.9,25.8,Petromyzontidae,Petromyzontiformes,Petromyzonti
Misgurnus dabryanus,Misgurnus,0.00639,3.006,4,TL,4.4,21.5,Cobitidae,Cypriniformes,Teleostei
Scorpaena loppei,Scorpaena,0.00945,3.319,2,TL,5.5,12.8,Scorpaenidae,Perciformes/Scorpaenoidei,Teleostei
Argyrosomus inodorus,Argyrosomus,0.007835,3.055,2,TL,,,Sciaenidae,Eupercaria/misc,Teleostei
Trachyscorpia echinata,Trachyscorpia,0.0169,3.012,1,TL,6.3,56.9,Sebastidae,Perciformes/Scorpaenoidei,Teleostei
Sinibrama macrops,Sinibrama,0.0052,3.177,5,TL,6.2,25.3,Xenocyprididae,Cypriniformes,Teleostei
Acrossocheilus paradoxus,Acrossocheilus,0.01135,2.97,1,TL,9.2,22.5,Cyprinidae,Cypriniformes,Teleostei
Onychostoma barbatulum,Onychostoma,0.007,3.16,1,TL,5.2,22.5,Cyprinidae,Cypriniformes,Teleostei
Carassius cuvieri,Carassius,0.0195,3,3,TL,7.1,41,Cyprinidae,Cypriniformes,Teleostei
Hemibarbus labeo,Hemibarbus,0.00755,3.042,12,TL,3.2,67,Gobionidae,Cypriniformes,Teleostei
Opsariichthys pachycephalus,Opsariichthys,0.00062,2.6815,2,SL,6.7,13.7,Xenocyprididae,Cypriniformes,Teleostei
Distoechodon tumirostris,Distoechodon,0.0256,2.849,1,SL,5.7,15.8,Xenocyprididae,Cypriniformes,Teleostei
Tachysurus adiposalis,Tachysurus,0.01615,2.7595,2,SL,4.8,22.3,Bagridae,Siluriformes,Teleostei
Albulichthys albuloides,Albulichthys,0.01054,2.95,1,TL,6,14,Cyprinidae,Cypriniformes,Teleostei
Barbonymus collingwoodii,Barbonymus,0.0396,2.907,1,SL,5.5,14.2,Cyprinidae,Cypriniformes,Teleostei
Eumegistus brevorti,Eumegistus,0.0135,3,1,FL,61,61,Bramidae,Scombriformes,Teleostei
Crossocheilus cobitis,Crossocheilus,0.00655,2.65,1,SL,5.2,11.4,Cyprinidae,Cypriniformes,Teleostei
Platyberyx opalescens,Platyberyx,0.0603,2.855,1,SL,2.2,13.9,Caristiidae,Scombriformes,Teleostei
Lobocheilos bo,Lobocheilos,0.00908,3.158,1,SL,5.2,14.9,Cyprinidae,Cypriniformes,Teleostei
Luciosoma pellegrinii,Luciosoma,0.00619,2.652,1,SL,8.2,15,Danionidae,Cypriniformes,Teleostei
Osteochilus microcephalus,Osteochilus,0.0226,3.022,1,SL,5.6,14.1,Cyprinidae,Cypriniformes,Teleostei
Osteochilus waandersii,Osteochilus,0.00751,3.12,1,TL,9.3,27.6,Cyprinidae,Cypriniformes,Teleostei
Atrosalarias fuscus,Atrosalarias,0.01491,3.01786,1,FL,3.6,10.2,Blenniidae,Blenniiformes,Teleostei
Acanthogobius ommaturus,Acanthogobius,0.0152,2.664,3,TL,6.6,43,Gobiidae,Gobiiformes,Teleostei
Hemiculter bleekeri,Hemiculter,0.0051,3.187,6,TL,4.5,25.2,Xenocyprididae,Cypriniformes,Teleostei
Beringraja pulchra,Beringraja,0.0022,3.362,1,TL,9,23.6,Rajidae,Rajiformes,Elasmobranchii
Bathyraja isotrachys,Bathyraja,0.00251,3.225,1,TL,28,83,Arhynchobatidae,Rajiformes,Elasmobranchii
Bathyraja violacea,Bathyraja,0.005435,3.005,4,TL,17,102,Arhynchobatidae,Rajiformes,Elasmobranchii
Bathyraja matsubarai,Bathyraja,0.0052,3.071,2,TL,28,104,Arhynchobatidae,Rajiformes,Elasmobranchii
Bathyraja minispinosa,Bathyraja,0.0106,2.85,3,TL,29,78,Arhynchobatidae,Rajiformes,Elasmobranchii
Galaxias olidus,Galaxias,0.00707,2.8409,1,TL,4.4,7.65,Galaxiidae,Galaxiiformes,Teleostei
Rhynchoconger ectenurus,Rhynchoconger,0.00028,3.295,1,SL,20,63.9,Congridae,Anguilliformes,Teleostei
Osmerus dentex,Osmerus,0.00324,3.32,5,FL,3,30.5,Osmeridae,Osmeriformes,Teleostei
Neosilurus hyrtlii,Neosilurus,0.0045,3.179,1,TL,2.7,26,Plotosidae,Siluriformes,Teleostei
Salanx ariakensis,Salanx,0.00094,3.24,1,TL,9.32,14.75,Salangidae,Osmeriformes,Teleostei
Neosalangichthys ishikawae,Neosalangichthys,0.01538,2.24,1,TL,5.17,6.27,Salangidae,Osmeriformes,Teleostei
Bathylagus pacificus,Bathylagus,0.00684,3.105,4,TL,6.5,25,Bathylagidae,Argentiniformes,Teleostei
Gobiomorphus australis,Gobiomorphus,0.02069,3,1,TL,11.6,11.6,Eleotridae,Gobiiformes,Teleostei
Rhinochimaera pacifica,Rhinochimaera,0.00085,3.165,4,TL,20.9,159,Rhinochimaeridae,Chimaeriformes,Holocephali
Lesueurigobius sanzi,Lesueurigobius,0.0067,3.121,1,TL,3,12.3,Gobiidae,Gobiiformes,Teleostei
Puntius brevis,Puntius,0.02139,2.97,2,SL,4,14,Cyprinidae,Cypriniformes,Teleostei
Diptychus maculatus,Diptychus,0.002,3.46,1,TL,13.82,29.44,Cyprinidae,Cypriniformes,Teleostei
Capoetobrama kuschakewitschi,Capoetobrama,0.0055,3.108,1,TL,4.7,13.7,Leuciscidae,Cypriniformes,Teleostei
Triplophysa dorsalis,Triplophysa,0.007,3,1,TL,9.23,12.01,Nemacheilidae,Cypriniformes,Teleostei
Iskandaria kuschakewitschi,Iskandaria,0.0102,2.703,1,,9,14.6,Nemacheilidae,Cypriniformes,Teleostei
Tanakia lanceolata,Tanakia,0.0095,3.0785,6,TL,2.5,13.1,Acheilognathidae,Cypriniformes,Teleostei
Paracobitis malapterura,Paracobitis,0.00765,2.8805,12,TL,3.3,14.63,Nemacheilidae,Cypriniformes,Teleostei
Acheilognathus rhombeus,Acheilognathus,0.0095,3.107,3,TL,3.8,13.5,Acheilognathidae,Cypriniformes,Teleostei
Pungtungia herzi,Pungtungia,0.0064,3.171,4,TL,3.7,15.6,Gobionidae,Cypriniformes,Teleostei
Abbottina rivularis,Abbottina,0.0079,3.097,9,TL,2.8,18.9,Gobionidae,Cypriniformes,Teleostei
Pseudogobio esocinus,Pseudogobio,0.0053,3.122,7,TL,3.3,29.2,Gobionidae,Cypriniformes,Teleostei
Paracobitis longicauda,Paracobitis,0.0123,2.86,2,TL,3.53,17.31,Nemacheilidae,Cypriniformes,Teleostei
Hemibarbus longirostris,Hemibarbus,0.00535,3.135,4,TL,6.2,20.9,Gobionidae,Cypriniformes,Teleostei
Sabanejewia aurata,Sabanejewia,0.009495,2.4755,2,TL,6.3,11.5,Cobitidae,Cypriniformes,Teleostei
Squalidus gracilis,Squalidus,0.0064,3.08,9,TL,4.5,15.6,Gobionidae,Cypriniformes,Teleostei
Squalidus japonicus,Squalidus,0.0064,3.166,3,TL,4,11.3,Gobionidae,Cypriniformes,Teleostei
Opsariichthys uncirostris,Opsariichthys,0.00535,3.1055,10,TL,2.7,44.4,Xenocyprididae,Cypriniformes,Teleostei
Gymnodiptychus dybowskii,Gymnodiptychus,0.01,2.89,1,TL,7.71,24.07,Cyprinidae,Cypriniformes,Teleostei
Silurus lithophilus,Silurus,0.00769,3,1,TL,58,58,Siluridae,Siluriformes,Teleostei
Parhomaloptera microstoma,Parhomaloptera,0.005,3.153,1,TL,,,Gastromyzontidae,Cypriniformes,Teleostei
Tarletonbeania taylori,Tarletonbeania,0.00895,3,2,SL,5.7,,Myctophidae,Myctophiformes,Teleostei
Lampadena yaquinae,Lampadena,0.0232,2.6464,1,TL,3.9,16.9,Myctophidae,Myctophiformes,Teleostei
Acantopsis dialuzona,Acantopsis,0.011135,2.733,2,TL,7,23.5,Cobitidae,Cypriniformes,Teleostei
Ballerus sapa,Ballerus,0.0209,3.00815,2,FL,10.2,32.3,Leuciscidae,Cypriniformes,Teleostei
Cheilopogon unicolor,Cheilopogon,0.012,2.971,1,FL,,,Exocoetidae,Beloniformes,Teleostei
Cottus spinulosus,Cottus,0.0098,3.093,1,TL,3.9,10.2,Cottidae,Perciformes/Cottoidei,Teleostei
Triplophysa strauchii,Triplophysa,0.018,2.885,2,TL,5,21,Nemacheilidae,Cypriniformes,Teleostei
Hemibagrus baramensis,Hemibagrus,0.0166,2.982,1,SL,5,21,Bagridae,Siluriformes,Teleostei
Triplophysa labiata,Triplophysa,0.006,3.01,1,TL,7.42,18.34,Nemacheilidae,Cypriniformes,Teleostei
Belodontichthys dinema,Belodontichthys,0.00491,2.995,3,TL,11.5,56,Siluridae,Siluriformes,Teleostei
Rhinogobius similis,Rhinogobius,0.0055,3.194,6,TL,2.3,8.27,Gobiidae,Gobiiformes,Teleostei
Syngnathus schlegeli,Syngnathus,1e-04,3.4847,1,TL,,,Syngnathidae,Syngnathiformes,Teleostei
Lepidion schmidti,Lepidion,0.00459,3.333,3,TL,27.9,112,Moridae,Gadiformes,Teleostei
Rhinobatos annandalei,Rhinobatos,0.00135,3.18705,4,TL,24.3,89,Rhinobatidae,Rhinopristiformes,Elasmobranchii
Chagunius chagunio,Chagunius,0.00553,3.1605,2,TL,12.1,36.57,Cyprinidae,Cypriniformes,Teleostei
Mugilogobius abei,Mugilogobius,0.016,3,3,TL,1.2,5,Gobiidae,Gobiiformes,Teleostei
Cyprinion watsoni,Cyprinion,0.011,2.98,3,TL,4.6,13.4,Cyprinidae,Cypriniformes,Teleostei
Hypselobarbus kolus,Hypselobarbus,0.00965,3.128,2,SL,10.1,27,Cyprinidae,Cypriniformes,Teleostei
Lophius litulon,Lophius,0.0225,2.955,5,TL,2.5,58,Lophiidae,Lophiiformes,Teleostei
Oneirodes bulbosus,Oneirodes,0.218,2.4212,1,TL,6,23,Oneirodidae,Lophiiformes,Teleostei
Coloconger raniceps,Coloconger,0.0067,2.89,1,TL,,,Colocongridae,Anguilliformes,Teleostei
Erythrinus erythrinus,Erythrinus,0.0136,3.18,1,SL,2.7,14.5,Erythrinidae,Characiformes,Teleostei
Conger japonicus,Conger,0.0362,3,1,TL,116,130,Congridae,Anguilliformes,Teleostei
Trachyscorpia eschmeyeri,Trachyscorpia,0.0076,3.2465,1,TL,16,39,Sebastidae,Perciformes/Scorpaenoidei,Teleostei
Bagarius lica,Bagarius,0.0146,2.72,1,TL,43.9,76.9,Sisoridae,Siluriformes,Teleostei
Glyptothorax major,Glyptothorax,0.0115,2.95635,4,TL,3.2,9.2,Sisoridae,Siluriformes,Teleostei
Glyptothorax platypogonides,Glyptothorax,0.008,2.9834,1,TL,6.35,12.3,Sisoridae,Siluriformes,Teleostei
Clarias leiacanthus,Clarias,0.0192,2.75,1,TL,16.8,27.9,Clariidae,Siluriformes,Teleostei
Roeboides dayi,Roeboides,0.0192,2.9235,2,SL,2.3,12.7,Characidae,Characiformes,Teleostei
Rhamdia quelen,Rhamdia,0.01205,3.0855,22,SL,1.4,61,Heptapteridae,Siluriformes,Teleostei
Poecilia vivipara,Poecilia,0.00795,3.368,5,TL,1,7.8,Poeciliidae,Cyprinodontiformes,Teleostei
Hypoatherina tsurugae,Hypoatherina,0.0065,3.148,1,SL,6,11.9,Atherinidae,Atheriniformes,Teleostei
Lateolabrax latus,Lateolabrax,0.0222,2.852,1,TL,53,93.5,Lateolabracidae,Acropomatiformes,Teleostei
Stereolepis doederleini,Stereolepis,0.0173,3,1,TL,152,163,Stereolepididae,Acropomatiformes,Teleostei
Cryptarius truncatus,Cryptarius,0.004,3.2248,1,TL,25.1,38.3,Ariidae,Siluriformes,Teleostei
Charax stenopterus,Charax,0.0182,3.15,1,SL,2.2,4.4,Characidae,Characiformes,Teleostei
Astyanax lineatus,Astyanax,0.04645,2.73,2,SL,1.61,9.43,Acestrorhamphidae,Characiformes,Teleostei
Characidium rachovii,Characidium,0.0207,3.075,2,SL,1.4,4.5,Crenuchidae,Characiformes,Teleostei
Serrapinnus piaba,Serrapinnus,0.007,3.285,3,TL,1,4.2,Characidae,Characiformes,Teleostei
Odontostilbe pequira,Odontostilbe,0.0283,3.08,2,SL,1,3.7,Characidae,Characiformes,Teleostei
Oligosarcus jenynsii,Oligosarcus,0.0072,3.31,8,SL,2,31,Acestrorhamphidae,Characiformes,Teleostei
Apareiodon affinis,Apareiodon,0.0164,3.05,7,SL,1.5,18.1,Parodontidae,Characiformes,Teleostei
Steindachnerina bimaculata,Steindachnerina,0.0191,3.13,1,SL,7.5,17.3,Curimatidae,Characiformes,Teleostei
Cyphocharax gilbert,Cyphocharax,0.0062,3.25,4,TL,8.5,24.2,Curimatidae,Characiformes,Teleostei
Megaleporinus obtusidens,Megaleporinus,0.01815,3.05,8,SL,7.5,53,Anostomidae,Characiformes,Teleostei
Schizodon fasciatus,Schizodon,0.02231,2.925,1,SL,9.4,31.9,Anostomidae,Characiformes,Teleostei
Pimelodella laticeps,Pimelodella,0.0124,2.92,1,SL,6,11.7,Heptapteridae,Siluriformes,Teleostei
Pimelodus albicans,Pimelodus,0.0076,3.12,1,TL,6.1,23.2,Pimelodidae,Siluriformes,Teleostei
Pimelodus maculatus,Pimelodus,0.01255,3.06,14,SL,6.1,51,Pimelodidae,Siluriformes,Teleostei
Pseudobunocephalus iheringii,Pseudobunocephalus,0.00411,2.42,1,TL,2.8,6.3,Aspredinidae,Siluriformes,Teleostei
Loricaria cataphracta,Loricaria,0.00549,2.934,2,SL,12,27.9,Loricariidae,Siluriformes,Teleostei
Loricariichthys maculatus,Loricariichthys,0.0045,3.1327,1,SL,15.3,26.3,Loricariidae,Siluriformes,Teleostei
Equulites rivulatus,Equulites,0.0406,2.653,3,FL,6,10,Leiognathidae,Acanthuriformes,Teleostei
Hypostomus commersoni,Hypostomus,0.0316,2.85,7,SL,1.2,60.5,Loricariidae,Siluriformes,Teleostei
Eumegistus illustris,Eumegistus,0.012,3.015,1,TL,45.2,90.1,Bramidae,Scombriformes,Teleostei
Gerres japonicus,Gerres,0.0166,3.222,1,SL,4.1,12.2,Gerreidae,Eupercaria/misc,Teleostei
Catathyridium jenynsii,Catathyridium,0.03805,3.05,2,SL,3.2,25,Achiridae,Pleuronectiformes,Teleostei
Collichthys niveatus,Collichthys,0.0288,2.718,1,TL,3,9.8,Sciaenidae,Eupercaria/misc,Teleostei
Cynopotamus argenteus,Cynopotamus,0.00921,3.18,3,SL,9,29.5,Characidae,Characiformes,Teleostei
Acestrorhynchus falcatus,Acestrorhynchus,0.006495,3.195,2,SL,6.3,30,Acestrorhynchidae,Characiformes,Teleostei
Champsodon snyderi,Champsodon,0.00757,3.188,1,SL,2.9,9.3,Champsodontidae,Acropomatiformes,Teleostei
Eviota epiphanes,Eviota,0.0024,2.742,1,TL,0.9,1.9,Gobiidae,Gobiiformes,Teleostei
Bembrops caudimacula,Bembrops,0.002965,3.14,4,TL,10.8,24.1,Bembropidae,Perciformes/Bembropoidei,Teleostei
Enneapterygius etheostoma,Enneapterygius,0.1884,1.88,1,TL,2.1,5.9,Tripterygiidae,Blenniiformes,Teleostei
Acentrogobius janthinopterus,Acentrogobius,0.0204,3,2,SL,8.4,,Gobiidae,Gobiiformes,Teleostei
Acentrogobius moloanus,Acentrogobius,0.003,3.408,1,TL,5.77,8.17,Gobiidae,Gobiiformes,Teleostei
Acentrogobius pflaumii,Acentrogobius,0.01003,3.11,2,TL,3,10.9,Gobiidae,Gobiiformes,Teleostei
Luciobarbus bocagei,Luciobarbus,0.0162,2.94,7,SL,3.5,48.4,Cyprinidae,Cypriniformes,Teleostei
Luciobarbus sclateri,Luciobarbus,0.015,2.97,5,FL,2.1,49.5,Cyprinidae,Cypriniformes,Teleostei
Squalius pyrenaicus,Squalius,0.00676,3.26,7,TL,6.6,13.9,Leuciscidae,Cypriniformes,Teleostei
Carassius langsdorfii,Carassius,0.02025,2.96765,2,FL,2.1,39,Cyprinidae,Cypriniformes,Teleostei
Aphyocypris chinensis,Aphyocypris,0.003,3.82,1,TL,2.7,4.5,Xenocyprididae,Cypriniformes,Teleostei
Pseudaspius hakonensis,Pseudaspius,0.0074,3.04,3,TL,13,40.5,Leuciscidae,Cypriniformes,Teleostei
Sarcocheilichthys variegatus,Sarcocheilichthys,0.00583,3.235,2,TL,6.5,14.9,Gobionidae,Cypriniformes,Teleostei
Bodianus reticulatus,Bodianus,0.0202,3,1,TL,79.5,87,Labridae,Eupercaria/misc,Teleostei
Collichthys lucidus,Collichthys,0.01175,3.06,6,SL,2.4,19.8,Sciaenidae,Eupercaria/misc,Teleostei
Myersina filifer,Myersina,0.00535,2.96,3,TL,2.2,12,Gobiidae,Gobiiformes,Teleostei
Parachaeturichthys polynema,Parachaeturichthys,0.01555,2.73745,2,TL,6.6,13.9,Gobiidae,Gobiiformes,Teleostei
Rhinogobius brunneus,Rhinogobius,0.0063,3.24,3,TL,2.6,7.5,Gobiidae,Gobiiformes,Teleostei
Tridentiger barbatus,Tridentiger,0.006,3.416,3,TL,3.1,11,Gobiidae,Gobiiformes,Teleostei
Tridentiger brevispinis,Tridentiger,0.0059,3.346,2,TL,3.2,11,Gobiidae,Gobiiformes,Teleostei
Glossogobius olivaceus,Glossogobius,0.01982,2.8605,2,SL,3.8,16.4,Gobiidae,Gobiiformes,Teleostei
Acanthogobius lactipes,Acanthogobius,0.01266,2.562,1,TL,4.5,7.4,Gobiidae,Gobiiformes,Teleostei
Istiblennius rivulatus,Istiblennius,0.01263,3,2,SL,10.2,10.2,Blenniidae,Blenniiformes,Teleostei
Chaeturichthys stigmatias,Chaeturichthys,0.01545,2.6,4,TL,3.2,28.2,Gobiidae,Gobiiformes,Teleostei
Pterogobius elapoides,Pterogobius,0.00639,3.172,1,TL,1.7,7.7,Gobiidae,Gobiiformes,Teleostei
Pterogobius zonoleucus,Pterogobius,0.027075,2.5,2,TL,5.3,7.8,Gobiidae,Gobiiformes,Teleostei
Sicyopterus japonicus,Sicyopterus,0.0165,3,2,SL,5.8,,Gobiidae,Gobiiformes,Teleostei
Omobranchus elegans,Omobranchus,0.01065,3,2,SL,3.1,,Blenniidae,Blenniiformes,Teleostei
Heteroclinus roseus,Heteroclinus,0.01675,2.77476,1,FL,3.5,8,Clinidae,Blenniiformes,Teleostei
Ernogrammus hexagrammus,Ernogrammus,0.01257,2.865,1,TL,2.5,12.6,Stichaeidae,Perciformes/Zoarcoidei,Teleostei
Stichaeus grigorjewi,Stichaeus,0.1167,2.573,2,TL,22,53.1,Stichaeidae,Perciformes/Zoarcoidei,Teleostei
Stichaeus nozawae,Stichaeus,0.00402,3.1482,1,TL,24.2,36.8,Stichaeidae,Perciformes/Zoarcoidei,Teleostei
Cryptacanthodes bergi,Cryptacanthodes,0.002,2.954,1,TL,11,29,Cryptacanthodidae,Perciformes/Zoarcoidei,Teleostei
Pholis crassispina,Pholis,0.002135,3.1851,2,TL,6.5,22.1,Pholidae,Perciformes/Zoarcoidei,Teleostei
Zoarces elongatus,Zoarces,0.0024,3.119,1,TL,15.7,32.7,Zoarcidae,Perciformes/Zoarcoidei,Teleostei
Zoarces gillii,Zoarces,0.004,3.038,1,TL,11.3,45.1,Zoarcidae,Perciformes/Zoarcoidei,Teleostei
Puzanovia rubra,Puzanovia,0.0012,3.261,1,TL,22,38,Zoarcidae,Perciformes/Zoarcoidei,Teleostei
Lycodes tanakae,Lycodes,0.004615,3.06,2,FL,10,91,Zoarcidae,Perciformes/Zoarcoidei,Teleostei
Lycodes sigmatoides,Lycodes,0.00408,3.1,1,FL,13.7,95,Zoarcidae,Perciformes/Zoarcoidei,Teleostei
Sebastes itinus,Sebastes,0.0192,3,2,SL,6.9,,Sebastidae,Perciformes/Scorpaenoidei,Teleostei
Sebastes minor,Sebastes,0.0028,3.5502,1,FL,8,18,Sebastidae,Perciformes/Scorpaenoidei,Teleostei
Sebastes taczanowskii,Sebastes,0.0102,3.1689,1,FL,12.8,21,Sebastidae,Perciformes/Scorpaenoidei,Teleostei
Sebastes vulpes,Sebastes,0.0161,3.02,4,TL,15.8,43,Sebastidae,Perciformes/Scorpaenoidei,Teleostei
Sebastes nivosus,Sebastes,0.02945,3,2,SL,17.8,,Sebastidae,Perciformes/Scorpaenoidei,Teleostei
Sebastes trivittatus,Sebastes,0.0142,3,1,TL,44,53,Sebastidae,Perciformes/Scorpaenoidei,Teleostei
Sebastes longispinis,Sebastes,0.0147,3.11,3,TL,9.5,18.8,Sebastidae,Perciformes/Scorpaenoidei,Teleostei
Sebastiscus albofasciatus,Sebastiscus,0.0142,3.0755,2,TL,53,53,Sebastidae,Perciformes/Scorpaenoidei,Teleostei
Eptatretus cirrhatus,Eptatretus,0.00513,2.79,1,TL,22.3,97,Myxinidae,Myxiniformes,Myxini
Minous pusillus,Minous,0.0186,3.0075,1,TL,,,Synanceiidae,Perciformes/Scorpaenoidei,Teleostei
Hemilepidotus gilberti,Hemilepidotus,0.01465,3,2,SL,17.2,,Cottidae,Perciformes/Cottoidei,Teleostei
Cottus nozawae,Cottus,0.0071,3.2937,1,TL,5.4,17.3,Cottidae,Perciformes/Cottoidei,Teleostei
Artediellus dydymovi,Artediellus,0.0153,3,2,SL,6.8,,Cottidae,Perciformes/Cottoidei,Teleostei
Labeo boga,Labeo,0.00895,3.06,4,TL,4.7,27.5,Cyprinidae,Cypriniformes,Teleostei
Gymnocanthus herzensteini,Gymnocanthus,0.0061,3.201,1,TL,13.4,33.7,Cottidae,Perciformes/Cottoidei,Teleostei
Gymnocanthus intermedius,Gymnocanthus,0.0043,3.388,1,TL,12.6,28.6,Cottidae,Perciformes/Cottoidei,Teleostei
Gymnocanthus detrisus,Gymnocanthus,0.0157,2.90325,2,TL,15.5,39,Cottidae,Perciformes/Cottoidei,Teleostei
Labeo dyocheilus,Labeo,0.0099,3.019,3,TL,11.724,52.84,Cyprinidae,Cypriniformes,Teleostei
Pseudoblennius percoides,Pseudoblennius,0.00415,3.342,1,TL,5.7,13.1,Cottidae,Perciformes/Cottoidei,Teleostei
Pseudoblennius cottoides,Pseudoblennius,0.00477,3.33,3,TL,2.5,17.14,Cottidae,Perciformes/Cottoidei,Teleostei
Malacocottus gibber,Malacocottus,0.0285,3,2,SL,3.7,,Psychrolutidae,Perciformes/Cottoidei,Teleostei
Agonomalus jordani,Agonomalus,0.00885,3,2,SL,12.8,,Agonidae,Perciformes/Cottoidei,Teleostei
Percis japonica,Percis,0.0266,2.59,1,TL,16,36,Agonidae,Perciformes/Cottoidei,Teleostei
Urolophus paucimaculatus,Urolophus,0.010925,2.96,2,TL,,,Urolophidae,Myliobatiformes,Elasmobranchii
Tilesina gibbosa,Tilesina,0.00205,3,2,SL,19.8,,Agonidae,Perciformes/Cottoidei,Teleostei
Podothecus sachi,Podothecus,0.0052,3,2,SL,16,,Agonidae,Perciformes/Cottoidei,Teleostei
Lepidotrigla alata,Lepidotrigla,0.014025,3.06195,2,SL,3.7,16.2,Triglidae,Perciformes/Scorpaenoidei,Teleostei
Lepidotrigla abyssalis,Lepidotrigla,0.0128,3,2,SL,12,,Triglidae,Perciformes/Scorpaenoidei,Teleostei
Lepidotrigla kishinouyi,Lepidotrigla,0.0146,2.8496,1,TL,,,Triglidae,Perciformes/Scorpaenoidei,Teleostei
Dactyloptena gilberti,Dactyloptena,0.0169,2.9301,1,TL,8.2,18.2,Dactylopteridae,Dactylopteriformes,Teleostei
Osteobrama bakeri,Osteobrama,0.006,2.989,1,TL,10.3,15.3,Cyprinidae,Cypriniformes,Teleostei
Eumicrotremus pacificus,Eumicrotremus,0.1098,3,2,SL,5.5,,Cyclopteridae,Perciformes/Cottoidei,Teleostei
Liparis punctulatus,Liparis,0.0056,3.189,1,TL,13.4,70,Liparidae,Perciformes/Cottoidei,Teleostei
Liparis ochotensis,Liparis,0.01288,3.05,1,FL,6.8,66,Liparidae,Perciformes/Cottoidei,Teleostei
Liparis tessellatus,Liparis,0.0098,3,2,SL,19.6,,Liparidae,Perciformes/Cottoidei,Teleostei
Liparis tanakae,Liparis,0.0165,2.835,2,SL,2.7,56.3,Liparidae,Perciformes/Cottoidei,Teleostei
Allocareproctus jordani,Allocareproctus,0.0092,3.1722,1,TL,9,34,Liparidae,Perciformes/Cottoidei,Teleostei
Careproctus furcellus,Careproctus,0.00421,3.28,1,TL,18,52,Liparidae,Perciformes/Cottoidei,Teleostei
Careproctus rastrinus,Careproctus,0.0166,3.01,1,TL,17,38,Liparidae,Perciformes/Cottoidei,Teleostei
Careproctus colletti,Careproctus,0.0019,3.58,3,TL,14,44,Liparidae,Perciformes/Cottoidei,Teleostei
Dawkinsia denisonii,Dawkinsia,0.00838,3.176,5,TL,,,Cyprinidae,Cypriniformes,Teleostei
Naziritor chelynoides,Naziritor,0.01145,2.87,12,TL,5.8,41,Cyprinidae,Cypriniformes,Teleostei
Engyprosopon multisquama,Engyprosopon,0.007,3.1692,1,TL,,,Bothidae,Pleuronectiformes,Teleostei
Engyprosopon longipelvis,Engyprosopon,0.0041,3.5125,1,TL,,,Bothidae,Pleuronectiformes,Teleostei
Laeops kitaharae,Laeops,0.002,3.4801,1,TL,,,Bothidae,Pleuronectiformes,Teleostei
Lepidopsetta bilineata,Lepidopsetta,0.01379,3.0139,2,TL,20,45,Pleuronectidae,Pleuronectiformes,Teleostei
Pseudopleuronectes obscurus,Pseudopleuronectes,0.00771,3.1959,1,TL,19,56,Pleuronectidae,Pleuronectiformes,Teleostei
Aseraggodes kobensis,Aseraggodes,0.0123,3.0183,1,TL,,,Soleidae,Pleuronectiformes,Teleostei
Thamnaconus septentrionalis,Thamnaconus,0.00944,3.14,1,TL,8,33.3,Monacanthidae,Tetraodontiformes,Teleostei
Chimaera ogilbyi,Chimaera,0.00765,3.0587,2,OT,32,87,Chimaeridae,Chimaeriformes,Holocephali
Takifugu poecilonotus,Takifugu,0.0101,3.2958,1,TL,,,Tetraodontidae,Tetraodontiformes,Teleostei
Salmostoma phulo,Salmostoma,0.00604,3.016,4,TL,2.9,10.7,Danionidae,Cypriniformes,Teleostei
Securicula gora,Securicula,0.0068,2.9413,1,TL,5.4,18.6,Danionidae,Cypriniformes,Teleostei
Amblypharyngodon atkinsonii,Amblypharyngodon,0.01032,3.5221,1,SL,4.2,5.4,Danionidae,Cypriniformes,Teleostei
Amblypharyngodon microlepis,Amblypharyngodon,0.007,2.96,1,TL,8.6,12.6,Danionidae,Cypriniformes,Teleostei
Amblypharyngodon mola,Amblypharyngodon,0.0117,3.12,16,TL,0.5,9.4,Danionidae,Cypriniformes,Teleostei
Cabdio morar,Cabdio,0.0059,3.18,7,TL,3.4,13.6,Danionidae,Cypriniformes,Teleostei
Barilius barila,Barilius,0.0049,3.241,1,TL,6.79,14.68,Danionidae,Cypriniformes,Teleostei
Opsarius barna,Opsarius,0.02245,2.65,2,TL,7.02,30.5,Danionidae,Cypriniformes,Teleostei
Lagocephalus wheeleri,Lagocephalus,0.0204,2.97,3,TL,10.2,24,Tetraodontidae,Tetraodontiformes,Teleostei
Opsarius shacra,Opsarius,0.0223,2.66,1,TL,6.16,9.39,Danionidae,Cypriniformes,Teleostei
Barilius vagra,Barilius,0.0112,3.052,3,TL,3.24,15.64,Danionidae,Cypriniformes,Teleostei
Megarasbora elanga,Megarasbora,0.0062,2.9795,1,TL,6.3,16.2,Danionidae,Cypriniformes,Teleostei
Gymnothorax prionodon,Gymnothorax,1e-04,3.62,3,TL,26,80.3,Muraenidae,Anguilliformes,Teleostei
Devario naganensis,Devario,0.0329,2.86,1,TL,2.9,6.3,Danionidae,Cypriniformes,Teleostei
Devario regina,Devario,0.009645,3.04,2,TL,1.4,10.8,Danionidae,Cypriniformes,Teleostei
Bassanago hirsutus,Bassanago,0.00069,3.19,1,TL,48,68.2,Congridae,Anguilliformes,Teleostei
Schizopyge curvifrons,Schizopyge,0.0136,2.863,4,TL,5.8,39.3,Cyprinidae,Cypriniformes,Teleostei
Schizothorax esocinus,Schizothorax,0.0083,3.09,14,TL,5.7,50.8,Cyprinidae,Cypriniformes,Teleostei
Pseudochromis olivaceus,Pseudochromis,0.0254,2.62,1,TL,1.96,5.53,Pseudochromidae,Ovalentaria/misc,Teleostei
Schizothorax labiatus,Schizothorax,0.01335,2.895,6,TL,9.2,38.7,Cyprinidae,Cypriniformes,Teleostei
Schizopyge niger,Schizopyge,0.0339,2.778,2,SL,12.4,33.2,Cyprinidae,Cypriniformes,Teleostei
Crossocheilus burmanicus,Crossocheilus,0.0119,3.19,1,TL,9.2,17.8,Cyprinidae,Cypriniformes,Teleostei
Crossocheilus diplochilus,Crossocheilus,0.0101,2.99,3,TL,5.37,24.7,Cyprinidae,Cypriniformes,Teleostei
Tariqilabeo latius,Tariqilabeo,0.0148,3.02,3,TL,3.65,17.87,Cyprinidae,Cypriniformes,Teleostei
Garra annandalei,Garra,0.0232,2.69,1,TL,5.7,12.2,Cyprinidae,Cypriniformes,Teleostei
Garra bicornuta,Garra,0.0096,3.108,1,TL,7.1,10.3,Cyprinidae,Cypriniformes,Teleostei
Garra mullya,Garra,0.015,2.957,1,TL,7.3,15.9,Cyprinidae,Cypriniformes,Teleostei
Garra naganensis,Garra,0.0162,2.978,1,TL,3.8,11.2,Cyprinidae,Cypriniformes,Teleostei
Garra nasuta,Garra,0.00962,3.14,1,TL,5.09,11.98,Cyprinidae,Cypriniformes,Teleostei
Garra rossica,Garra,0.01035,2.945,2,TL,3,8.6,Cyprinidae,Cypriniformes,Teleostei
Parapsilorhynchus discophorus,Parapsilorhynchus,0.0086,3.298,1,TL,2.3,3.8,Cyprinidae,Cypriniformes,Teleostei
Parapsilorhynchus prateri,Parapsilorhynchus,0.0105,3.184,1,TL,1.9,3.1,Cyprinidae,Cypriniformes,Teleostei
Parapsilorhynchus tentaculatus,Parapsilorhynchus,0.0084,3.224,1,TL,1.6,3.2,Cyprinidae,Cypriniformes,Teleostei
Psilorhynchus balitora,Psilorhynchus,0.004,3.49,3,TL,2.91,8.1,Psilorhynchidae,Cypriniformes,Teleostei
Psilorhynchus homaloptera,Psilorhynchus,0.0118,2.747,1,TL,5.2,10.9,Psilorhynchidae,Cypriniformes,Teleostei
Balitora brucei,Balitora,0.005,3.194,3,TL,3.3,11.47,Balitoridae,Cypriniformes,Teleostei
Schistura beavani,Schistura,0.00452,3.05,1,TL,1.05,10.23,Nemacheilidae,Cypriniformes,Teleostei
Schistura fascimaculata,Schistura,0.011,3.11,2,SL,3.7,8.6,Nemacheilidae,Cypriniformes,Teleostei
Paraschistura kessleri,Paraschistura,0.0039,3.431,3,TL,3.3,5.9,Nemacheilidae,Cypriniformes,Teleostei
Schistura manipurensis,Schistura,0.0104,3.098,1,TL,3.8,8.4,Nemacheilidae,Cypriniformes,Teleostei
Paraschistura montana,Paraschistura,0.00612,2.99,1,TL,2.86,12.05,Nemacheilidae,Cypriniformes,Teleostei
Talismania bifurcata,Talismania,0.0069,3,2,SL,,18.6,Alepocephalidae,Alepocephaliformes,Teleostei
Schistura reticulofasciata,Schistura,0.003,3.318,1,TL,3.4,6.1,Nemacheilidae,Cypriniformes,Teleostei
Symphurus tessellatus,Symphurus,0.00383,3.22,13,TL,3,25,Cynoglossidae,Pleuronectiformes,Teleostei
Symphurus elongatus,Symphurus,0.0026,3.3995,1,TL,6.4,23.8,Cynoglossidae,Pleuronectiformes,Teleostei
Haemulopsis elongatus,Haemulopsis,0.0219,2.786,3,TL,10.5,27.4,Haemulidae,Eupercaria/misc,Teleostei
Syacium guineense,Syacium,0.0082,3,1,TL,25,29.5,Cyclopsettidae,Pleuronectiformes,Teleostei
Paracanthocobitis zonalternans,Paracanthocobitis,0.0092,3.0711,3,TL,3,12.2,Nemacheilidae,Cypriniformes,Teleostei
Triplophysa marmorata,Triplophysa,0.012745,2.99,2,TL,4.4,18.7,Nemacheilidae,Cypriniformes,Teleostei
Triplophysa microps,Triplophysa,0.0045,3.09,1,SL,5.54,10.73,Nemacheilidae,Cypriniformes,Teleostei
Triplophysa stolickai,Triplophysa,0.0089,3,4,TL,4.1,16.2,Nemacheilidae,Cypriniformes,Teleostei
Lepidocephalichthys annandalei,Lepidocephalichthys,0.0065,3.067,4,TL,4.6,9,Cobitidae,Cypriniformes,Teleostei
Coryphaenoides filifer,Coryphaenoides,0.00335,3,2,SL,12.8,,Macrouridae,Gadiformes,Teleostei
Lepidocephalichthys berdmorei,Lepidocephalichthys,0.004,3.335,1,TL,6.8,9.1,Cobitidae,Cypriniformes,Teleostei
Canthophrys gongota,Canthophrys,0.0089,2.93,1,TL,7.9,13.3,Cobitidae,Cypriniformes,Teleostei
Botia almorhae,Botia,0.0169,2.696,1,TL,3.845,12.644,Botiidae,Cypriniformes,Teleostei
Botia birdi,Botia,0.00685,2.8335,2,TL,8.032,18.6,Botiidae,Cypriniformes,Teleostei
Botia histrionica,Botia,0.0023,2.57,1,TL,8.7,13,Botiidae,Cypriniformes,Teleostei
Botia rostrata,Botia,0.009215,3.055,2,TL,5.32,19.85,Botiidae,Cypriniformes,Teleostei
Schistura rupecula,Schistura,0.00525,3.1,1,TL,1.12,8.52,Nemacheilidae,Cypriniformes,Teleostei
Devario shanensis,Devario,0.0206,2.96,1,SL,2.1,5.5,Danionidae,Cypriniformes,Teleostei
Thymichthys politus,Thymichthys,0.019,3.04,1,TL,,,Brachionichthyidae,Lophiiformes,Teleostei
Mystus horai,Mystus,0.0074,3,1,TL,7.6,12.6,Bagridae,Siluriformes,Teleostei
Mystus tengara,Mystus,0.0217,2.8,5,TL,4.6,15.5,Bagridae,Siluriformes,Teleostei
Ailiichthys punctata,Ailiichthys,0.0101,2.81,1,TL,4.5,10.08,Ailiidae,Siluriformes,Teleostei
Pachypterus khavalchor,Pachypterus,0.0017,3.656,1,TL,7.4,13.7,Schilbeidae,Siluriformes,Teleostei
Amblyceps mangois,Amblyceps,0.005,3.05,1,TL,3.3,6.3,Amblycipitidae,Siluriformes,Teleostei
Lagusia micracanthus,Lagusia,0.03304,2.5225,9,TL,3.158,12.779,Terapontidae,Centrarchiformes,Teleostei
Deveximentum hanedai,Deveximentum,0.023,2.8577,1,TL,5.7,9.1,Leiognathidae,Acanthuriformes,Teleostei
Deveximentum megalolepis,Deveximentum,0.01445,3.0906,2,TL,2.5,7.5,Leiognathidae,Acanthuriformes,Teleostei
Gerres macracanthus,Gerres,0.0192,2.8766,1,TL,,,Gerreidae,Eupercaria/misc,Teleostei
Pungitius sinensis,Pungitius,0.0064,2.92,1,TL,4.5,5.7,Gasterosteidae,Perciformes/Gasterosteoidei,Teleostei
Glyptosternon maculatum,Glyptosternon,0.006975,3.1445,2,TL,11.5,32,Sisoridae,Siluriformes,Teleostei
Proteracanthus sarissophorus,Proteracanthus,0.02775,3,2,SL,15.7,,Ephippidae,Acanthuriformes,Teleostei
Glyptothorax poonaensis,Glyptothorax,0.0087,3.244,1,SL,8.5,12,Sisoridae,Siluriformes,Teleostei
Glyptothorax kashmirensis,Glyptothorax,0.0147,3.02,1,TL,8,14.8,Sisoridae,Siluriformes,Teleostei
Glyptothorax pectinopterus,Glyptothorax,0.006625,3.12,2,TL,3.26,15.22,Sisoridae,Siluriformes,Teleostei
Glyptothorax sinensis,Glyptothorax,0.0133,3.06,5,TL,3.1,34,Sisoridae,Siluriformes,Teleostei
Glyptothorax stocki,Glyptothorax,0.0036,3.28,1,TL,11.5,14,Sisoridae,Siluriformes,Teleostei
Glyptothorax stolickae,Glyptothorax,0.0106,2.981,1,TL,6.1,13.2,Sisoridae,Siluriformes,Teleostei
Hara hara,Hara,0.0185,2.84,1,TL,1.89,5.47,Sisoridae,Siluriformes,Teleostei
Pseudolaguvia shawi,Pseudolaguvia,0.0196,2.6,1,TL,2.37,3.82,Sisoridae,Siluriformes,Teleostei
Nangra nangra,Nangra,0.0099,3.142,1,TL,3.2,6.3,Sisoridae,Siluriformes,Teleostei
Arius gagora,Arius,0.009,3.013,1,TL,15,38,Ariidae,Siluriformes,Teleostei
Bathygadus cottoides,Bathygadus,0.109,2.97,1,OT,4.1,15.7,Bathygadidae,Gadiformes,Teleostei
Sebastes oblongus,Sebastes,0.02965,2.86,4,TL,13.5,52,Sebastidae,Perciformes/Scorpaenoidei,Teleostei
Lycodes brunneofasciatus,Lycodes,0.0038,3.19575,2,TL,23,72,Zoarcidae,Perciformes/Zoarcoidei,Teleostei
Lycodes soldatovi,Lycodes,0.00359,3.12,1,FL,14,96,Zoarcidae,Perciformes/Zoarcoidei,Teleostei
Bothrocarina microcephala,Bothrocarina,0.0459,2.4721,1,TL,25,50,Zoarcidae,Perciformes/Zoarcoidei,Teleostei
Hyporhamphus xanthopterus,Hyporhamphus,0.0026,3.165,1,TL,15.2,29.6,Hemiramphidae,Beloniformes,Teleostei
Acentrogobius cyanomos,Acentrogobius,0.016,2.8465,2,TL,3.8,9.9,Gobiidae,Gobiiformes,Teleostei
Lutjanus rufolineatus,Lutjanus,0.02795,2.968,2,FL,5.4,27.5,Lutjanidae,Eupercaria/misc,Teleostei
Aulopareia unicolor,Aulopareia,0.004,3.451,1,TL,4.43,10.74,Gobiidae,Gobiiformes,Teleostei
Periophthalmodon septemradiatus,Periophthalmodon,0.0215,2.9,1,SL,4.71,6.85,Oxudercidae,Gobiiformes,Teleostei
Periophthalmus chrysospilos,Periophthalmus,0.0238,2.56,1,SL,1.82,8.32,Oxudercidae,Gobiiformes,Teleostei
Pseudogobius poicilosoma,Pseudogobius,0.006,3.423,1,TL,1.6,4.9,Gobiidae,Gobiiformes,Teleostei
Stenogobius ophthalmoporus,Stenogobius,0.058,2.211,1,TL,5,14.8,Gobiidae,Gobiiformes,Teleostei
Parambassis dayi,Parambassis,0.0085,3.01,1,TL,6.2,16,Ambassidae,Ovalentaria/misc,Teleostei
Parambassis lala,Parambassis,0.02175,2.864,5,TL,1.6,4,Ambassidae,Ovalentaria/misc,Teleostei
Channa marulioides,Channa,0.0143,3,1,TL,51,68,Channidae,Anabantiformes,Teleostei
Macrognathus keithi,Macrognathus,0.0117,2.784,1,SL,8.2,22.2,Mastacembelidae,Synbranchiformes,Teleostei
Macrognathus maculatus,Macrognathus,0.00674,2.875,1,SL,4.5,19.3,Mastacembelidae,Synbranchiformes,Teleostei
Deveximentum interruptum,Deveximentum,0.0291,2.96,1,TL,2.3,5,Leiognathidae,Acanthuriformes,Teleostei
Minimugil cascasia,Minimugil,0.0175,2.662,1,TL,6,12.5,Mugilidae,Mugiliformes,Teleostei
Lycodes eudipleurostictus,Lycodes,0.0022,3.254,1,TL,,,Zoarcidae,Perciformes/Zoarcoidei,Teleostei
Lycodes seminudus,Lycodes,0.0034,3.148,1,TL,,,Zoarcidae,Perciformes/Zoarcoidei,Teleostei
Rhinobatos punctifer,Rhinobatos,0.0013,3.26,3,TL,38,80,Rhinobatidae,Rhinopristiformes,Elasmobranchii
Gobiopsis macrostoma,Gobiopsis,0.005,3.391,1,TL,5.35,9.9,Gobiidae,Gobiiformes,Teleostei
Osteodiscus cascadiae,Osteodiscus,0.00465,3,2,SL,5.6,,Liparidae,Perciformes/Cottoidei,Teleostei
Lycodapus endemoscotus,Lycodapus,0.00195,3,2,SL,10.2,,Zoarcidae,Perciformes/Zoarcoidei,Teleostei
Achondrostoma arcasii,Achondrostoma,0.025,2.77,1,FL,4.9,12.3,Leuciscidae,Cypriniformes,Teleostei
Tor tambra,Tor,0.013,2.919,1,TL,,,Cyprinidae,Cypriniformes,Teleostei
Brachirus pan,Brachirus,0.014,3.049,1,TL,2.8,11.1,Soleidae,Pleuronectiformes,Teleostei
Hymenocephalus billsam,Hymenocephalus,5e-04,3.539,1,TL,12.2,39.5,Macrouridae,Gadiformes,Teleostei
Silurus meridionalis,Silurus,0.00865,2.951,6,SL,3.3,114.2,Siluridae,Siluriformes,Teleostei
Silurus triostegus,Silurus,0.0128,2.93,3,SL,4.2,99,Siluridae,Siluriformes,Teleostei
Kyataphisa nenga,Kyataphisa,0.0142,3,1,TL,30.5,32,Ariidae,Siluriformes,Teleostei
Bathygobius coalitus,Bathygobius,0.01475,3,2,SL,6.2,,Gobiidae,Gobiiformes,Teleostei
Pempheris adusta,Pempheris,0.0081,3.201,1,TL,9.8,12.9,Pempheridae,Acropomatiformes,Teleostei
Ecsenius nalolo,Ecsenius,0.0184,2.56,1,TL,2.24,4.04,Blenniidae,Blenniiformes,Teleostei
Eviota guttata,Eviota,0.0127,2.84,1,TL,0.82,2.13,Gobiidae,Gobiiformes,Teleostei
Economidichthys pygmaeus,Economidichthys,0.017,3.052,1,SL,1.247,5.142,Gobiidae,Gobiiformes,Teleostei
Apogon pacificus,Apogon,0.0103,3.074,1,TL,1.21,8.38,Apogonidae,Kurtiformes,Teleostei
Plagiotremus azaleus,Plagiotremus,0.0035,3,2,SL,4.9,,Blenniidae,Blenniiformes,Teleostei
Brycon cephalus,Brycon,0.0106,3.174,1,,,,Bryconidae,Characiformes,Teleostei
Metynnis argenteus,Metynnis,0.0575,2.963,1,SL,6.8,13.7,Serrasalmidae,Characiformes,Teleostei
Myloplus torquatus,Myloplus,0.0821,2.841,3,SL,5.8,29.4,Serrasalmidae,Characiformes,Teleostei
Mylossoma aureum,Mylossoma,0.02266,3.183,1,SL,8.5,17.7,Serrasalmidae,Characiformes,Teleostei
Malacoctenus zonogaster,Malacoctenus,0.0133,3,2,SL,6.7,,Labrisomidae,Blenniiformes,Teleostei
Coryphopterus urospilus,Coryphopterus,0.00908,3.3725,2,TL,1.13,5.3,Gobiidae,Gobiiformes,Teleostei
Lythrypnus gilberti,Lythrypnus,0.01525,3,2,SL,2.7,,Gobiidae,Gobiiformes,Teleostei
Quassiremus evionthas,Quassiremus,7e-04,3,1,TL,38.1,,Ophichthidae,Anguilliformes,Teleostei
Neoraja stehmanni,Neoraja,0.03725,2.9691,1,TL,,,Rajidae,Rajiformes,Elasmobranchii
Pseudopungtungia nigra,Pseudopungtungia,0.00539,3.29,1,TL,5.6,10.3,Gobionidae,Cypriniformes,Teleostei
Gobiobotia naktongensis,Gobiobotia,0.005,3.054,1,TL,2.4,6,Gobionidae,Cypriniformes,Teleostei
Microphysogobio yaluensis,Microphysogobio,0.0046,3.27,1,TL,4.7,10.6,Gobionidae,Cypriniformes,Teleostei
Rhodeus uyekii,Rhodeus,0.007,3.31,1,TL,3.3,6.2,Acheilognathidae,Cypriniformes,Teleostei
Coreoleuciscus splendidus,Coreoleuciscus,0.00488,3.225,2,TL,5.3,11.1,Gobionidae,Cypriniformes,Teleostei
Acheilognathus yamatsutae,Acheilognathus,0.008415,3.139,2,TL,4.7,11.2,Acheilognathidae,Cypriniformes,Teleostei
Roeboides myersii,Roeboides,0.0124,3.1675,2,SL,4.3,22,Characidae,Characiformes,Teleostei
Dasyatis chrysonota,Dasyatis,0.03315,3.2194,3,WD,18.4,71.1,Dasyatidae,Myliobatiformes,Elasmobranchii
Anostomoides laticeps,Anostomoides,0.0399,2.793,1,SL,11,30,Anostomidae,Characiformes,Teleostei
Caenotropus labyrinthicus,Caenotropus,0.01235,3.296,4,SL,7.8,25.3,Chilodontidae,Characiformes,Teleostei
Curimata inornata,Curimata,0.0218,3.085,2,SL,1,21,Curimatidae,Characiformes,Teleostei
Cyphocharax abramoides,Cyphocharax,0.0269,3.05,1,TL,5,17.5,Curimatidae,Characiformes,Teleostei
Leporinus affinis,Leporinus,0.0153,3.04,1,TL,9,30,Anostomidae,Characiformes,Teleostei
Megaleporinus trifasciatus,Megaleporinus,0.01715,3.02,2,SL,8.5,39.1,Anostomidae,Characiformes,Teleostei
Potamorhina altamazonica,Potamorhina,0.2224,2.24,4,SL,7.2,24,Curimatidae,Characiformes,Teleostei
Potamorhina latior,Potamorhina,0.02237,2.929,1,SL,6.5,24,Curimatidae,Characiformes,Teleostei
Psectrogaster amazonica,Psectrogaster,0.0367,2.9185,4,SL,7.2,19,Curimatidae,Characiformes,Teleostei
Psectrogaster rutiloides,Psectrogaster,0.0462,2.83,4,SL,6.4,17.8,Curimatidae,Characiformes,Teleostei
Rhytiodus argenteofuscus,Rhytiodus,0.0051,3.296,1,SL,12.2,32,Anostomidae,Characiformes,Teleostei
Semaprochilodus insignis,Semaprochilodus,0.0309,2.995,4,SL,10,29.5,Prochilodontidae,Characiformes,Teleostei
Cocotropus roseus,Cocotropus,0.0216,2.9753,1,TL,4.16,6.26,Aploactinidae,Perciformes/Scorpaenoidei,Teleostei
Schizodon vittatus,Schizodon,0.0097,3.1555,2,SL,11.5,35,Anostomidae,Characiformes,Teleostei
Cynodon gibbus,Cynodon,0.0086,3.129,5,SL,7.34,32.2,Cynodontidae,Characiformes,Teleostei
Hemiodus immaculatus,Hemiodus,0.01873,2.957,1,SL,7.2,22,Hemiodontidae,Characiformes,Teleostei
Hemiodus microlepis,Hemiodus,0.01534,3.119,4,SL,9,23.5,Hemiodontidae,Characiformes,Teleostei
Hemiodus unimaculatus,Hemiodus,0.01201,3.161,10,SL,5.5,32.9,Hemiodontidae,Characiformes,Teleostei
Megalodoras uranoscopus,Megalodoras,0.0125,3.095,2,TL,26.5,59,Doradidae,Siluriformes,Teleostei
Hypophthalmus fimbriatus,Hypophthalmus,0.0065,2.85,1,TL,22,35,Pimelodidae,Siluriformes,Teleostei
Hypophthalmus marginatus,Hypophthalmus,0.007,3.02,5,SL,14.5,56,Pimelodidae,Siluriformes,Teleostei
Pterygoplichthys pardalis,Pterygoplichthys,0.02705,2.87105,4,SL,1.4,57.8,Loricariidae,Siluriformes,Teleostei
Pimelodina flavipinnis,Pimelodina,0.0123,2.979,1,SL,13,39,Pimelodidae,Siluriformes,Teleostei
Astronotus crassipinnis,Astronotus,0.06911,2.896,1,SL,12,21,Cichlidae,Cichliformes,Teleostei
Caquetaia spectabilis,Caquetaia,0.0564,2.83,1,SL,7.5,19,Cichlidae,Cichliformes,Teleostei
Choerodon rubescens,Choerodon,0.03306,2.8661,3,TL,,,Labridae,Eupercaria/misc,Teleostei
Coris auricularis,Coris,0.01219,2.969,3,TL,,,Labridae,Eupercaria/misc,Teleostei
Alosa macedonica,Alosa,0.0176,2.69,3,TL,8.3,23,Alosidae,Clupeiformes,Teleostei
Chaetobranchus flavescens,Chaetobranchus,0.11966,2.565,2,SL,6.2,24,Cichlidae,Cichliformes,Teleostei
Cichlasoma amazonarum,Cichlasoma,0.03035,3.36335,2,SL,1.6,13.5,Cichlidae,Cichliformes,Teleostei
Crenicichla reticulata,Crenicichla,0.0071,3.469,3,SL,9,29.5,Cichlidae,Cichliformes,Teleostei
Geophagus proximus,Geophagus,0.0279,3.052,3,TL,8.2,34.8,Cichlidae,Cichliformes,Teleostei
Pachypops trifilis,Pachypops,0.0123,3.2059,1,SL,6,18,Sciaenidae,Eupercaria/misc,Teleostei
Luciobarbus albanicus,Luciobarbus,0.01475,2.957,4,FL,5,47.6,Cyprinidae,Cypriniformes,Teleostei
Callionymus valenciennei,Callionymus,0.010655,2.694,2,TL,5,17.4,Callionymidae,Callionymiformes,Teleostei
Callionymus lunatus,Callionymus,0.0071,2.912,1,TL,6.2,18.7,Callionymidae,Callionymiformes,Teleostei
Barbus cyclolepis,Barbus,0.0119,2.97,3,FL,2.1,26,Cyprinidae,Cypriniformes,Teleostei
Luciobarbus graecus,Luciobarbus,0.0099,3.138,1,FL,,,Cyprinidae,Cypriniformes,Teleostei
Barbus plebejus,Barbus,0.01705,2.877,2,FL,,,Cyprinidae,Cypriniformes,Teleostei
Basilichthys australis,Basilichthys,0.006,2.94,1,TL,0.7,36.5,Atherinopsidae,Atheriniformes,Teleostei
Alburnus belvica,Alburnus,0.0052,3.265,2,FL,10.2,22,Leuciscidae,Cypriniformes,Teleostei
Chondrostoma holmwoodii,Chondrostoma,0.012,3.04,3,FL,13.3,28.2,Leuciscidae,Cypriniformes,Teleostei
Cobitis strumicae,Cobitis,0.005,3.16,1,TL,2.7,10.6,Cobitidae,Cypriniformes,Teleostei
Romanogobio albipinnatus,Romanogobio,0.003,3.303,3,TL,4,12.5,Gobionidae,Cypriniformes,Teleostei
Petroleuciscus borysthenicus,Petroleuciscus,0.0097,3.025,6,TL,2.6,14.9,Leuciscidae,Cypriniformes,Teleostei
Rhynchocypris percnura,Rhynchocypris,0.0222,2.993,3,SL,5.3,9.7,Leuciscidae,Cypriniformes,Teleostei
Ophidion rochei,Ophidion,0.0023,3.2,1,TL,9.2,27.5,Ophidiidae,Ophidiiformes,Teleostei
Mullus ponticus,Mullus,0.007,3.139,3,TL,6.1,21.9,Mullidae,Mulliformes,Teleostei
Callionymus fasciatus,Callionymus,0.008,2.863,1,TL,6,16.6,Callionymidae,Callionymiformes,Teleostei
Knipowitschia panizzae,Knipowitschia,0.0293,2.162,1,TL,1.1,7,Gobiidae,Gobiiformes,Teleostei
Ponticola syrman,Ponticola,0.0033,3.5,3,TL,5.1,12,Gobiidae,Gobiiformes,Teleostei
Oxynoemacheilus angorae,Oxynoemacheilus,0.0095,2.9565,4,TL,3.8,8.9,Nemacheilidae,Cypriniformes,Teleostei
Telestes pleurobipunctatus,Telestes,0.012,3.08,3,FL,2.017,22,Leuciscidae,Cypriniformes,Teleostei
Leucos aula,Leucos,0.0081,3.163,1,TL,3.2,26,Leuciscidae,Cypriniformes,Teleostei
Sarmarutilus rubilio,Sarmarutilus,0.0074,3.3,3,FL,6,23,Leuciscidae,Cypriniformes,Teleostei
Tropidophoxinellus hellenicus,Tropidophoxinellus,0.0076,3.058,1,TL,4,11.7,Leuciscidae,Cypriniformes,Teleostei
Oxynoemacheilus brandtii,Oxynoemacheilus,0.0065,3.0335,2,TL,2.5,8,Nemacheilidae,Cypriniformes,Teleostei
Prochilodus magdalenae,Prochilodus,0.02975,2.895,4,SL,6.1,51,Prochilodontidae,Characiformes,Teleostei
Myripristis botche,Myripristis,0.027385,3.04685,2,FL,4,19.5,Holocentridae,Holocentriformes,Teleostei
Genypterus brasiliensis,Genypterus,0.00141,3.35,3,TL,29.7,109,Ophidiidae,Ophidiiformes,Teleostei
Nematabramis everetti,Nematabramis,0.00287,2.875,1,SL,4.8,9.8,Danionidae,Cypriniformes,Teleostei
Clinus superciliosus,Clinus,0.0186,3.036,1,SL,2,13.5,Clinidae,Blenniiformes,Teleostei
Callionymus pusillus,Callionymus,0.0222,2.36,1,TL,2.5,5.4,Callionymidae,Callionymiformes,Teleostei
Stromateus stellatus,Stromateus,0.035,2.682,1,TL,11.5,24.3,Stromateidae,Scombriformes,Teleostei
Paralichthys orbignyanus,Paralichthys,0.00908,3.02,3,TL,8,86.5,Paralichthyidae,Pleuronectiformes,Teleostei
Cottocomephorus inermis,Cottocomephorus,0.00488,3,1,TL,,,Cottidae,Perciformes/Cottoidei,Teleostei
Comephorus baikalensis,Comephorus,0.005595,3.07,2,SL,5.4,19.7,Cottidae,Perciformes/Cottoidei,Teleostei
Comephorus dybowskii,Comephorus,0.00319,3.295,2,SL,4.8,12.8,Cottidae,Perciformes/Cottoidei,Teleostei
Mola alexandrini,Mola,0.011,3.3248,1,TL,29,330,Molidae,Tetraodontiformes,Teleostei
Ctenobrycon hauxwellianus,Ctenobrycon,0.01525,3.1015,2,SL,2.6,7.9,Acestrorhamphidae,Characiformes,Teleostei
Hemigrammus marginatus,Hemigrammus,0.04225,2.73,2,SL,1,4.1,Acestrorhamphidae,Characiformes,Teleostei
Hemigrammus levis,Hemigrammus,0.0083,3.155,2,SL,1.2,5.9,Acestrorhamphidae,Characiformes,Teleostei
Pseudophoxinus zeregi,Pseudophoxinus,0.014,3.241,1,SL,3.7,6.7,Leuciscidae,Cypriniformes,Teleostei
Hemigrammus collettii,Hemigrammus,0.00985,3.0155,2,TL,1.8,6.4,Acestrorhamphidae,Characiformes,Teleostei
Moenkhausia intermedia,Moenkhausia,0.03548,2.59,1,SL,2.6,5.1,Acestrorhamphidae,Characiformes,Teleostei
Tetragonopterus chalceus,Tetragonopterus,0.0324,2.898,2,SL,4.8,12.7,Characidae,Characiformes,Teleostei
Garra rufa,Garra,0.0086,3.149,5,TL,2.72,14.1,Cyprinidae,Cypriniformes,Teleostei
Capoeta damascina,Capoeta,0.018,2.9629,11,TL,3.36,43,Cyprinidae,Cypriniformes,Teleostei
Oxynoemacheilus insignis,Oxynoemacheilus,0.014,3,3,SL,3,6.5,Nemacheilidae,Cypriniformes,Teleostei
Oxynoemacheilus tigris,Oxynoemacheilus,0.006,3.143,3,TL,3,8.4,Nemacheilidae,Cypriniformes,Teleostei
Copella nigrofasciata,Copella,0.00913,3.16,1,TL,0.9,4.3,Lebiasinidae,Characiformes,Teleostei
Pyrrhulina filamentosa,Pyrrhulina,0.00705,3.382,2,SL,1.7,11.1,Lebiasinidae,Characiformes,Teleostei
Acnodon normani,Acnodon,0.0089,3.17,1,TL,3.5,19.9,Serrasalmidae,Characiformes,Teleostei
Metynnis lippincottianus,Metynnis,0.049,2.954,3,SL,4.6,16.4,Serrasalmidae,Characiformes,Teleostei
Chondrostoma knerii,Chondrostoma,0.0035,3.27,1,TL,11.7,29.4,Leuciscidae,Cypriniformes,Teleostei
Cobitis elongata,Cobitis,0.0039,3.1984,1,TL,4.9,13.3,Cobitidae,Cypriniformes,Teleostei
Squalius svallize,Squalius,0.01115,3.06,4,FL,4,27.7,Leuciscidae,Cypriniformes,Teleostei
Torquigener flavimaculosus,Torquigener,0.0403,2.8363,3,TL,4.8,11.6,Tetraodontidae,Tetraodontiformes,Teleostei
Cilus gilberti,Cilus,0.015,2.931,1,TL,22.3,92,Sciaenidae,Eupercaria/misc,Teleostei
Apistogramma eunotus,Apistogramma,0.0257,3.06,1,TL,0.9,5.5,Cichlidae,Cichliformes,Teleostei
Mystus atrifasciatus,Mystus,0.00254,3.501,1,TL,6,14,Bagridae,Siluriformes,Teleostei
Apistogramma agassizii,Apistogramma,0.0264,2.9772,2,SL,0.7,4.5,Cichlidae,Cichliformes,Teleostei
Hemisilurus mekongensis,Hemisilurus,0.00128,3.343,1,TL,17.6,50,Siluridae,Siluriformes,Teleostei
Bujurquina moriorum,Bujurquina,0.0389,3.01,1,SL,1.7,10.2,Cichlidae,Cichliformes,Teleostei
Clupisoma sinense,Clupisoma,0.0118,2.71,1,TL,11.8,19.5,Ailiidae,Siluriformes,Teleostei
Astatheros macracanthus,Astatheros,0.0365,3.124,2,SL,2.1,15,Cichlidae,Cichliformes,Teleostei
Glyptothorax laosensis,Glyptothorax,0.00822,3,1,TL,7,9.6,Sisoridae,Siluriformes,Teleostei
Cincelichthys pearsei,Cincelichthys,0.04,3,1,SL,3.6,18.6,Cichlidae,Cichliformes,Teleostei
Chiapaheros grammodes,Chiapaheros,0.034,3.044,1,SL,2.8,13.5,Cichlidae,Cichliformes,Teleostei
Kronoheros umbrifer,Kronoheros,0.0208,3,1,TL,41,41,Cichlidae,Cichliformes,Teleostei
Vieja hartwegi,Vieja,0.039,3.022,1,SL,3,20,Cichlidae,Cichliformes,Teleostei
Macrognathus taeniagaster,Macrognathus,0.00247,3.045,1,TL,7,16,Mastacembelidae,Synbranchiformes,Teleostei
Thorichthys helleri,Thorichthys,0.042,2.951,1,SL,3.1,9.5,Cichlidae,Cichliformes,Teleostei
Petenia splendida,Petenia,0.028,2.9775,2,FL,3.1,23,Cichlidae,Cichliformes,Teleostei
Homalopteroides smithi,Homalopteroides,0.0063,3.0916,7,TL,2.3,9.8,Balitoridae,Cypriniformes,Teleostei
Schistura kohchangensis,Schistura,0.0066,3.1351,5,TL,3.1,7.98,Nemacheilidae,Cypriniformes,Teleostei
Schistura desmotes,Schistura,0.0042,3.1701,1,TL,2.49,7.2,Nemacheilidae,Cypriniformes,Teleostei
Hemibagrus wyckioides,Hemibagrus,0.01,3.101,1,SL,19,95,Bagridae,Siluriformes,Teleostei
Plesiops mystaxus,Plesiops,0.0202,2.92,1,TL,1.05,5.77,Plesiopidae,Ovalentaria/misc,Teleostei
Etmopterus splendidus,Etmopterus,0.00524,3,1,TL,24.7,24.7,Etmopteridae,Squaliformes,Elasmobranchii
Equulites klunzingeri,Equulites,0.00825,3.2475,6,TL,1.9,10.9,Leiognathidae,Acanthuriformes,Teleostei
Opsarius koratensis,Opsarius,0.0204,2.512,1,TL,6,16,Danionidae,Cypriniformes,Teleostei
Chitala ornata,Chitala,0.00726,3,1,TL,88,88,Notopteridae,Osteoglossiformes,Teleostei
Parachela siamensis,Parachela,0.00729,3.101,2,TL,5,19,Xenocyprididae,Cypriniformes,Teleostei
Scartichthys viridis,Scartichthys,0.0191,2.736,1,TL,5.5,19,Blenniidae,Blenniiformes,Teleostei
Luciosoma bleekeri,Luciosoma,0.0153,2.672,1,TL,10,17,Danionidae,Cypriniformes,Teleostei
Rasbora aurotaenia,Rasbora,0.00349,3.224,1,TL,5,11,Danionidae,Cypriniformes,Teleostei
Bathytoshia lata,Bathytoshia,0.0203,3,1,TL,99.1,175,Dasyatidae,Myliobatiformes,Elasmobranchii
Rasbora paviana,Rasbora,0.00995,3.01295,4,TL,2.43,10.79,Danionidae,Cypriniformes,Teleostei
Gymnothorax niphostigmus,Gymnothorax,0.00115,3.01,1,TL,34.4,88.2,Muraenidae,Anguilliformes,Teleostei
Discherodontus ashmeadi,Discherodontus,0.01095,2.997,2,TL,5.6,14.9,Cyprinidae,Cypriniformes,Teleostei
Hypsibarbus wetmorei,Hypsibarbus,0.0197,3.042,7,TL,5.2,46,Cyprinidae,Cypriniformes,Teleostei
Poropuntius deauratus,Poropuntius,0.0149,2.9387,1,TL,3.62,16.95,Cyprinidae,Cypriniformes,Teleostei
Poropuntius laoensis,Poropuntius,0.0162,3,1,TL,32,32,Cyprinidae,Cypriniformes,Teleostei
Scaphognathops bandanensis,Scaphognathops,0.0172,2.863,1,TL,11.9,32,Cyprinidae,Cypriniformes,Teleostei
Scaphognathops stejnegeri,Scaphognathops,0.0205,2.843,1,TL,13,27.6,Cyprinidae,Cypriniformes,Teleostei
Barbodes aurotaeniatus,Barbodes,0.02265,2.68,1,TL,6,9,Cyprinidae,Cypriniformes,Teleostei
Puntigrus partipentazona,Puntigrus,0.02377,2.635,1,TL,4,6,Cyprinidae,Cypriniformes,Teleostei
Cirrhinus jullieni,Cirrhinus,0.0032,3.3448,1,TL,6,20,Cyprinidae,Cypriniformes,Teleostei
Cirrhinus microlepis,Cirrhinus,0.0137,2.861,1,TL,20.7,37,Cyprinidae,Cypriniformes,Teleostei
Henicorhynchus caudimaculatus,Henicorhynchus,0.00671,3.08,1,TL,8.4,26.6,Cyprinidae,Cypriniformes,Teleostei
Osteochilus lini,Osteochilus,0.01426,2.782,1,TL,9,15,Cyprinidae,Cypriniformes,Teleostei
Ceratogarra cambodgiensis,Ceratogarra,0.0223,2.724,1,TL,13,24,Cyprinidae,Cypriniformes,Teleostei
Gyrinocheilus pennocki,Gyrinocheilus,0.0113,2.975,1,TL,13.3,22.8,Gyrinocheilidae,Cypriniformes,Teleostei
Puntioplites falcifer,Puntioplites,0.018,2.8632,1,TL,8.5,28,Cyprinidae,Cypriniformes,Teleostei
Chaetostoma yurubiense,Chaetostoma,0.0396,2.888,1,SL,3.2,17,Loricariidae,Siluriformes,Teleostei
Papyrocranus congoensis,Papyrocranus,0.0169,2.79,1,SL,9.4,29.2,Notopteridae,Osteoglossiformes,Teleostei
Boulengerella cuvieri,Boulengerella,0.00408,3.17,4,FL,17.5,88,Ctenoluciidae,Characiformes,Teleostei
Thalassoma noronhanum,Thalassoma,0.0166,3.07,1,SL,3.5,12.8,Labridae,Eupercaria/misc,Teleostei
Hypsoblennius sordidus,Hypsoblennius,0.0339,2.541,1,TL,5.5,19,Blenniidae,Blenniiformes,Teleostei
Acestrorhynchus heterolepis,Acestrorhynchus,0.00644,3.184,1,SL,13,40.8,Acestrorhynchidae,Characiformes,Teleostei
Opsariichthys bidens,Opsariichthys,0.00549,3.243,11,TL,4.6,26.1,Xenocyprididae,Cypriniformes,Teleostei
Awaous guamensis,Awaous,0.0241,3.17,1,TL,5.4,12.1,Gobiidae,Gobiiformes,Teleostei
Naso caeruleacauda,Naso,0.05855,2.733,2,FL,11,40,Acanthuridae,Acanthuriformes,Teleostei
Gymnothorax moluccensis,Gymnothorax,0.0014,3,1,TL,30.6,,Muraenidae,Anguilliformes,Teleostei
Vinciguerria lucetia,Vinciguerria,0.00329,3.51,1,SL,2.1,5.1,Phosichthyidae,Stomiiformes,Teleostei
Parascorpaena aurita,Parascorpaena,0.0296,2.9065,1,TL,11.2,14,Scorpaenidae,Perciformes/Scorpaenoidei,Teleostei
Lycodes mucosus,Lycodes,0.0045,3,2,SL,21.8,,Zoarcidae,Perciformes/Zoarcoidei,Teleostei
Apogon dammermani,Apogon,0.0208,3,2,SL,3.7,,Apogonidae,Kurtiformes,Teleostei
Petroleuciscus smyrnaeus,Petroleuciscus,0.0258,2.76,1,TL,7.1,11.2,Leuciscidae,Cypriniformes,Teleostei
Gymnothorax porphyreus,Gymnothorax,0.00127,3.07,1,TL,70.5,103.2,Muraenidae,Anguilliformes,Teleostei
Scorpis lineolata,Scorpis,0.00763,3.136,1,TL,3.6,18,Scorpididae,Centrarchiformes,Teleostei
Squalius lepidus,Squalius,0.017,2.78,1,TL,4.3,15.4,Leuciscidae,Cypriniformes,Teleostei
Xenocephalus armatus,Xenocephalus,0.0162,2.9857,1,TL,23,52,Uranoscopidae,Perciformes/Uranoscopoidei,Teleostei
Arius dispar,Arius,0.006,3.44,1,SL,10.2,19.5,Ariidae,Siluriformes,Teleostei
Leporinus desmotes,Leporinus,0.0179,2.81,1,TL,10,22,Anostomidae,Characiformes,Teleostei
Leporinus octofasciatus,Leporinus,0.0137,3.185,4,SL,8.7,31.2,Anostomidae,Characiformes,Teleostei
Aphyocharax dentatus,Aphyocharax,0.03425,2.825,2,SL,1.4,5.4,Characidae,Characiformes,Teleostei
Brycon melanopterus,Brycon,0.016725,3.049,2,SL,11,64.8,Bryconidae,Characiformes,Teleostei
Coryphaenoides brevibarbis,Coryphaenoides,0.248,3.196,1,OT,,,Macrouridae,Gadiformes,Teleostei
Imparfinis mirini,Imparfinis,0.0122,3.11,1,SL,4.42,8.05,Heptapteridae,Siluriformes,Teleostei
Urotrygon microphthalmum,Urotrygon,0.00433,3.0454,2,TL,,,Urotrygonidae,Myliobatiformes,Elasmobranchii
Gymnothorax conspersus,Gymnothorax,0.00035,3.254,1,TL,61,108,Muraenidae,Anguilliformes,Teleostei
Coloconger meadi,Coloconger,0.00415,2.91,1,TL,13.5,26.5,Colocongridae,Anguilliformes,Teleostei
Argonectes longiceps,Argonectes,0.01685,3.02735,2,SL,2.8,26,Hemiodontidae,Characiformes,Teleostei
Curimata cyprinoides,Curimata,0.03155,2.824,2,SL,6.6,23,Curimatidae,Characiformes,Teleostei
Curimatopsis cryptica,Curimatopsis,0.0078,2.774,1,TL,4.1,6.5,Curimatidae,Characiformes,Teleostei
Cyphocharax helleri,Cyphocharax,0.018,3.22,1,SL,2.6,10,Curimatidae,Characiformes,Teleostei
Cyphocharax spilurus,Cyphocharax,0.0172,3.16,1,SL,2.3,9,Curimatidae,Characiformes,Teleostei
Anostomus brevior,Anostomus,0.0115,3.12,1,SL,3.6,9.2,Anostomidae,Characiformes,Teleostei
Hypomasticus despaxi,Hypomasticus,0.0193,2.99,1,SL,5,9.3,Anostomidae,Characiformes,Teleostei
Leporinus gossei,Leporinus,0.0172,3.14,1,SL,4.8,15.5,Anostomidae,Characiformes,Teleostei
Leporinus granti,Leporinus,0.0125,3.20885,2,SL,2.8,18.7,Anostomidae,Characiformes,Teleostei
Leporinus nijsseni,Leporinus,0.0498,2.67,1,SL,4.9,14.4,Anostomidae,Characiformes,Teleostei
Hoplias aimara,Hoplias,0.011,3.125,2,SL,1.6,75,Erythrinidae,Characiformes,Teleostei
Copella carsevennensis,Copella,0.0053,3.113,1,TL,2.7,5.7,Lebiasinidae,Characiformes,Teleostei
Lonchopisthus lemur,Lonchopisthus,0.03187,2.41,1,TL,4.5,10,Opistognathidae,Ovalentaria/misc,Teleostei
Malacoctenus delalandii,Malacoctenus,0.0122,2.95,1,TL,2.1,5.5,Labrisomidae,Blenniiformes,Teleostei
Piabucus dentatus,Piabucus,0.0089,3,1,SL,3,10.3,Iguanodectidae,Characiformes,Teleostei
Poptella brevispina,Poptella,0.0073,3.32,3,TL,2,9.1,Acestrorhamphidae,Characiformes,Teleostei
Hemibrycon surinamensis,Hemibrycon,0.014,3.23,1,SL,2.2,9.5,Stevardiidae,Characiformes,Teleostei
Knodus heteresthes,Knodus,0.015,2.79,1,TL,1.8,5,Stevardiidae,Characiformes,Teleostei
Jupiaba abramoides,Jupiaba,0.0143,3.29,1,SL,2,11.7,Acestrorhamphidae,Characiformes,Teleostei
Astyanax validus,Astyanax,0.0184,3.2,1,SL,3.8,12,Acestrorhamphidae,Characiformes,Teleostei
Jupiaba keithi,Jupiaba,0.0196,3.13,1,SL,2.3,7.5,Acestrorhamphidae,Characiformes,Teleostei
Bryconops melanurus,Bryconops,0.0123,3.0495,6,SL,2.3,13.2,Iguanodectidae,Characiformes,Teleostei
Hemigrammus bellottii,Hemigrammus,0.011,3.21,1,SL,1386,3.254,Acestrorhamphidae,Characiformes,Teleostei
Iksookimia longicorpa,Iksookimia,0.0037,3.13,3,TL,7.2,13.1,Cobitidae,Cypriniformes,Teleostei
Cobitis choii,Cobitis,0.0015,3.485,1,TL,3.5,8.5,Cobitidae,Cypriniformes,Teleostei
Megalamphodus copelandi,Megalamphodus,0.01135,3.0458,2,SL,1.6,5,Acestrorhamphidae,Characiformes,Teleostei
Moenkhausia chrysargyrea,Moenkhausia,0.0153,3.37,1,SL,1.9,8.9,Acestrorhamphidae,Characiformes,Teleostei
Tetragonopterus georgiae,Tetragonopterus,0.0252,3.06,1,SL,2.2,12.1,Characidae,Characiformes,Teleostei
Moenkhausia hemigrammoides,Moenkhausia,0.0204,3.22,1,SL,1.5,3.7,Acestrorhamphidae,Characiformes,Teleostei
Moenkhausia moisae,Moenkhausia,0.00855,3.6,1,SL,2,10.6,Acestrorhamphidae,Characiformes,Teleostei
Moenkhausia surinamensis,Moenkhausia,0.0188,3.21,1,SL,2.6,10.3,Acestrorhamphidae,Characiformes,Teleostei
Roeboexodon guyanensis,Roeboexodon,0.008,3.11,1,TL,3,11.5,Characidae,Characiformes,Teleostei
Johnius dorsalis,Johnius,0.01965,2.977,2,SL,2.5,22,Sciaenidae,Eupercaria/misc,Teleostei
Cobitis lutheri,Cobitis,0.0026,3.42,1,TL,4.7,9.6,Cobitidae,Cypriniformes,Teleostei
Parabotia mantschuricus,Parabotia,0.0107,3.044,1,SL,7.8,19,Botiidae,Cypriniformes,Teleostei
Tachysurus brashnikowi,Tachysurus,0.0145,2.96,1,SL,2.9,15.9,Bagridae,Siluriformes,Teleostei
Characidium zebra,Characidium,0.009465,2.995,8,SL,1.4,7.4,Crenuchidae,Characiformes,Teleostei
Prosomyleus rhomboidalis,Prosomyleus,0.0298,2.94,1,TL,4.5,40.7,Serrasalmidae,Characiformes,Teleostei
Pristobrycon striolatus,Pristobrycon,0.0175,3.2,2,SL,9.5,20.1,Serrasalmidae,Characiformes,Teleostei
Hypopygus lepturus,Hypopygus,0.004515,2.728,2,SL,2.349,10.2,Hypopomidae,Gymnotiformes,Teleostei
Brachyhypopomus beebei,Brachyhypopomus,0.00512,2.69,1,SL,4.4,12.5,Hypopomidae,Gymnotiformes,Teleostei
Rhamphichthys rostratus,Rhamphichthys,0.002,2.94,1,TL,30,103,Rhamphichthyidae,Gymnotiformes,Teleostei
Tachysurus ussuriensis,Tachysurus,0.02185,2.685,4,TL,7,51.3,Bagridae,Siluriformes,Teleostei
Tachysurus fulvidraco,Tachysurus,0.0158,2.85,11,TL,4.6,33.9,Bagridae,Siluriformes,Teleostei
Siniperca chuatsi,Siniperca,0.0177,3.069,7,TL,7.5,66.1,Sinipercidae,Centrarchiformes,Teleostei
Coregonus macrophthalmus,Coregonus,0.00471,3.169,9,TL,,,Salmonidae,Salmoniformes,Teleostei
Trimma avidori,Trimma,0.011,3.028,1,TL,0.965,2.36,Gobiidae,Gobiiformes,Teleostei
Trimma flavicaudatum,Trimma,0.012,2.668,1,TL,1.17,2.334,Gobiidae,Gobiiformes,Teleostei
Trimma mendelssohni,Trimma,0.0154,2.73,1,TL,0.933,2.866,Gobiidae,Gobiiformes,Teleostei
Grammoplites suppositus,Grammoplites,0.007,2.809,2,TL,12.5,31,Platycephalidae,Perciformes/Scorpaenoidei,Teleostei
Pseudosynanceia melanostigma,Pseudosynanceia,0.011,3.19,1,TL,13,20.5,Synanceiidae,Perciformes/Scorpaenoidei,Teleostei
Microgobius meeki,Microgobius,0.005,2.937,1,TL,1.4,6.9,Gobiidae,Gobiiformes,Teleostei
Peprilus paru,Peprilus,0.03141,2.8,12,TL,2,36,Stromateidae,Scombriformes,Teleostei
Alosa agone,Alosa,0.0122,3,5,FL,26,42.6,Alosidae,Clupeiformes,Teleostei
Lagocephalus guentheri,Lagocephalus,0.0295,2.72975,2,TL,3.8,37.4,Tetraodontidae,Tetraodontiformes,Teleostei
Physiculus fulvus,Physiculus,0.00267,3.54,1,TL,0.523,8.2,Moridae,Gadiformes,Teleostei
Laemonema barbatulum,Laemonema,0.0019,3.355,1,TL,7.5,27,Moridae,Gadiformes,Teleostei
Thalassophryne nattereri,Thalassophryne,0.0117,3.23,1,TL,3.6,21.3,Batrachoididae,Batrachoidiformes,Teleostei
Parablennius laticlavius,Parablennius,0.00584,3.143,1,TL,2.1,6.6,Blenniidae,Blenniiformes,Teleostei
Amphilophus labiatus,Amphilophus,0.00915,3.19515,4,TL,7.4,28.3,Cichlidae,Cichliformes,Teleostei
Osteochilus salsburyi,Osteochilus,0.028695,3.0445,2,TL,6.6,20.1,Cyprinidae,Cypriniformes,Teleostei
Pyrrhulina semifasciata,Pyrrhulina,0.0169,2.9967,1,SL,1.2,5.7,Lebiasinidae,Characiformes,Teleostei
Apareiodon piracicabae,Apareiodon,0.01286,3.0475,2,SL,1.4,19.5,Parodontidae,Characiformes,Teleostei
Saccodon dariensis,Saccodon,0.0123,3.1346,1,SL,3.8,16.8,Parodontidae,Characiformes,Teleostei
Corydoras ehrhardti,Corydoras,0.05864,2.405,1,TL,3.3,11.6,Callichthyidae,Siluriformes,Teleostei
Corydoras garbei,Corydoras,0.0212,3.696,1,SL,1.25,3.88,Callichthyidae,Siluriformes,Teleostei
Luciobarbus graellsii,Luciobarbus,0.00735,3.134,8,TL,3.5,53,Cyprinidae,Cypriniformes,Teleostei
Sinibotia superciliaris,Sinibotia,0.02,2.805,5,TL,4.7,16.4,Botiidae,Cypriniformes,Teleostei
Sinibotia pulchra,Sinibotia,0.0036,3.338,3,TL,6,12.8,Botiidae,Cypriniformes,Teleostei
Sinibotia reevesae,Sinibotia,0.00821,3.139,1,TL,6,11.2,Botiidae,Cypriniformes,Teleostei
Lissocampus filum,Lissocampus,0.00096,2.891,1,TL,6.7,12.5,Syngnathidae,Syngnathiformes,Teleostei
Stigmatopora argus,Stigmatopora,0.000235,3,2,TL,,,Syngnathidae,Syngnathiformes,Teleostei
Stigmatopora nigra,Stigmatopora,9.5e-05,3,2,TL,,,Syngnathidae,Syngnathiformes,Teleostei
Peristedion ecuadorense,Peristedion,0.0025,3.343,1,TL,6.7,21,Peristediidae,Perciformes/Scorpaenoidei,Teleostei
Aspidoras menezesi,Aspidoras,0.0364,3.101,1,SL,0.92,2.7,Callichthyidae,Siluriformes,Teleostei
Aspidoras rochai,Aspidoras,0.0212,3.115,1,SL,1.68,4.42,Callichthyidae,Siluriformes,Teleostei
Aspidoras spilotus,Aspidoras,0.0268,3.015,1,SL,1.33,4.32,Callichthyidae,Siluriformes,Teleostei
Laemonema robustum,Laemonema,0.00997,3,1,TL,24,35,Moridae,Gadiformes,Teleostei
Haplocylix littoreus,Haplocylix,0.00451,3.155,1,TL,5.2,12.9,Gobiesocidae,Gobiesociformes,Teleostei
Megalamphodus eques,Megalamphodus,0.02005,3.255,2,SL,1.6,3,Acestrorhamphidae,Characiformes,Teleostei
Diplocrepis puniceus,Diplocrepis,0.0138,3.041,1,TL,4.6,10.9,Gobiesocidae,Gobiesociformes,Teleostei
Gastrocyathus gracilis,Gastrocyathus,0.00377,3.145,1,TL,1.7,4.7,Gobiesocidae,Gobiesociformes,Teleostei
Dellichthys morelandi,Dellichthys,0.0088,3.059,1,TL,1.1,8.5,Gobiesocidae,Gobiesociformes,Teleostei
Ectrepopterus uruguayensis,Ectrepopterus,0.0327,2.82,1,SL,2.6,5.1,Acestrorhamphidae,Characiformes,Teleostei
Hyphessobrycon hasemani,Hyphessobrycon,0.0134,2.95,1,TL,1.6,2.7,Acestrorhamphidae,Characiformes,Teleostei
Notoclinops segmentatus,Notoclinops,0.00414,3.246,1,TL,1.7,5,Tripterygiidae,Blenniiformes,Teleostei
Cryptichthys jojettae,Cryptichthys,0.00879,3.037,1,TL,2,5,Tripterygiidae,Blenniiformes,Teleostei
Ruanoho decemdigitatus,Ruanoho,0.00691,3.09,1,TL,2.7,11.5,Tripterygiidae,Blenniiformes,Teleostei
Neobathyclupea argentea,Neobathyclupea,0.00102,3.66,1,TL,14.6,25.6,Bathyclupeidae,Acropomatiformes,Teleostei
Forsterygion malcolmi,Forsterygion,0.00412,3.229,1,TL,3.6,10.4,Tripterygiidae,Blenniiformes,Teleostei
Snyderina guentheri,Snyderina,0.0069,3.2097,1,TL,8.5,16.4,Tetrarogidae,Perciformes/Scorpaenoidei,Teleostei
Minous dempsterae,Minous,0.0095,3.261,1,TL,5.6,13,Synanceiidae,Perciformes/Scorpaenoidei,Teleostei
Halichoeres stigmaticus,Halichoeres,0.0068,3.2314,1,TL,8,20.3,Labridae,Eupercaria/misc,Teleostei
Upeneus pori,Upeneus,0.00885,3.06435,8,TL,5.1,19,Mullidae,Mulliformes,Teleostei
Planiliza klunzingeri,Planiliza,0.0205,2.762,4,TL,2.8,30,Mugilidae,Mugiliformes,Teleostei
Callionymus hindsii,Callionymus,0.0093,2.726,1,TL,,,Callionymidae,Callionymiformes,Teleostei
Chondrostoma vardarense,Chondrostoma,0.008,3.07,1,TL,7.2,31.4,Leuciscidae,Cypriniformes,Teleostei
Eviota pardalota,Eviota,0.0105,3.05,1,TL,0.97,2.01,Gobiidae,Gobiiformes,Teleostei
Periophthalmus waltoni,Periophthalmus,0.0078,3.0587,1,TL,5.6,14.86,Oxudercidae,Gobiiformes,Teleostei
Sacura boulengeri,Sacura,0.0777,2.69,1,SL,13,17.8,Anthiadidae,Perciformes/Serranoidei,Teleostei
Alfaro cultratus,Alfaro,0.00642,3.446,1,SL,2.2,6.6,Poeciliidae,Cyprinodontiformes,Teleostei
Arcos erythrops,Arcos,0.01785,3,2,SL,3.6,,Gobiesocidae,Gobiesociformes,Teleostei
Arcos rhodospilus,Arcos,0.0244,3,2,SL,3.9,,Gobiesocidae,Gobiesociformes,Teleostei
Gobiesox adustus,Gobiesox,0.0161,3,2,SL,2.9,,Gobiesocidae,Gobiesociformes,Teleostei
Salmo dentex,Salmo,0.0084,3.07,1,TL,21.7,88,Salmonidae,Salmoniformes,Teleostei
Salmo marmoratus,Salmo,0.013,3,1,TL,120,120,Salmonidae,Salmoniformes,Teleostei
Cobitis hellenica,Cobitis,0.008,3.094,1,SL,2.606,7.131,Cobitidae,Cypriniformes,Teleostei
Cobitis punctilineata,Cobitis,0.005,3.21,1,TL,4.6,9.3,Cobitidae,Cypriniformes,Teleostei
Cobitis trichonica,Cobitis,0.0049,3.1175,2,TL,5.3,10.2,Cobitidae,Cypriniformes,Teleostei
Cobitis vardarensis,Cobitis,0.0042,3.25,3,TL,3.5,10.6,Cobitidae,Cypriniformes,Teleostei
Oxynoemacheilus argyrogramma,Oxynoemacheilus,0.013,2.77,1,TL,4.5,7.3,Nemacheilidae,Cypriniformes,Teleostei
Pseudogramma thaumasia,Pseudogramma,0.011,3.206,1,TL,1.5,9,Grammistidae,Perciformes/Serranoidei,Teleostei
Enneanectes carminalis,Enneanectes,0.00883,3.197,1,TL,1.33,2.99,Tripterygiidae,Blenniiformes,Teleostei
Thymallus grubii,Thymallus,0.00832,3.05,1,TL,10.4,31.3,Salmonidae,Salmoniformes,Teleostei
Axoclinus cocoensis,Axoclinus,0.01325,3,2,SL,1.8,,Tripterygiidae,Blenniiformes,Teleostei
Axoclinus lucillae,Axoclinus,0.0118,3,2,SL,2.4,,Tripterygiidae,Blenniiformes,Teleostei
Leuciscus waleckii,Leuciscus,0.0108,2.997,3,TL,10.3,29.2,Leuciscidae,Cypriniformes,Teleostei
Axoclinus nigricaudus,Axoclinus,0.018,2.894,1,TL,1.21,3,Tripterygiidae,Blenniiformes,Teleostei
Bellapiscis lesleyae,Bellapiscis,0.0064,3.09,1,TL,2,6,Tripterygiidae,Blenniiformes,Teleostei
Rhynchocypris lagowskii,Rhynchocypris,0.007415,3.14,2,TL,1.7,24.1,Leuciscidae,Cypriniformes,Teleostei
Guianacara geayi,Guianacara,0.0227,3.1175,2,SL,1.4,12.4,Cichlidae,Cichliformes,Teleostei
Aequidens pallidus,Aequidens,0.0226,3.31,1,TL,1.2,10,Cichlidae,Cichliformes,Teleostei
Aequidens plagiozonatus,Aequidens,0.1965,2.33,1,SL,2.8,6.1,Cichlidae,Cichliformes,Teleostei
Eucinostomus dowii,Eucinostomus,0.008,3.2,7,TL,1,19.9,Gerreidae,Eupercaria/misc,Teleostei
Apogon retrosella,Apogon,0.015385,3.202,2,TL,1.15,9.5,Apogonidae,Kurtiformes,Teleostei
Crocodilichthys gracilis,Crocodilichthys,0.012255,2.815,2,TL,1.19,6.4,Tripterygiidae,Blenniiformes,Teleostei
Enneanectes reticulatus,Enneanectes,0.02165,2.68,2,TL,1.22,4.9,Tripterygiidae,Blenniiformes,Teleostei
Chanodichthys dabryi,Chanodichthys,0.00855,3.1035,4,SL,2.9,53.1,Xenocyprididae,Cypriniformes,Teleostei
Dactyloscopus pectoralis,Dactyloscopus,0.00815,3,2,SL,2.7,,Dactyloscopidae,Blenniiformes,Teleostei
Gillellus arenicola,Gillellus,0.00425,3,2,SL,3.4,,Dactyloscopidae,Blenniiformes,Teleostei
Apistogramma hippolytae,Apistogramma,0.0322,2.9537,1,SL,1.4,3.7,Cichlidae,Cichliformes,Teleostei
Exerpes asper,Exerpes,0.00703,2.921,1,TL,1.06,4.75,Labrisomidae,Blenniiformes,Teleostei
Pseudoxiphophorus bimaculatus,Pseudoxiphophorus,0.002,3.02,3,SL,3.1,6.2,Poeciliidae,Cyprinodontiformes,Teleostei
Malacoctenus ebisui,Malacoctenus,0.0076,3,2,SL,3.1,,Labrisomidae,Blenniiformes,Teleostei
Labrisomus jenkinsi,Labrisomus,0.0224,3,2,SL,11.9,,Labrisomidae,Blenniiformes,Teleostei
Malacoctenus gigas,Malacoctenus,0.00985,3,2,SL,2,,Labrisomidae,Blenniiformes,Teleostei
Malacoctenus zacae,Malacoctenus,0.01135,3,2,SL,3.6,,Labrisomidae,Blenniiformes,Teleostei
Malacoctenus zonifer,Malacoctenus,0.0163,3,2,SL,5.5,,Labrisomidae,Blenniiformes,Teleostei
Apistogramma regani,Apistogramma,0.02,3.07,1,SL,1.236,4.688,Cichlidae,Cichliformes,Teleostei
Paraclinus sini,Paraclinus,0.010075,3.2205,2,TL,0.91,4.96,Labrisomidae,Blenniiformes,Teleostei
Starksia spinipenis,Starksia,0.011195,3.3075,2,TL,1.79,4.37,Labrisomidae,Blenniiformes,Teleostei
Acanthemblemaria balanorum,Acanthemblemaria,0.0063,3.217,1,TL,2.42,5.19,Chaenopsidae,Blenniiformes,Teleostei
Acanthemblemaria crockeri,Acanthemblemaria,0.011785,2.6825,2,TL,1.43,4.51,Chaenopsidae,Blenniiformes,Teleostei
Chanodichthys mongolicus,Chanodichthys,0.0107,3.04,9,SL,3.7,52.6,Xenocyprididae,Cypriniformes,Teleostei
Culter alburnus,Culter,0.0115,2.96,5,SL,4.1,104,Xenocyprididae,Cypriniformes,Teleostei
Acanthemblemaria hancocki,Acanthemblemaria,0.0092,3,2,SL,3.3,,Chaenopsidae,Blenniiformes,Teleostei
Pseudoxiphophorus jonesii,Pseudoxiphophorus,0.0098,3.157,3,TL,1.8,9.2,Poeciliidae,Cyprinodontiformes,Teleostei
Acanthemblemaria macrospilus,Acanthemblemaria,0.00635,3,2,SL,3.4,,Chaenopsidae,Blenniiformes,Teleostei
Coralliozetus micropes,Coralliozetus,0.014,2.846,1,TL,1.61,2.03,Chaenopsidae,Blenniiformes,Teleostei
Coralliozetus rosenblatti,Coralliozetus,0.00665,3,2,SL,2.3,,Chaenopsidae,Blenniiformes,Teleostei
Hemiculter lucidus,Hemiculter,0.0079,2.99,1,FL,6.4,18.6,Xenocyprididae,Cypriniformes,Teleostei
Caquetaia kraussii,Caquetaia,0.04495,2.893,4,SL,4.5,23.5,Cichlidae,Cichliformes,Teleostei
Malacoctenus hubbsi,Malacoctenus,0.018,3.092,1,TL,2.29,4.86,Labrisomidae,Blenniiformes,Teleostei
Plagiognathops microlepis,Plagiognathops,0.017,2.836,3,FL,4.5,51.3,Xenocyprididae,Cypriniformes,Teleostei
Cichla intermedia,Cichla,0.0327,2.771,1,TL,17,54.6,Cichlidae,Cichliformes,Teleostei
Cichla orinocensis,Cichla,0.00628,3.2406,1,TL,38.1,72,Cichlidae,Cichliformes,Teleostei
Cichlasoma araguaiense,Cichlasoma,0.0915,2.818,3,SL,5,15.5,Cichlidae,Cichliformes,Teleostei
Cichlasoma dimerus,Cichlasoma,0.03305,3.22,2,SL,2.4,11,Cichlidae,Cichliformes,Teleostei
Cichlasoma orientale,Cichlasoma,0.03115,2.9025,6,TL,1.8,14.7,Cichlidae,Cichliformes,Teleostei
Stathmonotus sinuscalifornici,Stathmonotus,0.006,3.16,1,TL,0.88,3.08,Chaenopsidae,Blenniiformes,Teleostei
Entomacrodus chiostictus,Entomacrodus,0.0124,3,2,SL,3.3,,Blenniidae,Blenniiformes,Teleostei
Cichlasoma paranaense,Cichlasoma,0.04215,3.16,2,SL,0.8,9.5,Cichlidae,Cichliformes,Teleostei
Cichlasoma portalegrense,Cichlasoma,0.00179,3.16,1,TL,4,12.9,Cichlidae,Cichliformes,Teleostei
Hypsoblennius striatus,Hypsoblennius,0.0156,3,2,SL,3.4,,Blenniidae,Blenniiformes,Teleostei
Crenicichla albopunctata,Crenicichla,0.0151,3.06,1,SL,2.5,13.5,Cichlidae,Cichliformes,Teleostei
Barbulifer pantherinus,Barbulifer,0.012335,3.204,2,TL,1.18,3.79,Gobiidae,Gobiiformes,Teleostei
Crenicichla britskii,Crenicichla,0.0207,3.06,1,SL,1.2,10,Cichlidae,Cichliformes,Teleostei
Crenicichla celidochilus,Crenicichla,0.01,2.97,1,TL,6.5,26.8,Cichlidae,Cichliformes,Teleostei
Chriolepis zebra,Chriolepis,0.013,3.233,1,TL,0.91,2.78,Gobiidae,Gobiiformes,Teleostei
Notolabrus parilus,Notolabrus,0.021,2.9072,3,TL,,,Labridae,Eupercaria/misc,Teleostei
Acanthorhodeus chankaensis,Acanthorhodeus,0.0102,3.1225,10,TL,3.1,14.4,Acheilognathidae,Cypriniformes,Teleostei
Chriolepis semisquamata,Chriolepis,0.016,3.204,1,TL,1.25,3.3,Gobiidae,Gobiiformes,Teleostei
Lythrypnus rhizophora,Lythrypnus,0.019,3,3,TL,0.74,2.18,Gobiidae,Gobiiformes,Teleostei
Notolabrus celidotus,Notolabrus,0.00472,3.227,1,TL,2.7,20.1,Labridae,Eupercaria/misc,Teleostei
Lythrypnus pulchellus,Lythrypnus,0.014205,3.099,2,TL,0.7,3.39,Gobiidae,Gobiiformes,Teleostei
Crenicichla igara,Crenicichla,0.005,3.23,1,TL,6.7,31.2,Cichlidae,Cichliformes,Teleostei
Crenicichla jurubi,Crenicichla,0.014,2.87,1,TL,8.2,30.3,Cichlidae,Cichliformes,Teleostei
Crenicichla lacustris,Crenicichla,0.00487,3.28,4,TL,3.6,35.2,Cichlidae,Cichliformes,Teleostei
Lugubria lenticulata,Lugubria,0.00884,3,1,TL,39.4,40.6,Cichlidae,Cichliformes,Teleostei
Gobionellus microdon,Gobionellus,0.005815,2.904,4,SL,1.3,18.4,Gobiidae,Gobiiformes,Teleostei
Gobiosoma chiquita,Gobiosoma,0.014,3.2575,2,SL,1.09,3.92,Gobiidae,Gobiiformes,Teleostei
Lugubria lugubris,Lugubria,0.01485,3.002,2,SL,11.5,32.9,Cichlidae,Cichliformes,Teleostei
Crenicichla minuano,Crenicichla,0.008,3.08,1,TL,4,26,Cichlidae,Cichliformes,Teleostei
Elacatinus puncticulatus,Elacatinus,0.01358,3.038,2,TL,1,4.99,Gobiidae,Gobiiformes,Teleostei
Tigrigobius digueti,Tigrigobius,0.00708,3.359,1,TL,1.17,2.93,Gobiidae,Gobiiformes,Teleostei
Ctenogobius manglicola,Ctenogobius,0.008,3.42,1,SL,1.72,2.35,Gobiidae,Gobiiformes,Teleostei
Crenicichla scottii,Crenicichla,0.0097,3.26,2,SL,6,24,Cichlidae,Cichliformes,Teleostei
Crenicichla tendybaguassu,Crenicichla,0.013,2.91,1,TL,10.3,19.6,Cichlidae,Cichliformes,Teleostei
Crenicichla vittata,Crenicichla,0.003,3.37,1,TL,4.5,31,Cichlidae,Cichliformes,Teleostei
Geophagus argyrostictus,Geophagus,0.0133,3.06,1,TL,3,24.2,Cichlidae,Cichliformes,Teleostei
Tomicodon humeralis,Tomicodon,0.00975,3,2,SL,3.8,,Gobiesocidae,Gobiesociformes,Teleostei
Gnathopogon strigatus,Gnathopogon,0.0081,3.145,1,TL,4.7,10.3,Gobionidae,Cypriniformes,Teleostei
Gobio cynocephalus,Gobio,0.10909,2.2868,2,TL,1.8,15.2,Gobionidae,Cypriniformes,Teleostei
Coregonus laurettae,Coregonus,0.01675,2.961,1,FL,,,Salmonidae,Salmoniformes,Teleostei
Awaous tajasica,Awaous,0.00464,3.3,1,TL,3.6,16.1,Gobiidae,Gobiiformes,Teleostei
Pseudolabrus miles,Pseudolabrus,0.0192,3.12,1,SL,9.9,22.4,Labridae,Eupercaria/misc,Teleostei
Coryphaenoides murrayi,Coryphaenoides,0.162,2.98,1,OT,5,18,Macrouridae,Gadiformes,Teleostei
Scorpaena cardinalis,Scorpaena,0.0111,3.206,1,TL,,,Scorpaenidae,Perciformes/Scorpaenoidei,Teleostei
Karalepis stewarti,Karalepis,0.00623,3.099,1,TL,2.8,13.4,Tripterygiidae,Blenniiformes,Teleostei
Gilloblennius tripennis,Gilloblennius,0.0179,2.896,1,TL,4.5,11.6,Tripterygiidae,Blenniiformes,Teleostei
Notoclinus fenestratus,Notoclinus,0.00693,3.077,1,TL,2.9,12.7,Tripterygiidae,Blenniiformes,Teleostei
Notoclinus compressus,Notoclinus,0.00247,3.317,1,TL,2,8.7,Tripterygiidae,Blenniiformes,Teleostei
Forsterygion varium,Forsterygion,0.0177,2.99,1,SL,1.5,10,Tripterygiidae,Blenniiformes,Teleostei
Notoclinops yaldwyni,Notoclinops,0.00561,3.179,1,TL,1.7,6.4,Tripterygiidae,Blenniiformes,Teleostei
Cristiceps aurantiacus,Cristiceps,0.00202,3.675,1,TL,12,19.8,Clinidae,Blenniiformes,Teleostei
Ericentrus rubrus,Ericentrus,0.0139,2.846,1,TL,1.8,10.4,Clinidae,Blenniiformes,Teleostei
Pempheris adspersa,Pempheris,0.00776,3.127,1,TL,4.7,16,Pempheridae,Acropomatiformes,Teleostei
Chironemus marmoratus,Chironemus,0.00579,3.18,1,TL,12.5,27.3,Chironemidae,Centrarchiformes,Teleostei
Aplodactylus arctidens,Aplodactylus,0.00526,3.207,1,TL,19.4,52,Aplodactylidae,Centrarchiformes,Teleostei
Forsterygion maryannae,Forsterygion,0.00387,3.243,1,TL,2.4,5.9,Tripterygiidae,Blenniiformes,Teleostei
Guianacara owroewefi,Guianacara,0.0272,3.23,1,SL,1.8,6,Cichlidae,Cichliformes,Teleostei
Hoplarchus psittacus,Hoplarchus,0.0228,3,1,TL,31.8,31.8,Cichlidae,Cichliformes,Teleostei
Krobia guianensis,Krobia,0.0049,3.392,1,TL,3.1,12.3,Cichlidae,Cichliformes,Teleostei
Nannacara aureocephalus,Nannacara,0.0367,2.94,1,SL,1.2,5.8,Cichlidae,Cichliformes,Teleostei
Retroculus lapidifer,Retroculus,0.034,2.97,4,SL,1.78,25.1,Cichlidae,Cichliformes,Teleostei
Retroculus xinguensis,Retroculus,0.0111,3.11,1,TL,3.1,31,Cichlidae,Cichliformes,Teleostei
Iranocichla hormuzensis,Iranocichla,0.0189,3.041,1,TL,3.33,12.9,Cichlidae,Cichliformes,Teleostei
Neosalanx jordani,Neosalanx,0.00199,3.292,2,TL,2.93,5.7,Salangidae,Osmeriformes,Teleostei
Neosalanx anderssoni,Neosalanx,0.00389,2.9,1,TL,3.7,11.49,Salangidae,Osmeriformes,Teleostei
Salanx prognathus,Salanx,0.00175,3,1,TL,10.79,13.87,Salangidae,Osmeriformes,Teleostei
Galaxias platei,Galaxias,0.005,3.15,1,TL,2.1,16.8,Galaxiidae,Galaxiiformes,Teleostei
Phalloptychus januarius,Phalloptychus,0.007935,3.385,2,TL,2.01,3.27,Poeciliidae,Cyprinodontiformes,Teleostei
Abyssocottus korotneffi,Abyssocottus,0.00994,3,1,TL,,,Cottidae,Perciformes/Cottoidei,Teleostei
Poeciliopsis fasciata,Poeciliopsis,0.0135,3.4635,2,SL,1,5.1,Poeciliidae,Cyprinodontiformes,Teleostei
Poeciliopsis hnilickai,Poeciliopsis,0.014,3.315,1,SL,3,4.9,Poeciliidae,Cyprinodontiformes,Teleostei
Poeciliopsis turrubarensis,Poeciliopsis,0.0059,3.34,1,TL,2.2,5.6,Poeciliidae,Cyprinodontiformes,Teleostei
Priapichthys annectens,Priapichthys,0.01846,3.0901,1,SL,1.71,5.19,Poeciliidae,Cyprinodontiformes,Teleostei
Microphysogobio amurensis,Microphysogobio,0.0039,3.259,1,TL,5.3,7.6,Gobionidae,Cypriniformes,Teleostei
Romanogobio tenuicorpus,Romanogobio,0.0275,2.504,1,TL,10.9,25.6,Gobionidae,Cypriniformes,Teleostei
Sarcocheilichthys sinensis,Sarcocheilichthys,0.0194,3.08,5,SL,3.8,24.2,Gobionidae,Cypriniformes,Teleostei
Saurogobio dabryi,Saurogobio,0.009,2.98,10,TL,2.8,27.3,Gobionidae,Cypriniformes,Teleostei
Squalidus chankaensis,Squalidus,0.0048,3.287,3,TL,3.6,17.5,Gobionidae,Cypriniformes,Teleostei
Protemblemaria bicirrus,Protemblemaria,0.00605,3,2,SL,3,,Chaenopsidae,Blenniiformes,Teleostei
Helicolenus barathri,Helicolenus,0.03045,2.9235,2,FL,10,43,Sebastidae,Perciformes/Scorpaenoidei,Teleostei
Hemidoras stenopeltis,Hemidoras,0.01095,3.088,1,SL,8.7,19.4,Doradidae,Siluriformes,Teleostei
Leptodoras hasemani,Leptodoras,0.0047,3.28,1,TL,8.5,22.8,Doradidae,Siluriformes,Teleostei
Hemidoras boulengeri,Hemidoras,0.02198,2.858,1,SL,6.2,19.3,Doradidae,Siluriformes,Teleostei
Nemadoras hemipeltis,Nemadoras,0.0214,2.9178,1,SL,9,14,Doradidae,Siluriformes,Teleostei
Nemadoras humeralis,Nemadoras,0.01908,3.061,1,SL,7,13.5,Doradidae,Siluriformes,Teleostei
Hemidoras morei,Hemidoras,0.0295,2.8067,1,SL,4,16.3,Doradidae,Siluriformes,Teleostei
Hemidoras stuebelii,Hemidoras,0.0129,3.1868,1,SL,10.1,15.2,Doradidae,Siluriformes,Teleostei
Hassar affinis,Hassar,0.0217,2.99,1,SL,7.6,20.7,Doradidae,Siluriformes,Teleostei
Hassar orestis,Hassar,0.0133,2.87,1,TL,9.4,29.8,Doradidae,Siluriformes,Teleostei
Leptodoras praelongus,Leptodoras,0.0147,3.101,1,SL,6.5,18,Doradidae,Siluriformes,Teleostei
Hassar wilderi,Hassar,0.039,2.723,1,SL,8,21,Doradidae,Siluriformes,Teleostei
Coelorinchus bollonsi,Coelorinchus,0.00235,3.2515,2,TL,25.1,64,Macrouridae,Gadiformes,Teleostei
Symphurus trewavasae,Symphurus,0.004,3.265,1,TL,9.9,18.2,Cynoglossidae,Pleuronectiformes,Teleostei
Symphurus kyaropterygium,Symphurus,0.0316,2.62,1,TL,9.3,11.4,Cynoglossidae,Pleuronectiformes,Teleostei
Trachydoras nattereri,Trachydoras,0.011,3.39,1,SL,8.7,12.4,Doradidae,Siluriformes,Teleostei
Trachydoras paraguayensis,Trachydoras,0.026595,3.0965,6,SL,5.3,19.2,Doradidae,Siluriformes,Teleostei
Trachydoras brevis,Trachydoras,0.0146,3.007,1,TL,8.5,13.9,Doradidae,Siluriformes,Teleostei
Anadoras grypus,Anadoras,0.063,2.67185,2,SL,7.5,14.6,Doradidae,Siluriformes,Teleostei
Astrodoras asterifrons,Astrodoras,0.0528,2.564,1,SL,4.5,12.5,Doradidae,Siluriformes,Teleostei
Astronesthes similus,Astronesthes,0.0107,2.55,1,SL,3.6,7.5,Stomiidae,Stomiiformes,Teleostei
Rhinodoras dorbignyi,Rhinodoras,0.129,2.29,1,SL,17,22.5,Doradidae,Siluriformes,Teleostei
Platydoras armatulus,Platydoras,0.03785,2.8275,2,SL,7.7,43,Doradidae,Siluriformes,Teleostei
Franciscodoras marmoratus,Franciscodoras,0.008,3.314,1,SL,7.9,29,Doradidae,Siluriformes,Teleostei
Symphurus jenynsi,Symphurus,0.00114,3.611,1,TL,11.3,25.8,Cynoglossidae,Pleuronectiformes,Teleostei
Trachydoras steindachneri,Trachydoras,0.0754,2.5345,1,SL,10.5,16,Doradidae,Siluriformes,Teleostei
Centrochir crocodili,Centrochir,0.04085,2.746,2,SL,5.2,22.5,Doradidae,Siluriformes,Teleostei
Epapterus dispilurus,Epapterus,0.004,3.39,1,SL,8,15.4,Auchenipteridae,Siluriformes,Teleostei
Auchenipterichthys longimanus,Auchenipterichthys,0.01765,2.96,2,TL,5.5,22.8,Auchenipteridae,Siluriformes,Teleostei
Ogcocephalus vespertilio,Ogcocephalus,0.0302,2.83,3,TL,4,14.5,Ogcocephalidae,Lophiiformes,Teleostei
Glanidium ribeiroi,Glanidium,0.0199,3.1,1,SL,5.9,22,Auchenipteridae,Siluriformes,Teleostei
Polyipnus asteroides,Polyipnus,0.03477,2.55,1,TL,2.1,8.7,Sternoptychidae,Stomiiformes,Teleostei
Wertheimeria maculata,Wertheimeria,0.03,2.85,1,SL,9.9,26.2,Doradidae,Siluriformes,Teleostei
Centromochlus heckelii,Centromochlus,0.01822,3.024,1,SL,5.3,13.9,Auchenipteridae,Siluriformes,Teleostei
Trachelyopterus insignis,Trachelyopterus,0.0218,2.904,2,SL,5.7,22.5,Auchenipteridae,Siluriformes,Teleostei
Megalonema xanthum,Megalonema,0.0181,2.8307,1,SL,4.6,15.2,Pimelodidae,Siluriformes,Teleostei
Megalonema platanum,Megalonema,0.00835,3.05,2,SL,11.5,40,Pimelodidae,Siluriformes,Teleostei
Lophiosilurus alexandri,Lophiosilurus,0.045,2.76,1,SL,10,63.5,Pseudopimelodidae,Siluriformes,Teleostei
Cephalosilurus fowleri,Cephalosilurus,0.005,3.293,1,SL,10.3,29,Pseudopimelodidae,Siluriformes,Teleostei
Zungaro zungaro,Zungaro,0.0281,2.924,5,SL,16.7,137,Pimelodidae,Siluriformes,Teleostei
Acentronichthys leptos,Acentronichthys,0.007905,2.785,2,SL,2.7,11,Heptapteridae,Siluriformes,Teleostei
Chasmocranus longior,Chasmocranus,0.00762,3.06,1,SL,2.7,11.3,Heptapteridae,Siluriformes,Teleostei
Heptapterus mustelinus,Heptapterus,0.0097,2.85,3,SL,2.1,26,Heptapteridae,Siluriformes,Teleostei
Chasmocranus quadrizonatus,Chasmocranus,0.0093,2.899,1,TL,4.4,6.3,Heptapteridae,Siluriformes,Teleostei
Chasmocranus rosae,Chasmocranus,0.00918,2.93,1,TL,3.8,9.7,Heptapteridae,Siluriformes,Teleostei
Rhynchocypris czekanowskii,Rhynchocypris,0.119,1.6615,1,TL,1.1,6.3,Leuciscidae,Cypriniformes,Teleostei
Cetopsorhamdia nasus,Cetopsorhamdia,0.0212,2.8027,1,SL,3.7,10.3,Heptapteridae,Siluriformes,Teleostei
Cetopsorhamdia iheringi,Cetopsorhamdia,0.0125,3.25,1,SL,2.6,11.1,Heptapteridae,Siluriformes,Teleostei
Rhodeus lighti,Rhodeus,0.00935,3.179,1,TL,2.7,7.2,Acheilognathidae,Cypriniformes,Teleostei
Pimelodus albofasciatus,Pimelodus,0.0271,2.8266,1,SL,6.5,29.5,Pimelodidae,Siluriformes,Teleostei
Pimelodella cristata,Pimelodella,0.0148,2.81,3,SL,4,30,Heptapteridae,Siluriformes,Teleostei
Pimelodella geryi,Pimelodella,0.0127,2.93,1,SL,3.2,10.8,Heptapteridae,Siluriformes,Teleostei
Pseudaspius brandtii,Pseudaspius,0.0177,3,1,TL,53,54,Leuciscidae,Cypriniformes,Teleostei
Pimelodella procera,Pimelodella,0.00776,3.11,1,SL,3.2,11.7,Heptapteridae,Siluriformes,Teleostei
Goeldiella eques,Goeldiella,0.016,3,1,SL,7.4,25.5,Heptapteridae,Siluriformes,Teleostei
Cobitis sinensis,Cobitis,0.007565,2.9205,4,TL,3.5,15.3,Cobitidae,Cypriniformes,Teleostei
Sabanejewia caspia,Sabanejewia,0.0045,3.0895,2,TL,3.7,8.8,Cobitidae,Cypriniformes,Teleostei
Gymnelus hemifasciatus,Gymnelus,0.00252,3.1359,1,TL,,,Zoarcidae,Perciformes/Zoarcoidei,Teleostei
Eigenmannia humboldtii,Eigenmannia,0.002,2.818,1,SL,18.2,48.6,Sternopygidae,Gymnotiformes,Teleostei
Eigenmannia microstomus,Eigenmannia,0.016,2.568,1,SL,1.6,36,Sternopygidae,Gymnotiformes,Teleostei
Eigenmannia trilineata,Eigenmannia,0.0062,2.58,1,SL,5.1,19.5,Sternopygidae,Gymnotiformes,Teleostei
Ponticola bathybius,Ponticola,0.0777,2.44,1,TL,21.1,29.3,Gobiidae,Gobiiformes,Teleostei
Neogobius caspius,Neogobius,0.0136,3.024,3,TL,4.93,17.5,Gobiidae,Gobiiformes,Teleostei
Ageneiosus inermis,Ageneiosus,0.015235,3.03,6,SL,12.7,64.8,Auchenipteridae,Siluriformes,Teleostei
Batrachocottus baicalensis,Batrachocottus,0.0171,3,1,TL,,,Cottidae,Perciformes/Cottoidei,Teleostei
Batrachocottus nikolskii,Batrachocottus,0.0175,3,1,TL,,,Cottidae,Perciformes/Cottoidei,Teleostei
Leocottus kesslerii,Leocottus,0.015,3,1,TL,,,Cottidae,Perciformes/Cottoidei,Teleostei
Cottus sibiricus,Cottus,0.02,2.986,1,SL,4.6,11.4,Cottidae,Perciformes/Cottoidei,Teleostei
Sternopygus aequilabiatus,Sternopygus,9e-04,3.19,1,SL,21.2,81,Sternopygidae,Gymnotiformes,Teleostei
Apteronotus mariae,Apteronotus,0.005,2.807,1,SL,14.5,27.3,Apteronotidae,Gymnotiformes,Teleostei
Paracottus knerii,Paracottus,0.0139,3,1,TL,,,Cottidae,Perciformes/Cottoidei,Teleostei
Abyssocottus gibbosus,Abyssocottus,0.0217,3,1,TL,,,Cottidae,Perciformes/Cottoidei,Teleostei
Asprocottus abyssalis,Asprocottus,0.0125,3,1,TL,,,Cottidae,Perciformes/Cottoidei,Teleostei
Asprocottus herzensteini,Asprocottus,0.01106,3,1,TL,,,Cottidae,Perciformes/Cottoidei,Teleostei
Asprocottus platycephalus,Asprocottus,0.0111,3,1,TL,,,Cottidae,Perciformes/Cottoidei,Teleostei
Cottinella boulengeri,Cottinella,0.0101,3,1,TL,,,Cottidae,Perciformes/Cottoidei,Teleostei
Limnocottus bergianus,Limnocottus,0.00909,3,1,TL,,,Cottidae,Perciformes/Cottoidei,Teleostei
Cyphocottus eurystomus,Cyphocottus,0.0178,3,1,TL,,,Cottidae,Perciformes/Cottoidei,Teleostei
Limnocottus griseus,Limnocottus,0.0149,3,1,TL,,,Cottidae,Perciformes/Cottoidei,Teleostei
Cyphocottus megalops,Cyphocottus,0.0116,3,1,TL,,,Cottidae,Perciformes/Cottoidei,Teleostei
Rhamphichthys pantherinus,Rhamphichthys,2e-04,3.5137,1,SL,31.2,55,Rhamphichthyidae,Gymnotiformes,Teleostei
Gymnorhamphichthys rondoni,Gymnorhamphichthys,0.001,2.907,1,SL,2.69,11.019,Rhamphichthyidae,Gymnotiformes,Teleostei
Limnocottus pallidus,Limnocottus,0.00782,3,1,TL,,,Cottidae,Perciformes/Cottoidei,Teleostei
Procottus jeittelesii,Procottus,0.0145,3,1,TL,,,Cottidae,Perciformes/Cottoidei,Teleostei
Procottus major,Procottus,0.0175,3,1,TL,,,Cottidae,Perciformes/Cottoidei,Teleostei
Alosa tanaica,Alosa,0.005,3.195,4,TL,9.6,30,Alosidae,Clupeiformes,Teleostei
Rhoadsia altipinna,Rhoadsia,0.0187,3.12,1,SL,1.67,9.11,Acestrorhamphidae,Characiformes,Teleostei
Coregonus widegreni,Coregonus,0.0056,3.2199,1,FL,11,50,Salmonidae,Salmoniformes,Teleostei
Rhynchocypris oxycephala,Rhynchocypris,0.007,3.15,3,TL,2,15.4,Leuciscidae,Cypriniformes,Teleostei
Romanogobio persus,Romanogobio,0.002,3.46,1,TL,6.65,9.67,Gobionidae,Cypriniformes,Teleostei
Capoeta tinca,Capoeta,0.0145,2.9429,3,FL,4.2,40.7,Cyprinidae,Cypriniformes,Teleostei
Capoeta sieboldii,Capoeta,0.0115,3.0092,4,FL,5.2,45.5,Cyprinidae,Cypriniformes,Teleostei
Luciobarbus mursa,Luciobarbus,0.01,2.98,1,TL,5.6,21.6,Cyprinidae,Cypriniformes,Teleostei
Schizothorax pelzami,Schizothorax,0.012,2.87,1,TL,9.08,14.48,Cyprinidae,Cypriniformes,Teleostei
Schizothorax pseudoaksaiensis,Schizothorax,0.006,3.14,1,TL,8.22,49.86,Cyprinidae,Cypriniformes,Teleostei
Leucalburnus satunini,Leucalburnus,0.009,3.01,1,TL,6.8,17.2,Leuciscidae,Cypriniformes,Teleostei
Alburnus hohenackeri,Alburnus,0.0099,3.056,2,TL,4.888,11.2,Leuciscidae,Cypriniformes,Teleostei
Alburnus filippii,Alburnus,0.0074,3.0345,2,TL,2.5,20.3,Leuciscidae,Cypriniformes,Teleostei
Acanthobrama microlepis,Acanthobrama,0.01085,3.075,2,,,,Leuciscidae,Cypriniformes,Teleostei
Hedinichthys yarkandensis,Hedinichthys,0.01365,2.98,2,TL,3.1,18.4,Nemacheilidae,Cypriniformes,Teleostei
Lycenchelys paxillus,Lycenchelys,5e-04,3.375,1,TL,,,Zoarcidae,Perciformes/Zoarcoidei,Teleostei
Paraschistura cristata,Paraschistura,0.0048,3.212,5,TL,2.55,9.3,Nemacheilidae,Cypriniformes,Teleostei
Guyanancistrus brevispinis,Guyanancistrus,0.017,3.21,1,SL,2,9,Loricariidae,Siluriformes,Teleostei
Lycodes albolineatus,Lycodes,0.00065,3.5635,2,TL,27,77,Zoarcidae,Perciformes/Zoarcoidei,Teleostei
Lycodes terraenovae,Lycodes,0.00114,3.368,1,TL,,,Zoarcidae,Perciformes/Zoarcoidei,Teleostei
Lycodes concolor,Lycodes,0.00085,3.47,2,TL,44,80,Zoarcidae,Perciformes/Zoarcoidei,Teleostei
Coregonus maraena,Coregonus,0.0073,3.1187,1,FL,18,47,Salmonidae,Salmoniformes,Teleostei
Pseudacanthicus serratus,Pseudacanthicus,0.0194,3.178,2,SL,6.7,32.3,Loricariidae,Siluriformes,Teleostei
Thymallus nigrescens,Thymallus,0.0042,3.15,1,TL,10.8,48.4,Salmonidae,Salmoniformes,Teleostei
Pungitius laevis,Pungitius,0.0125,2.774,1,TL,1.5,8,Gasterosteidae,Perciformes/Gasterosteoidei,Teleostei
Lycodes raridens,Lycodes,0.003115,3.1767,2,FL,8,84,Zoarcidae,Perciformes/Zoarcoidei,Teleostei
Paralithoxus planquettei,Paralithoxus,0.0116,3.33,1,SL,2.2,5.7,Loricariidae,Siluriformes,Teleostei
Pelasgus prespensis,Pelasgus,0.0102,3.02,1,TL,5.1,7.3,Leuciscidae,Cypriniformes,Teleostei
Barbus lacerta,Barbus,0.0115,2.9586,7,TL,2.6,23.3,Cyprinidae,Cypriniformes,Teleostei
Peristedion imberbe,Peristedion,0.0037,3.019,1,TL,6.2,22.4,Peristediidae,Perciformes/Scorpaenoidei,Teleostei
Seminemacheilus lendlii,Seminemacheilus,0.01,2.942,1,TL,4.4,6.9,Nemacheilidae,Cypriniformes,Teleostei
Phenacorhamdia tenebrosa,Phenacorhamdia,0.0137,2.66,1,SL,2.62,7.54,Heptapteridae,Siluriformes,Teleostei
Chirostoma patzcuaro,Chirostoma,0.01085,2.995,2,SL,,,Atherinopsidae,Atheriniformes,Teleostei
Imparfinis minutus,Imparfinis,0.019,2.703,1,SL,2.2,7.7,Heptapteridae,Siluriformes,Teleostei
Rhamdiopsis microcephala,Rhamdiopsis,0.017,2.865,1,SL,2.5,7.7,Heptapteridae,Siluriformes,Teleostei
Rhamdella eriarcha,Rhamdella,0.0141,2.937,1,SL,2.6,17.7,Heptapteridae,Siluriformes,Teleostei
Rhamdia laticauda,Rhamdia,0.013,3.094,1,SL,4.4,29.4,Heptapteridae,Siluriformes,Teleostei
Leucos basak,Leucos,0.00565,3.2905,2,TL,6,23.3,Leuciscidae,Cypriniformes,Teleostei
Pimelodus fur,Pimelodus,0.012,2.995,2,SL,8,28,Pimelodidae,Siluriformes,Teleostei
Parapimelodus valenciennis,Parapimelodus,0.00825,3.145,6,SL,5.7,24,Pimelodidae,Siluriformes,Teleostei
Iheringichthys labrosus,Iheringichthys,0.0101,3.13,11,TL,6.3,43.5,Pimelodidae,Siluriformes,Teleostei
Pimelodella avanhandavae,Pimelodella,0.0224,2.8,1,SL,1.4,14.2,Heptapteridae,Siluriformes,Teleostei
Pimelodella conquetaensis,Pimelodella,0.0043,3.179,1,TL,6.2,14,Heptapteridae,Siluriformes,Teleostei
Pimelodella eigenmanni,Pimelodella,0.004,3.11,1,TL,14.5,24.5,Heptapteridae,Siluriformes,Teleostei
Pimelodella lateristriga,Pimelodella,0.00972,2.92,6,SL,2.7,20.2,Heptapteridae,Siluriformes,Teleostei
Pimelodella meeki,Pimelodella,0.00758,3.034,1,TL,8.4,14.1,Heptapteridae,Siluriformes,Teleostei
Pimelodella taenioptera,Pimelodella,0.027,2.66,1,SL,3.8,9,Heptapteridae,Siluriformes,Teleostei
Bergiaria westermanni,Bergiaria,0.013,2.994,1,SL,9.2,23,Pimelodidae,Siluriformes,Teleostei
Bagropsis reinhardti,Bagropsis,0.024,2.891,1,SL,10.6,34.5,Pimelodidae,Siluriformes,Teleostei
Duopalatinus emarginatus,Duopalatinus,0.004,3.383,1,SL,10.7,35.1,Pimelodidae,Siluriformes,Teleostei
Brycon orbignyanus,Brycon,0.0182,3,1,TL,30.5,31,Bryconidae,Characiformes,Teleostei
Characidium lagosantense,Characidium,0.021,3.024,1,SL,1.4,4.1,Crenuchidae,Characiformes,Teleostei
Harttia leiopleura,Harttia,0.039,2.696,1,SL,2.2,8.3,Loricariidae,Siluriformes,Teleostei
Harttia novalimensis,Harttia,0.017,2.911,1,SL,3.2,7,Loricariidae,Siluriformes,Teleostei
Neoplecostomus franciscoensis,Neoplecostomus,0.043,2.578,1,SL,2.4,9.1,Loricariidae,Siluriformes,Teleostei
Potamotrygon magdalenae,Potamotrygon,0.004,3.095,1,NG,15,50,Potamotrygonidae,Myliobatiformes,Elasmobranchii
Brycon nattereri,Brycon,0.0215,3.033,3,SL,7.9,51,Bryconidae,Characiformes,Teleostei
Sorubim trigonocephalus,Sorubim,0.0014,3.26,1,TL,24,50,Pimelodidae,Siluriformes,Teleostei
Tympanopleura piperata,Tympanopleura,0.011,3.1936,1,SL,7.5,9.5,Auchenipteridae,Siluriformes,Teleostei
Rhinelepis aspera,Rhinelepis,0.01865,2.966,4,TL,21.3,46.9,Loricariidae,Siluriformes,Teleostei
Tympanopleura atronasus,Tympanopleura,0.00861,3.282,1,SL,8.7,14.9,Auchenipteridae,Siluriformes,Teleostei
Ageneiosus polystictus,Ageneiosus,0.0126,3.0197,1,SL,16,38,Auchenipteridae,Siluriformes,Teleostei
Ageneiosus ucayalensis,Ageneiosus,0.01796,2.7775,4,TL,8,35.5,Auchenipteridae,Siluriformes,Teleostei
Microlipophrys dalmatinus,Microlipophrys,0.00884,3.046,1,TL,1.6,5.8,Blenniidae,Blenniiformes,Teleostei
Cetopsis coecutiens,Cetopsis,0.01147,3.187,2,SL,12.8,27.3,Cetopsidae,Siluriformes,Teleostei
Ctenobrycon magdalenae,Ctenobrycon,0.036,2.813,1,SL,2.7,17.3,Acestrorhamphidae,Characiformes,Teleostei
Cetopsis othonops,Cetopsis,0.0152,3.0812,1,SL,5.4,10.4,Cetopsidae,Siluriformes,Teleostei
Hemibrycon jabonero,Hemibrycon,0.0233,3.102,1,SL,2,8.5,Stevardiidae,Characiformes,Teleostei
Bunocephalus doriae,Bunocephalus,0.0149,3.01,1,SL,2,5,Aspredinidae,Siluriformes,Teleostei
Scleronema angustirostre,Scleronema,0.01044,3,2,SL,2.4,6.4,Trichomycteridae,Siluriformes,Teleostei
Trichomycterus arleoi,Trichomycterus,0.0208,2.852,1,SL,2.6,7,Trichomycteridae,Siluriformes,Teleostei
Trichomycterus banneaui,Trichomycterus,0.0246,2.4636,1,SL,1.7,6.2,Trichomycteridae,Siluriformes,Teleostei
Trichomycterus brasiliensis,Trichomycterus,0.021,2.854,1,SL,2,12.5,Trichomycteridae,Siluriformes,Teleostei
Trichomycterus chapmani,Trichomycterus,0.0115,2.9523,1,SL,1.9,9,Trichomycteridae,Siluriformes,Teleostei
Cambeva davisi,Cambeva,0.0362,2.475,1,TL,13.6,20.8,Trichomycteridae,Siluriformes,Teleostei
Trichomycterus punctulatus,Trichomycterus,0.013,3.01,1,SL,1.3,14.75,Trichomycteridae,Siluriformes,Teleostei
Trichomycterus reinhardti,Trichomycterus,0.007,3.357,1,SL,2.1,10.6,Trichomycteridae,Siluriformes,Teleostei
Melanocharacidium blennioides,Melanocharacidium,0.00971,3.21,1,SL,1.6,5.5,Crenuchidae,Characiformes,Teleostei
Trichomycterus zonatus,Trichomycterus,0.00615,3.05,1,TL,2.7,7.9,Trichomycteridae,Siluriformes,Teleostei
Trichomycterus candidus,Trichomycterus,0.0149,2.7,1,SL,2.39,4.97,Trichomycteridae,Siluriformes,Teleostei
Homodiaetus anisitsi,Homodiaetus,0.00494,2.83,1,TL,2.6,4.9,Trichomycteridae,Siluriformes,Teleostei
Corydoras stenocephalus,Corydoras,0.0197,2.81,1,TL,2,3.4,Callichthyidae,Siluriformes,Teleostei
Pseudorinelepis genibarbis,Pseudorinelepis,0.016,3.25,1,SL,10.5,20.5,Loricariidae,Siluriformes,Teleostei
Isbrueckerichthys duseni,Isbrueckerichthys,0.023,3.027,1,SL,1.4,10.8,Loricariidae,Siluriformes,Teleostei
Kronichthys heylandi,Kronichthys,0.0104,2.92,1,TL,2.6,11.4,Loricariidae,Siluriformes,Teleostei
Hypostomus affinis,Hypostomus,0.013,2.82,3,TL,9.3,43.3,Loricariidae,Siluriformes,Teleostei
Hypostomus alatus,Hypostomus,0.039,2.801,1,SL,11.8,36,Loricariidae,Siluriformes,Teleostei
Hypostomus albopunctatus,Hypostomus,0.010795,3.0035,4,TL,4,40,Loricariidae,Siluriformes,Teleostei
Hypostomus ancistroides,Hypostomus,0.0225,2.98,1,SL,0.6,20,Loricariidae,Siluriformes,Teleostei
Hypostomus auroguttatus,Hypostomus,0.015,2.84,1,TL,14,34,Loricariidae,Siluriformes,Teleostei
Pimelodus absconditus,Pimelodus,0.00775,3.09,2,TL,5.5,28.7,Pimelodidae,Siluriformes,Teleostei
Hypostomus derbyi,Hypostomus,0.0173,3.1,1,SL,14.3,31,Loricariidae,Siluriformes,Teleostei
Hypostomus francisci,Hypostomus,0.049,2.785,1,SL,5.2,32.4,Loricariidae,Siluriformes,Teleostei
Hypostomus gymnorhynchus,Hypostomus,0.0161,3.14,1,SL,1,26.6,Loricariidae,Siluriformes,Teleostei
Hypostomus interruptus,Hypostomus,0.021,3.015,1,,1.5,24.6,Loricariidae,Siluriformes,Teleostei
Kronichthys lacerta,Kronichthys,0.016,3.043,1,SL,1.5,6.9,Loricariidae,Siluriformes,Teleostei
Hypostomus lima,Hypostomus,0.029,2.992,1,SL,3.3,22.7,Loricariidae,Siluriformes,Teleostei
Hypostomus regani,Hypostomus,0.01122,2.99,5,SL,2.9,41,Loricariidae,Siluriformes,Teleostei
Hypostomus macrops,Hypostomus,0.048,2.776,1,SL,3.9,15.9,Loricariidae,Siluriformes,Teleostei
Hypostomus margaritifer,Hypostomus,0.01677,2.9,1,SL,9.5,30,Loricariidae,Siluriformes,Teleostei
Hypostomus myersi,Hypostomus,0.0266,3.06,1,SL,10.6,19.5,Loricariidae,Siluriformes,Teleostei
Hypostomus paulinus,Hypostomus,0.02995,2.9305,2,SL,7.1,17.9,Loricariidae,Siluriformes,Teleostei
Hypostomus punctatus,Hypostomus,0.025,2.89,1,SL,2.2,11.1,Loricariidae,Siluriformes,Teleostei
Hypostomus strigaticeps,Hypostomus,0.00805,3.089,1,TL,7.3,39.3,Loricariidae,Siluriformes,Teleostei
Hypostomus subcarinatus,Hypostomus,0.036,2.797,1,SL,14.3,32.2,Loricariidae,Siluriformes,Teleostei
Isorineloricaria tenuicauda,Isorineloricaria,0.0357,2.7885,2,SL,6.5,45,Loricariidae,Siluriformes,Teleostei
Hypostomus ternetzi,Hypostomus,0.009,3.09,1,TL,8.7,34.3,Loricariidae,Siluriformes,Teleostei
Aphanotorulus unicolor,Aphanotorulus,0.02403,2.973,1,SL,10.3,13.5,Loricariidae,Siluriformes,Teleostei
Pterygoplichthys etentaculatus,Pterygoplichthys,0.044,2.826,1,SL,12.5,32.2,Loricariidae,Siluriformes,Teleostei
Trachidermus fasciatus,Trachidermus,0.01035,2.946,2,TL,8.8,38.9,Cottidae,Perciformes/Cottoidei,Teleostei
Favonigobius gymnauchen,Favonigobius,0.0139,2.79,2,TL,3.5,13.4,Gobiidae,Gobiiformes,Teleostei
Cyphocharax magdalenae,Cyphocharax,0.0531,2.7665,4,SL,3.5,27,Curimatidae,Characiformes,Teleostei
Poecilia gillii,Poecilia,0.01587,3.428,2,SL,1.36,5.39,Poeciliidae,Cyprinodontiformes,Teleostei
Cirrhinus molitorella,Cirrhinus,0.0078,3.133,7,TL,4.8,52.8,Cyprinidae,Cypriniformes,Teleostei
Scardinius acarnanicus,Scardinius,0.0042,3.32,6,FL,6.1,38,Leuciscidae,Cypriniformes,Teleostei
Rineloricaria microlepidogaster,Rineloricaria,0.005415,3.042,2,SL,2,17.5,Loricariidae,Siluriformes,Teleostei
Sabanejewia balcanica,Sabanejewia,0.012705,3.302,2,TL,5.5,9.1,Cobitidae,Cypriniformes,Teleostei
Yongeichthys criniger,Yongeichthys,0.0096,3.112,2,SL,4.7,11.3,Gobiidae,Gobiiformes,Teleostei
Acanthoclinus littoreus,Acanthoclinus,0.00966,2.964,1,TL,1.7,12.6,Plesiopidae,Ovalentaria/misc,Teleostei
Dasyloricaria filamentosa,Dasyloricaria,0.006,2.888,1,SL,10,32.2,Loricariidae,Siluriformes,Teleostei
Rineloricaria magdalenae,Rineloricaria,0.0099,2.7915,1,SL,5.5,11.6,Loricariidae,Siluriformes,Teleostei
Pterygoplichthys undecimalis,Pterygoplichthys,0.053,2.682,1,SL,12,28.2,Loricariidae,Siluriformes,Teleostei
Knodus alpha,Knodus,0.0448,2.648,1,SL,1.7,4.1,Stevardiidae,Characiformes,Teleostei
Pimelodella odynea,Pimelodella,0.0208,2.852,1,SL,3.5,10.1,Heptapteridae,Siluriformes,Teleostei
Hypostomus hondae,Hypostomus,0.0499,2.7435,2,SL,4,31.5,Loricariidae,Siluriformes,Teleostei
Esmaeilius sophiae,Esmaeilius,0.0101,3.2435,24,TL,1.356,5.802,Aphaniidae,Cyprinodontiformes,Teleostei
Garcialebias viarius,Garcialebias,0.0029,3.4123,1,TL,1,4.5,Rivulidae,Cyprinodontiformes,Teleostei
Megalebias wolterstorffi,Megalebias,0.0075,3.27,2,TL,2.5,9,Rivulidae,Cyprinodontiformes,Teleostei
Bidenichthys beeblebroxi,Bidenichthys,0.0148,2.919,1,TL,3.6,8.2,Bythitidae,Ophidiiformes,Teleostei
Floridichthys polyommus,Floridichthys,0.0208,3.3248,8,TL,1.5,19.5,Cyprinodontidae,Cyprinodontiformes,Teleostei
Fundulus grandissimus,Fundulus,0.01,3.243,1,SL,2.7,14.8,Fundulidae,Cyprinodontiformes,Teleostei
Fundulus persimilis,Fundulus,0.014,3.432,5,TL,3.41,13.67,Fundulidae,Cyprinodontiformes,Teleostei
Tlaloc labialis,Tlaloc,0.023,3.003,1,SL,3,10.8,Profundulidae,Cyprinodontiformes,Teleostei
Profundulus punctatus,Profundulus,0.023,3.04,1,SL,3.2,7.6,Profundulidae,Cyprinodontiformes,Teleostei
Astroblepus caquetae,Astroblepus,0.00968,3.009,1,TL,4.9,8.7,Astroblepidae,Siluriformes,Teleostei
Astroblepus chapmani,Astroblepus,0.0286,2.8232,1,SL,1.4,12.3,Astroblepidae,Siluriformes,Teleostei
Astroblepus grixalvii,Astroblepus,0.0214,3.0468,1,SL,1.6,14.6,Astroblepidae,Siluriformes,Teleostei
Astroblepus guentheri,Astroblepus,0.0274,2.9543,1,SL,1.3,8.4,Astroblepidae,Siluriformes,Teleostei
Plesiolebias glaucopterus,Plesiolebias,0.0209,3.02,1,SL,1,2.7,Rivulidae,Cyprinodontiformes,Teleostei
Neofundulus parvipinnis,Neofundulus,0.0156,3.04,1,SL,1.4,4.7,Rivulidae,Cyprinodontiformes,Teleostei
Stenolebias damascenoi,Stenolebias,0.0197,3.03,1,SL,0.7,2.4,Rivulidae,Cyprinodontiformes,Teleostei
Astroblepus mancoi,Astroblepus,0.0079,3.126,1,TL,2.2,10.2,Astroblepidae,Siluriformes,Teleostei
Ponticola gorlap,Ponticola,0.07975,2.494,4,TL,6.8,32.6,Gobiidae,Gobiiformes,Teleostei
Astroblepus micrescens,Astroblepus,0.0189,3.0981,1,SL,202,13,Astroblepidae,Siluriformes,Teleostei
Cynopoecilus melanotaenia,Cynopoecilus,0.010625,2.965,2,TL,1.1,4.6,Rivulidae,Cyprinodontiformes,Teleostei
Astroblepus pholeter,Astroblepus,0.03388,2.67,1,SL,2.1,7.2,Astroblepidae,Siluriformes,Teleostei
Laimosemion geayi,Laimosemion,0.0139,3.13,1,SL,1,3.1,Rivulidae,Cyprinodontiformes,Teleostei
Anablepsoides igneus,Anablepsoides,0.0106,3.11,1,SL,1.3,8.4,Rivulidae,Cyprinodontiformes,Teleostei
Anablepsoides limoncochae,Anablepsoides,0.01349,3.25,1,SL,1.6,3.9,Rivulidae,Cyprinodontiformes,Teleostei
Anablepsoides lungi,Anablepsoides,0.0206,2.73,1,SL,1.7,7.1,Rivulidae,Cyprinodontiformes,Teleostei
Anablepsoides urophthalmus,Anablepsoides,0.01,3.137,1,SL,1.232,4.353,Rivulidae,Cyprinodontiformes,Teleostei
Lasiancistrus caucanus,Lasiancistrus,0.0161,3.2378,1,SL,1.6,13.6,Loricariidae,Siluriformes,Teleostei
Platycephalus fuscus,Platycephalus,0.00547,3,1,TL,105,105,Platycephalidae,Perciformes/Scorpaenoidei,Teleostei
Aphaniops ginaonis,Aphaniops,0.00755,3.2705,4,TL,2.11,3.9,Aphaniidae,Cyprinodontiformes,Teleostei
Esmaeilius vladykovi,Esmaeilius,0.0103,3.262,13,TL,1.462,6.124,Aphaniidae,Cyprinodontiformes,Teleostei
Anablepsoides micropus,Anablepsoides,0.01,3.22,1,SL,1.6,4.4,Rivulidae,Cyprinodontiformes,Teleostei
Anatolichthys splendens,Anatolichthys,0.0116,2.9,3,TL,3.87,6.01,Aphaniidae,Cyprinodontiformes,Teleostei
Anatolichthys sureyanus,Anatolichthys,0.009,3.11,3,TL,2.37,4.67,Aphaniidae,Cyprinodontiformes,Teleostei
Anatolichthys transgrediens,Anatolichthys,0.0098,3.29,3,TL,1.78,5.41,Aphaniidae,Cyprinodontiformes,Teleostei
Hypostomus wuchereri,Hypostomus,0.0883,2.56,1,SL,7,35,Loricariidae,Siluriformes,Teleostei
Hypostomus oculeus,Hypostomus,0.0146,2.722,1,TL,2.9,7.7,Loricariidae,Siluriformes,Teleostei
Hypostomus pyrineusi,Hypostomus,0.03713,2.928,1,SL,11.1,21.2,Loricariidae,Siluriformes,Teleostei
Megalancistrus parananus,Megalancistrus,0.029,3.028,3,TL,18.6,55.6,Loricariidae,Siluriformes,Teleostei
Megalancistrus barrae,Megalancistrus,0.015,3.185,1,SL,18.2,41.8,Loricariidae,Siluriformes,Teleostei
Peckoltia oligospila,Peckoltia,0.01936,2.97,1,TL,9,15,Loricariidae,Siluriformes,Teleostei
Cordylancistrus platyrhynchus,Cordylancistrus,0.0224,2.812,1,TL,6.8,8.2,Loricariidae,Siluriformes,Teleostei
Peckoltia vittata,Peckoltia,0.0139,2.99,1,TL,5.5,15,Loricariidae,Siluriformes,Teleostei
Parancistrus aurantiacus,Parancistrus,0.0122,3.19,1,TL,3,20,Loricariidae,Siluriformes,Teleostei
Baryancistrus niveatus,Baryancistrus,0.0136,2.99,1,TL,6.8,34,Loricariidae,Siluriformes,Teleostei
Chaetostoma alternifasciatum,Chaetostoma,0.0129,3.116,1,TL,4.8,9.7,Loricariidae,Siluriformes,Teleostei
Aphos porosus,Aphos,0.01155,3,2,SL,14.9,,Batrachoididae,Batrachoidiformes,Teleostei
Chaetostoma fischeri,Chaetostoma,0.0391,2.89,1,SL,2.8,17,Loricariidae,Siluriformes,Teleostei
Chaetostoma leucomelas,Chaetostoma,0.0277,3.07,1,SL,8.5,20,Loricariidae,Siluriformes,Teleostei
Chaetostoma lineopunctatum,Chaetostoma,0.0146,2.984,1,TL,1.9,11.1,Loricariidae,Siluriformes,Teleostei
Ancistrus marcapatae,Ancistrus,0.0143,2.942,1,TL,2.4,12.4,Loricariidae,Siluriformes,Teleostei
Chaetostoma microps,Chaetostoma,0.04898,2.74,1,SL,2.7,7.2,Loricariidae,Siluriformes,Teleostei
Chaetostoma milesi,Chaetostoma,0.0258,3.0821,1,SL,3.6,14.6,Loricariidae,Siluriformes,Teleostei
Chaetostoma stannii,Chaetostoma,0.047,2.788,1,SL,1.3,9.8,Loricariidae,Siluriformes,Teleostei
Chaetostoma thomsoni,Chaetostoma,0.0303,2.9368,1,SL,1.5,15.1,Loricariidae,Siluriformes,Teleostei
Characidium pterostictum,Characidium,0.0131,3.147,2,SL,2,8.7,Crenuchidae,Characiformes,Teleostei
Bathyclupea hoskynii,Bathyclupea,0.0146,2.85445,2,TL,9.5,19.5,Bathyclupeidae,Acropomatiformes,Teleostei
Hoplunnis pacifica,Hoplunnis,1e-04,3,1,TL,44.8,,Nettastomatidae,Anguilliformes,Teleostei
Serranus aequidens,Serranus,0.011,3.104,1,TL,9,19.5,Serranidae,Perciformes/Serranoidei,Teleostei
Synchiropus atrilabiatus,Synchiropus,0.009,2.945,1,TL,8,16.7,Callionymidae,Callionymiformes,Teleostei
Serranochromis altus,Serranochromis,0.0213,3,1,TL,55,56,Cichlidae,Cichliformes,Teleostei
Pseudopercis semifasciata,Pseudopercis,0.009,3.06505,2,TL,43,106,Pinguipedidae,Perciformes/Uranoscopoidei,Teleostei
Sphyraena tome,Sphyraena,0.0132,2.88,1,TL,,,Sphyraenidae,Carangaria/misc,Teleostei
Synodontis macrostoma,Synodontis,0.018,2.81,1,TL,,,Mochokidae,Siluriformes,Teleostei
Synodontis vanderwaali,Synodontis,0.032,2.613,1,TL,,,Mochokidae,Siluriformes,Teleostei
Ancistrus brevipinnis,Ancistrus,0.0273,3.01,1,SL,1.2,10.7,Loricariidae,Siluriformes,Teleostei
Ancistrus gymnorhynchus,Ancistrus,0.0377,2.964,1,SL,1.4,13.6,Loricariidae,Siluriformes,Teleostei
Ancistrus multispinis,Ancistrus,0.01681,3.1,2,SL,2.76,12.2,Loricariidae,Siluriformes,Teleostei
Ancistrus taunayi,Ancistrus,0.01225,3.345,2,SL,2.7,14,Loricariidae,Siluriformes,Teleostei
Awaous banana,Awaous,0.00885,3.284,1,SL,2.1,9.3,Gobiidae,Gobiiformes,Teleostei
Parotocinclus cearensis,Parotocinclus,0.014,3.44,1,SL,1.63,4.07,Loricariidae,Siluriformes,Teleostei
Caenotropus mestomorgmatos,Caenotropus,0.0159,2.917,1,TL,8,9.2,Chilodontidae,Characiformes,Teleostei
Podothecus sturioides,Podothecus,0.0048,3,2,SL,16.9,,Agonidae,Perciformes/Cottoidei,Teleostei
Podothecus veternus,Podothecus,0.0044,3,2,SL,25,,Agonidae,Perciformes/Cottoidei,Teleostei
Limanda sakhalinensis,Limanda,0.0172,2.8066,1,TL,6,27,Pleuronectidae,Pleuronectiformes,Teleostei
Parotocinclus maculicauda,Parotocinclus,0.011,3.26,3,SL,1.7,6.1,Loricariidae,Siluriformes,Teleostei
Otocinclus flexilis,Otocinclus,0.00999,3.25,2,SL,2.6,6.8,Loricariidae,Siluriformes,Teleostei
Hisonotus francirochai,Hisonotus,0.007,3.28,1,SL,1.5,3.8,Loricariidae,Siluriformes,Teleostei
Hisonotus laevior,Hisonotus,0.00423,2.52,1,TL,2.1,7.5,Loricariidae,Siluriformes,Teleostei
Otocinclus vittatus,Otocinclus,0.05985,2.63,2,SL,1.4,3.19,Loricariidae,Siluriformes,Teleostei
Hisonotus nigricauda,Hisonotus,0.011495,3.08,2,SL,2.2,6,Loricariidae,Siluriformes,Teleostei
Schizolecis guentheri,Schizolecis,0.01212,2.74,1,TL,2.8,4.8,Loricariidae,Siluriformes,Teleostei
Hypoptopoma gulare,Hypoptopoma,0.0638,2.92,1,TL,3,13.5,Loricariidae,Siluriformes,Teleostei
Hypsibarbus vernayi,Hypsibarbus,0.0147,3.301,1,SL,5.3,30,Cyprinidae,Cypriniformes,Teleostei
Channa gachua,Channa,0.009685,2.98915,8,TL,1.9,32.9,Channidae,Anabantiformes,Teleostei
Hypoptopoma thoracatum,Hypoptopoma,0.009,3.09,1,TL,6.5,11.5,Loricariidae,Siluriformes,Teleostei
Harttia loricariformis,Harttia,0.019,2.85,1,SL,10.1,18.6,Loricariidae,Siluriformes,Teleostei
Farlowella amazonum,Farlowella,0.0022,2.82,1,SL,3.7,14.5,Loricariidae,Siluriformes,Teleostei
Farlowella gracilis,Farlowella,5e-04,3.253,1,TL,10,25.5,Loricariidae,Siluriformes,Teleostei
Farlowella martini,Farlowella,0.0024,2.899,1,SL,8.2,19.3,Loricariidae,Siluriformes,Teleostei
Rineloricaria cadeae,Rineloricaria,0.00414,3.2915,2,SL,3.4,12.8,Loricariidae,Siluriformes,Teleostei
Rineloricaria hasemani,Rineloricaria,0.0053,3.156,1,SL,9.1,19.7,Loricariidae,Siluriformes,Teleostei
Rineloricaria lanceolata,Rineloricaria,0.0013,3.444,1,TL,4.8,12.3,Loricariidae,Siluriformes,Teleostei
Rineloricaria longicauda,Rineloricaria,0.006445,2.995,2,SL,1.6,11,Loricariidae,Siluriformes,Teleostei
Rineloricaria parva,Rineloricaria,0.0037,3.1,1,SL,2.7,7.44,Loricariidae,Siluriformes,Teleostei
Rineloricaria strigilata,Rineloricaria,0.00586,3.21,1,TL,5.4,6.7,Loricariidae,Siluriformes,Teleostei
Spatuloricaria evansii,Spatuloricaria,0.0091,2.905,2,SL,1,28.2,Loricariidae,Siluriformes,Teleostei
Spatuloricaria gymnogaster,Spatuloricaria,0.005,3.007,1,SL,10,37,Loricariidae,Siluriformes,Teleostei
Loricaria lata,Loricaria,0.0013,3.3152,1,TL,1.99,19.3,Loricariidae,Siluriformes,Teleostei
Proloricaria prolixa,Proloricaria,0.00207,3.27,1,SL,21.7,46.2,Loricariidae,Siluriformes,Teleostei
Rhadinoloricaria rhami,Rhadinoloricaria,0.0028,3.195,1,TL,4.6,11.2,Loricariidae,Siluriformes,Teleostei
Limatulichthys griseus,Limatulichthys,0.004135,2.97,2,SL,2.4,23.7,Loricariidae,Siluriformes,Teleostei
Pseudoloricaria laeviuscula,Pseudoloricaria,0.0013,3.41,2,SL,4.9,36,Loricariidae,Siluriformes,Teleostei
Loricariichthys acutus,Loricariichthys,0.0047,3.0269,1,SL,9.3,28,Loricariidae,Siluriformes,Teleostei
Loricariichthys anus,Loricariichthys,0.0023,3.34,4,TL,13,41.6,Loricariidae,Siluriformes,Teleostei
Loricariichthys castaneus,Loricariichthys,0.0012,3.36,2,TL,12,39.6,Loricariidae,Siluriformes,Teleostei
Loricariichthys derbyi,Loricariichthys,0.00292,3.41,1,TL,10.3,24.9,Loricariidae,Siluriformes,Teleostei
Loricariichthys platymetopon,Loricariichthys,0.0028,3.312,5,TL,9.8,39,Loricariidae,Siluriformes,Teleostei
Characidium orientale,Characidium,0.0129,3.137,1,SL,2.2,5.7,Crenuchidae,Characiformes,Teleostei
Hoplias lacerdae,Hoplias,0.011,2.98,1,TL,3.8,74.5,Erythrinidae,Characiformes,Teleostei
Odontesthes perugiae,Odontesthes,0.0045,3.2185,2,SL,2.5,28.3,Atherinopsidae,Atheriniformes,Teleostei
Paraliparis holomelas,Paraliparis,0.0056,3,2,SL,5.4,,Liparidae,Perciformes/Cottoidei,Teleostei
Pelteobagrus eupogon,Pelteobagrus,0.024,2.72,1,SL,4.4,20,Bagridae,Siluriformes,Teleostei
Tachysurus pratti,Tachysurus,0.0178,2.77,5,SL,4,32.8,Bagridae,Siluriformes,Teleostei
Fluviphylax zonatus,Fluviphylax,0.0104,3.273,1,TL,0.5,1.8,Fluviphylacidae,Cyprinodontiformes,Teleostei
Careproctus phasma,Careproctus,0.0076,3,2,SL,21.4,,Liparidae,Perciformes/Cottoidei,Teleostei
Basilichthys archaeus,Basilichthys,0.05,2.41,1,SL,8.48,11.61,Atherinopsidae,Atheriniformes,Teleostei
Harttia torrenticola,Harttia,0.019,2.812,1,SL,1.2,13.8,Loricariidae,Siluriformes,Teleostei
Rioraja agassizii,Rioraja,0.017,2.892,3,TL,9.1,59.4,Arhynchobatidae,Rajiformes,Elasmobranchii
Dipturus trachyderma,Dipturus,0.0024,3.16075,4,TL,26,136,Rajidae,Rajiformes,Elasmobranchii
Piabucina elongata,Piabucina,0.0263,2.71,1,SL,2.4,12.7,Lebiasinidae,Characiformes,Teleostei
Piabucina erythrinoides,Piabucina,0.0228,2.9355,2,SL,2,16,Lebiasinidae,Characiformes,Teleostei
Moenkhausia ceros,Moenkhausia,0.0061,3.23,1,TL,2.5,4.6,Acestrorhamphidae,Characiformes,Teleostei
Moenkhausia xinguensis,Moenkhausia,0.0156,3.01,1,TL,3,10.3,Acestrorhamphidae,Characiformes,Teleostei
Moenkhausia costae,Moenkhausia,0.021,3.168,1,SL,1.5,7,Acestrorhamphidae,Characiformes,Teleostei
Tachysurus intermedius,Tachysurus,0.0203,2.966,1,SL,8,17.3,Bagridae,Siluriformes,Teleostei
Tachysurus taeniatus,Tachysurus,0.0093,3.02,1,TL,5.6,15.4,Bagridae,Siluriformes,Teleostei
Tachysurus truncatus,Tachysurus,0.02675,2.72,2,SL,2.1,26.8,Bagridae,Siluriformes,Teleostei
Psalidodon parahybae,Psalidodon,0.0068,3.2,2,TL,6.5,16.9,Acestrorhamphidae,Characiformes,Teleostei
Deuterodon iguape,Deuterodon,0.01965,3.0235,2,SL,3,9.1,Acestrorhamphidae,Characiformes,Teleostei
Tachysurus nitidus,Tachysurus,0.0089,2.993,10,TL,2.9,40.8,Bagridae,Siluriformes,Teleostei
Tachysurus tenuifurcatus,Tachysurus,0.02434,2.593,1,TL,9.9,26.5,Bagridae,Siluriformes,Teleostei
Jupiaba acanthogaster,Jupiaba,0.0149,3.25,1,SL,2.88,4.33,Acestrorhamphidae,Characiformes,Teleostei
Tachysurus vachellii,Tachysurus,0.0159,2.97,7,TL,3,42.3,Bagridae,Siluriformes,Teleostei
Phenacogaster franciscoensis,Phenacogaster,0.016,3.233,1,SL,1.3,4.5,Characidae,Characiformes,Teleostei
Tachysurus dumerili,Tachysurus,0.01067,3.0035,6,SL,3.9,80.4,Bagridae,Siluriformes,Teleostei
Liobagrus anguillicauda,Liobagrus,0.013,2.89,1,TL,5.2,12.1,Amblycipitidae,Siluriformes,Teleostei
Liobagrus marginatus,Liobagrus,0.0208,2.85,5,TL,4.6,14,Amblycipitidae,Siluriformes,Teleostei
Hyphessobrycon santae,Hyphessobrycon,0.025,2.948,1,SL,1.53,5,Acestrorhamphidae,Characiformes,Teleostei
Deuterodon luetkenii,Deuterodon,0.0134,3.085,4,SL,1.9,9.3,Acestrorhamphidae,Characiformes,Teleostei
Euchiloglanis kishinouyei,Euchiloglanis,0.01525,2.935,4,TL,4.3,20.8,Sisoridae,Siluriformes,Teleostei
Hyphessobrycon coelestinus,Hyphessobrycon,0.023,2.81,1,SL,2.42,3.31,Acestrorhamphidae,Characiformes,Teleostei
Liparis chefuensis,Liparis,0.016,3,1,TL,5.6,9.7,Liparidae,Perciformes/Cottoidei,Teleostei
Palmoliparis beckeri,Palmoliparis,0.0349,2.789,1,TL,15,42,Liparidae,Perciformes/Cottoidei,Teleostei
Glyptothorax silviae,Glyptothorax,0.009,3.01,4,TL,3.04,13.44,Sisoridae,Siluriformes,Teleostei
Astyanax microlepis,Astyanax,0.0112,3.437,1,SL,3.7,12.5,Acestrorhamphidae,Characiformes,Teleostei
Jupiaba essequibensis,Jupiaba,0.0086,3.25,1,TL,2.1,5.1,Acestrorhamphidae,Characiformes,Teleostei
Jupiaba polylepis,Jupiaba,0.00685,3.36745,2,TL,1.83,7.3,Acestrorhamphidae,Characiformes,Teleostei
Astyanax maximus,Astyanax,0.00826,3.1675,2,TL,3.2,25,Acestrorhamphidae,Characiformes,Teleostei
Acestrorhynchus lacustris,Acestrorhynchus,0.011195,3.065,4,SL,10,31.8,Acestrorhynchidae,Characiformes,Teleostei
Brachychalcinus copei,Brachychalcinus,0.0427,3.2283,2,TL,3.75,9,Acestrorhamphidae,Characiformes,Teleostei
Hemigrammus analis,Hemigrammus,0.0101,3.4546,1,TL,0.7,3.9,Acestrorhamphidae,Characiformes,Teleostei
Hemigrammus lunatus,Hemigrammus,0.0108,3.49,1,SL,2.8,3.74,Acestrorhamphidae,Characiformes,Teleostei
Bryconamericus diaphanus,Bryconamericus,0.0076,3.146,1,TL,3.5,13,Stevardiidae,Characiformes,Teleostei
Ceratobranchia binghami,Ceratobranchia,0.0082,3.16,1,TL,2.6,6.2,Stevardiidae,Characiformes,Teleostei
Odontostilbe fugitiva,Odontostilbe,0.0117,2.863,1,TL,2.9,4.4,Characidae,Characiformes,Teleostei
Creagrutus cochui,Creagrutus,0.0115,2.997,1,TL,5.2,11.3,Stevardiidae,Characiformes,Teleostei
Cynopotamus amazonum,Cynopotamus,0.0156,3.162,4,SL,7,23.1,Characidae,Characiformes,Teleostei
Galeocharax gulo,Galeocharax,0.007,3.336,3,SL,5.5,25,Characidae,Characiformes,Teleostei
Hemigrammus schmardae,Hemigrammus,0.01145,3.0485,2,SL,1.2,5.4,Acestrorhamphidae,Characiformes,Teleostei
Serrapinnus heterodon,Serrapinnus,0.00975,3.133,4,SL,0.86,8.26,Characidae,Characiformes,Teleostei
Knodus megalops,Knodus,0.0139,2.949,1,TL,4.3,6.9,Stevardiidae,Characiformes,Teleostei
Knodus moenkhausii,Knodus,0.0201,2.8,1,SL,0.9,4.3,Stevardiidae,Characiformes,Teleostei
Metynnis luna,Metynnis,0.04406,3.091,1,SL,4.5,12.9,Serrasalmidae,Characiformes,Teleostei
Moenkhausia lepidura,Moenkhausia,0.0168,2.9375,2,SL,2.7,10.5,Acestrorhamphidae,Characiformes,Teleostei
Myleus setiger,Myleus,0.0318,3.143,5,SL,7.3,28.7,Serrasalmidae,Characiformes,Teleostei
Odontostilbe paraguayensis,Odontostilbe,0.0765,2.38,1,SL,1.5,3.3,Characidae,Characiformes,Teleostei
Pristis perotteti,Pristis,0.04,2.56,1,TL,,,Pristidae,Rhinopristiformes,Elasmobranchii
Bathyraja brachyurops,Bathyraja,0.002,3.303,1,TL,30,103,Arhynchobatidae,Rajiformes,Elasmobranchii
Salminus affinis,Salminus,0.01015,3.138,2,SL,9.4,46.5,Bryconidae,Characiformes,Teleostei
Salminus hilarii,Salminus,0.01665,3.044,6,SL,5.3,42.2,Bryconidae,Characiformes,Teleostei
Raneya brasiliensis,Raneya,0.00434,3.095,4,TL,4.1,30,Ophidiidae,Ophidiiformes,Teleostei
Triportheus albus,Triportheus,0.01709,2.947,3,TL,3,25.7,Triportheidae,Characiformes,Teleostei
Microschemobrycon elongatus,Microschemobrycon,0.0143,2.64,1,TL,2.3,4.5,Characidae,Characiformes,Teleostei
Anodus elongatus,Anodus,0.0049,3.37,5,SL,9.2,27,Hemiodontidae,Characiformes,Teleostei
Bivibranchia fowleri,Bivibranchia,0.0083,3.09,1,TL,3,19.2,Hemiodontidae,Characiformes,Teleostei
Hemiodus amazonum,Hemiodus,0.0287,2.999,1,SL,9,20.5,Hemiodontidae,Characiformes,Teleostei
Hemiodus atranalis,Hemiodus,0.0048,3.4881,1,SL,12,20,Hemiodontidae,Characiformes,Teleostei
Pyrrhulina australis,Pyrrhulina,0.039,2.87,2,SL,1.2,3.8,Lebiasinidae,Characiformes,Teleostei
Curimata aspera,Curimata,0.0282,2.99,1,SL,3,6.8,Curimatidae,Characiformes,Teleostei
Prochilodus mariae,Prochilodus,0.066,2.74,1,SL,19.2,40.6,Prochilodontidae,Characiformes,Teleostei
Prochilodus brevis,Prochilodus,0.01065,3.103,4,TL,5.8,32.8,Prochilodontidae,Characiformes,Teleostei
Cyphocharax stilbolepis,Cyphocharax,0.0083,3.13,1,TL,7.8,17,Curimatidae,Characiformes,Teleostei
Prochilodus vimboides,Prochilodus,0.0413,2.74,2,SL,18.6,46.5,Prochilodontidae,Characiformes,Teleostei
Prochilodus harttii,Prochilodus,0.023,2.99,1,SL,17.1,41.3,Prochilodontidae,Characiformes,Teleostei
Prochilodus argenteus,Prochilodus,0.019,3.068,1,SL,6.5,59.3,Prochilodontidae,Characiformes,Teleostei
Cyphocharax naegelii,Cyphocharax,0.0116,3.26,3,TL,9.6,19,Curimatidae,Characiformes,Teleostei
Semaprochilodus brama,Semaprochilodus,0.0181,3.072,2,SL,7,54,Prochilodontidae,Characiformes,Teleostei
Cyphocharax leucostictus,Cyphocharax,0.016,2.85,1,TL,5.8,15.8,Curimatidae,Characiformes,Teleostei
Curimata incompta,Curimata,0.027,2.96,1,SL,6,16.7,Curimatidae,Characiformes,Teleostei
Curimata knerii,Curimata,0.007,3.251,1,TL,3.2,23.9,Curimatidae,Characiformes,Teleostei
Curimata roseni,Curimata,0.02934,2.995,1,SL,8.5,19.5,Curimatidae,Characiformes,Teleostei
Curimata mivartii,Curimata,0.04265,2.772,2,SL,4.5,32,Curimatidae,Characiformes,Teleostei
Cyphocharax notatus,Cyphocharax,0.03955,2.813,1,SL,6.9,14.7,Curimatidae,Characiformes,Teleostei
Cyphocharax festivus,Cyphocharax,0.0307,2.63,1,TL,6,16.7,Curimatidae,Characiformes,Teleostei
Knodus hypopterus,Knodus,0.0126,2.8805,2,TL,2.6,6.4,Stevardiidae,Characiformes,Teleostei
Knodus savannensis,Knodus,0.0038,3.529,1,TL,1.44,5.96,Stevardiidae,Characiformes,Teleostei
Creagrutus muelleri,Creagrutus,0.0085,3.078,1,TL,2.9,5.7,Stevardiidae,Characiformes,Teleostei
Creagrutus amoenus,Creagrutus,0.01481,3.146,2,SL,2.7,10.2,Stevardiidae,Characiformes,Teleostei
Creagrutus affinis,Creagrutus,0.0227,2.97075,2,SL,1.9,6.5,Stevardiidae,Characiformes,Teleostei
Creagrutus magdalenae,Creagrutus,0.0296,2.7892,1,SL,2.9,5.7,Stevardiidae,Characiformes,Teleostei
Psalidodon marionae,Psalidodon,0.053,2.63,1,SL,2.6,9.1,Acestrorhamphidae,Characiformes,Teleostei
Deuterodon ribeirae,Deuterodon,0.0134,3.21,1,SL,1.2,4.6,Acestrorhamphidae,Characiformes,Teleostei
Deuterodon giton,Deuterodon,0.0145,2.93,1,TL,3.2,11.3,Acestrorhamphidae,Characiformes,Teleostei
Psalidodon eigenmanniorum,Psalidodon,0.0274,3.07,4,SL,2.1,14.4,Acestrorhamphidae,Characiformes,Teleostei
Curimata acutirostris,Curimata,0.018,3.196,3,SL,9.4,18.9,Curimatidae,Characiformes,Teleostei
Cyphocharax plumbeus,Cyphocharax,0.0168,3.1612,1,SL,6.9,13,Curimatidae,Characiformes,Teleostei
Curimata macrops,Curimata,0.0127,3.31,1,SL,4.1,18.5,Curimatidae,Characiformes,Teleostei
Psectrogaster essequibensis,Psectrogaster,0.014,3.304,1,SL,11.3,15.8,Curimatidae,Characiformes,Teleostei
Curimatella alburnus,Curimatella,0.04865,2.864,2,SL,5.8,18.8,Curimatidae,Characiformes,Teleostei
Curimatella meyeri,Curimatella,0.01902,3.131,3,SL,6.8,18.4,Curimatidae,Characiformes,Teleostei
Cyphocharax spilotus,Cyphocharax,0.00513,3.17,1,TL,2.1,10.4,Curimatidae,Characiformes,Teleostei
Bryconamericus stramineus,Bryconamericus,0.0184,2.865,4,SL,0.9,11.4,Stevardiidae,Characiformes,Teleostei
Leporinus striatus,Leporinus,0.0135,3.01,2,TL,8.9,16.4,Anostomidae,Characiformes,Teleostei
Bryconamericus exodon,Bryconamericus,0.065,2.16,1,SL,1,3.7,Stevardiidae,Characiformes,Teleostei
Rhytiodus microlepis,Rhytiodus,0.01286,2.998,1,SL,12.2,33.2,Anostomidae,Characiformes,Teleostei
Bryconamericus iheringii,Bryconamericus,0.017295,3.168,6,SL,1.1,11.4,Stevardiidae,Characiformes,Teleostei
Cyphocharax voga,Cyphocharax,0.01235,3.16,8,SL,2.2,26.3,Curimatidae,Characiformes,Teleostei
Bryconamericus cismontanus,Bryconamericus,0.0315,2.943,1,SL,1.8,3.7,Stevardiidae,Characiformes,Teleostei
Cyphocharax modestus,Cyphocharax,0.032,2.92,3,SL,2.1,14.9,Curimatidae,Characiformes,Teleostei
Bryconamericus microcephalus,Bryconamericus,0.00301,3.67,3,SL,1.3,7.7,Stevardiidae,Characiformes,Teleostei
Microgenys minuta,Microgenys,0.0112,3.3542,1,SL,2.5,4.4,Stevardiidae,Characiformes,Teleostei
Rhinobrycon negrensis,Rhinobrycon,0.0337,2.537,1,TL,1.2,3.5,Stevardiidae,Characiformes,Teleostei
Pseudotylosurus microps,Pseudotylosurus,0.0013,2.967,1,TL,27.8,44,Belonidae,Beloniformes,Teleostei
Colomesus asellus,Colomesus,0.05775,2.7555,2,SL,2.5,9.7,Tetraodontidae,Tetraodontiformes,Teleostei
Cyphocharax gouldingi,Cyphocharax,0.0093,3.16,1,TL,5,15.8,Curimatidae,Characiformes,Teleostei
Artediellus miacanthus,Artediellus,0.02245,3,2,SL,5.3,,Cottidae,Perciformes/Cottoidei,Teleostei
Hemiodus ternetzi,Hemiodus,0.0127,3.199,3,SL,5.4,25.2,Hemiodontidae,Characiformes,Teleostei
Ichthyoelephas longirostris,Ichthyoelephas,0.0285,2.8805,2,SL,8.9,41.3,Prochilodontidae,Characiformes,Teleostei
Liparis bristolensis,Liparis,0.013,3,2,SL,8.8,,Liparidae,Perciformes/Cottoidei,Teleostei
Liparis micraspidophorus,Liparis,0.0146,3,2,SL,5.1,,Liparidae,Perciformes/Cottoidei,Teleostei
Myxodagnus opercularis,Myxodagnus,0.00335,3,2,SL,6.8,,Dactyloscopidae,Blenniiformes,Teleostei
Paraliparis dactylosus,Paraliparis,0.0085,3,2,SL,4.8,,Liparidae,Perciformes/Cottoidei,Teleostei
Careproctus zachirus,Careproctus,0.0739,2.4269,1,TL,19,32,Liparidae,Perciformes/Cottoidei,Teleostei
Enneapterygius atriceps,Enneapterygius,0.0149,3.2703,1,SL,,,Tripterygiidae,Blenniiformes,Teleostei
Ancistrus ranunculus,Ancistrus,0.0073,3.36,1,TL,3.5,19.5,Loricariidae,Siluriformes,Teleostei
Serrasalmus compressus,Serrasalmus,0.01639,3.245,1,SL,8.1,18.8,Serrasalmidae,Characiformes,Teleostei
Cathorops agassizii,Cathorops,0.0078,3.029,2,TL,3.5,22.5,Ariidae,Siluriformes,Teleostei
Squaloliparis dentatus,Squaloliparis,0.00415,3.53,1,FL,8,45,Liparidae,Perciformes/Cottoidei,Teleostei
Labrus viridis,Labrus,0.029875,2.74105,2,TL,16.8,32.5,Labridae,Eupercaria/misc,Teleostei
Cathorops melanopus,Cathorops,0.01285,3.17555,2,FL,5.6,22.5,Ariidae,Siluriformes,Teleostei
Potamarius nelsoni,Potamarius,0.005,3.347,1,SL,19,25.7,Ariidae,Siluriformes,Teleostei
Amblydoras nauticus,Amblydoras,0.054,2.72,1,SL,6.1,11.1,Doradidae,Siluriformes,Teleostei
Chondrostoma angorense,Chondrostoma,0.00457,3.241,1,TL,6.8,24.7,Leuciscidae,Cypriniformes,Teleostei
Chondrostoma regium,Chondrostoma,0.0075,3.08,3,TL,5.95,33.8,Leuciscidae,Cypriniformes,Teleostei
Agoniates halecinus,Agoniates,0.0064,2.96,1,TL,10.2,26.8,Triportheidae,Characiformes,Teleostei
Brycon whitei,Brycon,0.018,3,1,TL,39.4,131,Bryconidae,Characiformes,Teleostei
Bryconops alburnoides,Bryconops,0.009665,3.0545,2,SL,3,15,Iguanodectidae,Characiformes,Teleostei
Bryconops inpai,Bryconops,0.00927,3.36,1,TL,1.8,9.6,Iguanodectidae,Characiformes,Teleostei
Charax metae,Charax,0.0399,3.085,1,SL,4.9,13.1,Characidae,Characiformes,Teleostei
Creagrutus lepidus,Creagrutus,0.0367,2.829,1,SL,1.8,3.8,Stevardiidae,Characiformes,Teleostei
Megaleporinus reinhardti,Megaleporinus,0.029,2.876,1,SL,6.9,28.5,Anostomidae,Characiformes,Teleostei
Curimatella lepidura,Curimatella,0.047,2.831,1,SL,3.4,15.8,Curimatidae,Characiformes,Teleostei
Curimatella dorsalis,Curimatella,0.02425,2.93,2,SL,6.3,14.9,Curimatidae,Characiformes,Teleostei
Curimatella immaculata,Curimatella,0.0163,2.93,1,TL,5.2,18.8,Curimatidae,Characiformes,Teleostei
Steindachnerina leucisca,Steindachnerina,0.0286,2.9316,1,SL,8.7,14.8,Curimatidae,Characiformes,Teleostei
Steindachnerina biornata,Steindachnerina,0.02195,2.975,2,SL,2.6,18.8,Curimatidae,Characiformes,Teleostei
Steindachnerina guentheri,Steindachnerina,0.0087,3.145,1,TL,3.9,10,Curimatidae,Characiformes,Teleostei
Creagrutus melasma,Creagrutus,0.0452,2.753,1,SL,1.6,4.5,Stevardiidae,Characiformes,Teleostei
Bivibranchia velox,Bivibranchia,0.0077,3.03,1,TL,3,16.3,Hemiodontidae,Characiformes,Teleostei
Pterygoplichthys lituratus,Pterygoplichthys,0.02064,3.047,1,SL,12,36.5,Loricariidae,Siluriformes,Teleostei
Pterygoplichthys joselimaianus,Pterygoplichthys,0.125,2.453,1,SL,8,39.5,Loricariidae,Siluriformes,Teleostei
Pterygoplichthys xinguensis,Pterygoplichthys,0.0134,2.94,1,TL,24,27.7,Loricariidae,Siluriformes,Teleostei
Pterygoplichthys disjunctivus,Pterygoplichthys,0.072,2.84,3,TL,6.6,57,Loricariidae,Siluriformes,Teleostei
Hyphessobrycon fernandezi,Hyphessobrycon,0.0227,3.486,1,SL,1.9,2.7,Acestrorhamphidae,Characiformes,Teleostei
Lonchogenys ilisha,Lonchogenys,0.019,2.615,1,TL,2,8,Acestrorhynchidae,Characiformes,Teleostei
Poptella compressa,Poptella,0.00885,3.30605,2,TL,3.2,10.2,Acestrorhamphidae,Characiformes,Teleostei
Serrasalmus gouldingi,Serrasalmus,0.0136,3.32,1,TL,6,27,Serrasalmidae,Characiformes,Teleostei
Anabarilius brevianalis,Anabarilius,0.011,3.064,1,SL,7.9,16.2,Xenocyprididae,Cypriniformes,Teleostei
Roeboides microlepis,Roeboides,0.0116,3.26,1,SL,7,18.4,Characidae,Characiformes,Teleostei
Phenacogaster calverti,Phenacogaster,0.0085,3,2,TL,1.3,5.3,Characidae,Characiformes,Teleostei
Auchenipterus nuchalis,Auchenipterus,0.0142,2.855,4,SL,8.4,27,Auchenipteridae,Siluriformes,Teleostei
Trachelyopterus ceratophysus,Trachelyopterus,0.0103,3.15,1,TL,7.5,25.5,Auchenipteridae,Siluriformes,Teleostei
Trachelyopterus teaguei,Trachelyopterus,0.00875,3.345,2,SL,8.9,19.7,Auchenipteridae,Siluriformes,Teleostei
Lugubria strigata,Lugubria,0.0107,3.256,1,SL,7.4,27.4,Cichlidae,Cichliformes,Teleostei
Gymnogeophagus meridionalis,Gymnogeophagus,0.0398,3.08,1,SL,1,9.5,Cichlidae,Cichliformes,Teleostei
Heros efasciatus,Heros,0.0374,3.1179,3,SL,1.1,17.4,Cichlidae,Cichliformes,Teleostei
Heros spurius,Heros,0.07634,2.915,1,SL,6.2,15,Cichlidae,Cichliformes,Teleostei
Crenicichla iguassuensis,Crenicichla,0.0109,3.15,1,SL,5.8,33,Cichlidae,Cichliformes,Teleostei
Claea dabryi,Claea,0.0156,2.975,2,SL,2.3,9.6,Nemacheilidae,Cypriniformes,Teleostei
Discogobio multilineatus,Discogobio,0.0342,2.528,1,TL,3.4,14.7,Cyprinidae,Cypriniformes,Teleostei
Discogobio tetrabarbatus,Discogobio,0.0276,2.678,3,TL,3.2,16.5,Cyprinidae,Cypriniformes,Teleostei
Platycephalus marmoratus,Platycephalus,0.0037,3.1791,1,FL,19,53,Platycephalidae,Perciformes/Scorpaenoidei,Teleostei
Scorpaena sumptuosa,Scorpaena,0.03117,2.8809,1,TL,,,Scorpaenidae,Perciformes/Scorpaenoidei,Teleostei
Hypleurochilus fissicornis,Hypleurochilus,0.018,2.94,1,TL,2.8,8.9,Blenniidae,Blenniiformes,Teleostei
Gobionellus stomatus,Gobionellus,0.0054,2.93,1,TL,8.2,13.3,Gobiidae,Gobiiformes,Teleostei
Alloblennius pictus,Alloblennius,0.0086,2.999,1,TL,1.3,2.97,Blenniidae,Blenniiformes,Teleostei
Sinobdella sinensis,Sinobdella,0.002,3.156,1,TL,10.9,21.1,Mastacembelidae,Synbranchiformes,Teleostei
Bodianus frenchii,Bodianus,0.07332,2.5752,3,TL,,,Labridae,Eupercaria/misc,Teleostei
Acestrorhynchus britskii,Acestrorhynchus,0.005,3.331,1,SL,9.1,18.5,Acestrorhynchidae,Characiformes,Teleostei
Acestrorhynchus pantaneiro,Acestrorhynchus,0.00475,3.23,5,SL,6,34.3,Acestrorhynchidae,Characiformes,Teleostei
Apareiodon ibitiensis,Apareiodon,0.00857,3.112,1,TL,11,19.6,Parodontidae,Characiformes,Teleostei
Apareiodon vittatus,Apareiodon,0.0127,3.19,1,SL,6.8,14.5,Parodontidae,Characiformes,Teleostei
Apareiodon hasemani,Apareiodon,0.015,3.113,1,SL,1.5,12.3,Parodontidae,Characiformes,Teleostei
Cleisthenes pinetorum,Cleisthenes,0.00869,3.0882,6,TL,11.3,47,Pleuronectidae,Pleuronectiformes,Teleostei
Charax michaeli,Charax,0.013,3.3762,1,SL,7,18.5,Characidae,Characiformes,Teleostei
Steindachnerina insculpta,Steindachnerina,0.02945,2.917,6,TL,1.5,19.3,Curimatidae,Characiformes,Teleostei
Iguanodectes variatus,Iguanodectes,0.00714,3.17,1,TL,2.1,7.8,Iguanodectidae,Characiformes,Teleostei
Leporinus amblyrhynchus,Leporinus,0.0088,3.04,3,SL,9.1,27.4,Anostomidae,Characiformes,Teleostei
Leporinus lacustris,Leporinus,0.0322,3.007,4,TL,5,24,Anostomidae,Characiformes,Teleostei
Megaleporinus macrocephalus,Megaleporinus,0.0079,3.32,3,TL,27.5,68.4,Anostomidae,Characiformes,Teleostei
Hypomasticus pachycheilus,Hypomasticus,0.0064,3.37,1,SL,11.4,22.4,Anostomidae,Characiformes,Teleostei
Moenkhausia loweae,Moenkhausia,0.0079,3.33,1,TL,5,7.5,Acestrorhamphidae,Characiformes,Teleostei
Mylesinus paucisquamatus,Mylesinus,0.0468,2.966,3,SL,4.8,33.3,Serrasalmidae,Characiformes,Teleostei
Acanthobrama marmid,Acanthobrama,0.029,2.68,3,FL,9.2,28.6,Leuciscidae,Cypriniformes,Teleostei
Alburnus caeruleus,Alburnus,0.00545,3.2935,2,TL,3.8,8.212,Leuciscidae,Cypriniformes,Teleostei
Alburnus escherichii,Alburnus,0.0083,3.1385,2,TL,6.5,18.2,Leuciscidae,Cypriniformes,Teleostei
Alburnus mossulensis,Alburnus,0.007,3.115,12,TL,1.9,24.2,Leuciscidae,Cypriniformes,Teleostei
Oligosarcus brevioris,Oligosarcus,0.007,3.12,1,TL,4,28,Acestrorhamphidae,Characiformes,Teleostei
Oligosarcus longirostris,Oligosarcus,0.0122,3.15,3,SL,5.6,29.5,Acestrorhamphidae,Characiformes,Teleostei
Alburnus orontis,Alburnus,0.0336,2.729,1,TL,4,12.2,Leuciscidae,Cypriniformes,Teleostei
Oligosarcus paranensis,Oligosarcus,0.018,3.037,3,TL,1.9,19.8,Acestrorhamphidae,Characiformes,Teleostei
Oligosarcus pintoi,Oligosarcus,0.0149,3.32,1,SL,2.7,8.8,Acestrorhamphidae,Characiformes,Teleostei
Alburnus sellal,Alburnus,0.008,2.964,1,TL,2.1,26.2,Leuciscidae,Cypriniformes,Teleostei
Oligosarcus robustus,Oligosarcus,0.006,3.14,1,TL,2.8,31.3,Acestrorhamphidae,Characiformes,Teleostei
Ossubtus xinguense,Ossubtus,0.0284,2.93,1,TL,4.5,25,Serrasalmidae,Characiformes,Teleostei
Pseudophoxinus anatolicus,Pseudophoxinus,0.00905,3.2835,2,SL,5.1,24.4,Leuciscidae,Cypriniformes,Teleostei
Pseudophoxinus antalyae,Pseudophoxinus,0.007,3.338,1,TL,5.3,17,Leuciscidae,Cypriniformes,Teleostei
Schizodon altoparanae,Schizodon,0.0059,3.374,3,TL,17.6,37.4,Anostomidae,Characiformes,Teleostei
Schizodon intermedius,Schizodon,0.019,3.08,1,TL,8.6,25.5,Anostomidae,Characiformes,Teleostei
Schizodon jacuiensis,Schizodon,0.0035,3.34,1,TL,15.1,34.8,Anostomidae,Characiformes,Teleostei
Pseudophoxinus battalgilae,Pseudophoxinus,0.014,2.976,2,SL,3.1,10.2,Leuciscidae,Cypriniformes,Teleostei
Pseudophoxinus crassus,Pseudophoxinus,0.0075,3.28,3,TL,5.2,19.8,Leuciscidae,Cypriniformes,Teleostei
Pseudophoxinus egridiri,Pseudophoxinus,0.019,3.106,1,SL,2.3,6,Leuciscidae,Cypriniformes,Teleostei
Pseudophoxinus handlirschi,Pseudophoxinus,0.012,3.102,1,SL,7.4,10.4,Leuciscidae,Cypriniformes,Teleostei
Characidium bimaculatum,Characidium,0.0195,2.816,1,SL,1.42,6.7,Crenuchidae,Characiformes,Teleostei
Monocentris reedi,Monocentris,0.273,2.155,1,SL,5.4,9.9,Monocentridae,Trachichthyiformes,Teleostei
Odontobutis interruptus,Odontobutis,0.011155,3.05,2,TL,4.3,17,Odontobutidae,Gobiiformes,Teleostei
Odontobutis platycephala,Odontobutis,0.0075,3.2,4,TL,4.7,20.2,Odontobutidae,Gobiiformes,Teleostei
Psalidodon gymnodontus,Psalidodon,0.0222,3.05,1,SL,5.5,16,Acestrorhamphidae,Characiformes,Teleostei
Conorhynchos conirostris,Conorhynchos,0.034,2.772,1,SL,13.3,72.4,Pimelodidae,Siluriformes,Teleostei
Arcygobius baliurus,Arcygobius,0.0144,2.847,1,TL,6.8,9.5,Gobiidae,Gobiiformes,Teleostei
Polymixia fusca,Polymixia,0.0163,2.94,1,TL,13,23.8,Polymixiidae,Polymixiiformes,Teleostei
Polymixia yuri,Polymixia,0.0275,3,1,SL,15.2,17.9,Polymixiidae,Polymixiiformes,Teleostei
Gymnothorax albimarginatus,Gymnothorax,0.00041,3.18,3,TL,26.4,106,Muraenidae,Anguilliformes,Teleostei
Stellifer ephelis,Stellifer,0.0072,3.1605,1,TL,5.6,16.7,Sciaenidae,Eupercaria/misc,Teleostei
Champsodon vorax,Champsodon,0.0368,2.14,1,TL,6,10.8,Champsodontidae,Acropomatiformes,Teleostei
Cheilotrema fasciatum,Cheilotrema,0.015,3.058,1,TL,11,36.1,Sciaenidae,Eupercaria/misc,Teleostei
Cynoscion guatucupa,Cynoscion,0.01235,2.924,7,TL,3.6,60,Sciaenidae,Eupercaria/misc,Teleostei
Acestrorhynchus abbreviatus,Acestrorhynchus,0.02705,2.79475,2,SL,12,30,Acestrorhynchidae,Characiformes,Teleostei
Astyanax multidens,Astyanax,0.0132,2.543,1,TL,2.8,4.3,Acestrorhamphidae,Characiformes,Teleostei
Diapoma alburnum,Diapoma,0.011,3.2575,2,SL,1.7,7.3,Stevardiidae,Characiformes,Teleostei
Achirus declivis,Achirus,0.0123,3.174,6,TL,2.8,18.7,Achiridae,Pleuronectiformes,Teleostei
Cyprinus chilia,Cyprinus,0.00819,3.17,1,TL,5.8,16.8,Cyprinidae,Cypriniformes,Teleostei
Brachychalcinus retrospina,Brachychalcinus,0.0163,3.41,1,SL,2.49,4.61,Acestrorhamphidae,Characiformes,Teleostei
Hemibagrus macropterus,Hemibagrus,0.0164,2.6995,8,TL,4,54.2,Bagridae,Siluriformes,Teleostei
Brycon amazonicus,Brycon,0.021485,3.062,2,SL,6.5,40.6,Bryconidae,Characiformes,Teleostei
Brycon hilarii,Brycon,0.0203,3,1,TL,49.5,56,Bryconidae,Characiformes,Teleostei
Brycon orthotaenia,Brycon,0.008,3.304,1,SL,10.3,41,Bryconidae,Characiformes,Teleostei
Brycon behreae,Brycon,0.0159,3,1,TL,43,53,Bryconidae,Characiformes,Teleostei
Bryconops giacopinii,Bryconops,0.0125,2.85,1,TL,3,18,Iguanodectidae,Characiformes,Teleostei
Characidium interruptum,Characidium,0.015,3.09,1,SL,2.1,4,Crenuchidae,Characiformes,Teleostei
Characidium phoxocephalum,Characidium,0.005,3.7131,1,SL,4.1,9.8,Crenuchidae,Characiformes,Teleostei
Characidium caucanum,Characidium,0.0161,3.0915,1,SL,4.9,7.7,Crenuchidae,Characiformes,Teleostei
Characidium chupa,Characidium,0.0345,2.803,1,SL,3.1,8.2,Crenuchidae,Characiformes,Teleostei
Characidium vidali,Characidium,0.029,2.66,1,SL,2.42,6.22,Crenuchidae,Characiformes,Teleostei
Charax tectifer,Charax,0.035,2.783,1,SL,9.9,14.4,Characidae,Characiformes,Teleostei
Potamorhina squamoralevis,Potamorhina,0.0475,2.75,1,SL,7.8,21,Curimatidae,Characiformes,Teleostei
Psectrogaster falcata,Psectrogaster,0.0133,2.99,1,TL,12.5,25.6,Curimatidae,Characiformes,Teleostei
Psectrogaster rhomboides,Psectrogaster,0.0804,2.33,3,TL,12.3,17,Curimatidae,Characiformes,Teleostei
Psectrogaster curviventris,Psectrogaster,0.0175,3.26,1,SL,6.5,15.8,Curimatidae,Characiformes,Teleostei
Steindachnerina elegans,Steindachnerina,0.016,3.2,1,SL,2.1,14.5,Curimatidae,Characiformes,Teleostei
Steindachnerina brevipinna,Steindachnerina,0.0253,3.04,5,SL,2.4,22.6,Curimatidae,Characiformes,Teleostei
Steindachnerina notonota,Steindachnerina,0.007,3.249,3,TL,1.61,11,Curimatidae,Characiformes,Teleostei
Steindachnerina pupula,Steindachnerina,0.0053,3.3554,1,TL,3.54,16.77,Curimatidae,Characiformes,Teleostei
Prochilodus costatus,Prochilodus,0.008,3.297,1,SL,10.3,57,Prochilodontidae,Characiformes,Teleostei
Atherinella alvarezi,Atherinella,0.0086,3.187,1,SL,1.6,6.6,Atherinopsidae,Atheriniformes,Teleostei
Parapimelodus nigribarbis,Parapimelodus,0.0102,2.82,1,TL,10.8,19.8,Pimelodidae,Siluriformes,Teleostei
Pimelodus ortmanni,Pimelodus,0.0096,3.14,1,SL,6.9,29.5,Pimelodidae,Siluriformes,Teleostei
Mastiglanis asopos,Mastiglanis,0.0098,2.7,1,TL,2.7,6.5,Heptapteridae,Siluriformes,Teleostei
Rhamdella longiuscula,Rhamdella,0.009,2.88,1,TL,13.1,22,Heptapteridae,Siluriformes,Teleostei
Megaleporinus muyscorum,Megaleporinus,0.0219,2.87,3,SL,9.6,44,Anostomidae,Characiformes,Teleostei
Schizodon nasutus,Schizodon,0.01535,2.985,4,TL,4.1,43.5,Anostomidae,Characiformes,Teleostei
Schizodon borellii,Schizodon,0.0209,3.02,5,TL,10,40,Anostomidae,Characiformes,Teleostei
Petulanos intermedius,Petulanos,0.0158,2.808,1,TL,9,18.5,Anostomidae,Characiformes,Teleostei
Laemolyta fernandezi,Laemolyta,0.0127,2.88,1,TL,11.9,21.4,Anostomidae,Characiformes,Teleostei
Laemolyta proxima,Laemolyta,0.013615,2.978,2,SL,9.2,28.5,Anostomidae,Characiformes,Teleostei
Megaleporinus conirostris,Megaleporinus,0.005,3.2,1,TL,25,36.5,Anostomidae,Characiformes,Teleostei
Hypomasticus copelandii,Hypomasticus,0.00955,3.145,4,SL,2,54,Anostomidae,Characiformes,Teleostei
Megaleporinus elongatus,Megaleporinus,0.0169,3.073,5,TL,8.3,50,Anostomidae,Characiformes,Teleostei
Hypomasticus mormyrops,Hypomasticus,0.01,3.21,1,SL,9.3,21.2,Anostomidae,Characiformes,Teleostei
Hypomasticus steindachneri,Hypomasticus,0.0263,2.884,1,SL,11,34.5,Anostomidae,Characiformes,Teleostei
Leporinus taeniatus,Leporinus,0.014585,3.1855,2,SL,6.5,26.4,Anostomidae,Characiformes,Teleostei
Acestrocephalus sardina,Acestrocephalus,0.011,3.158,3,SL,7.4,21.7,Characidae,Characiformes,Teleostei
Hyphessobrycon meridionalis,Hyphessobrycon,0.0219,3.08,1,SL,1.5,5,Acestrorhamphidae,Characiformes,Teleostei
Moenkhausia lata,Moenkhausia,0.0142,3.3916,1,TL,2.5,4.8,Acestrorhamphidae,Characiformes,Teleostei
Serrapinnus notomelas,Serrapinnus,0.0217,3.135,2,SL,0.8,3.5,Characidae,Characiformes,Teleostei
Oligosarcus argenteus,Oligosarcus,0.012,3.226,1,SL,2.1,18.5,Acestrorhamphidae,Characiformes,Teleostei
Orthospinus franciscensis,Orthospinus,0.016,3.379,1,SL,1.6,7.5,Acestrorhamphidae,Characiformes,Teleostei
Mimagoniates microlepis,Mimagoniates,0.016,2.88,3,SL,1.2,7,Stevardiidae,Characiformes,Teleostei
Poptella paraguayensis,Poptella,0.0319,3.03,1,SL,3.9,10.2,Acestrorhamphidae,Characiformes,Teleostei
Roeboides xenodon,Roeboides,0.024,2.893,1,SL,1.4,10.4,Characidae,Characiformes,Teleostei
Roeboides prognathus,Roeboides,0.0068,3.48,1,SL,6.4,18.5,Characidae,Characiformes,Teleostei
Serrasalmus manueli,Serrasalmus,0.01725,3.185,2,TL,5.5,43.5,Serrasalmidae,Characiformes,Teleostei
Serrasalmus eigenmanni,Serrasalmus,0.014,3.141,3,SL,5.2,35,Serrasalmidae,Characiformes,Teleostei
Argopleura diquensis,Argopleura,0.0095,3.2889,1,SL,2.5,6.8,Stevardiidae,Characiformes,Teleostei
Argopleura magdalenensis,Argopleura,0.02225,2.7925,2,SL,1.59,6.01,Stevardiidae,Characiformes,Teleostei
Hemibrycon dentatus,Hemibrycon,0.02,2.9745,1,SL,2.9,9.3,Stevardiidae,Characiformes,Teleostei
Serrapinnus microdon,Serrapinnus,0.0614,2.48,1,SL,1.1,2.9,Characidae,Characiformes,Teleostei
Compsura heterura,Compsura,0.009,3.049,2,TL,1.5,3.8,Characidae,Characiformes,Teleostei
Roestes molossus,Roestes,0.01564,3.117,1,SL,10.6,21.6,Acestrorhynchidae,Characiformes,Teleostei
Myleus micans,Myleus,0.051,2.907,1,SL,3.1,38,Serrasalmidae,Characiformes,Teleostei
Piabarchus analis,Piabarchus,0.0264,2.745,2,SL,1,4.9,Stevardiidae,Characiformes,Teleostei
Serrasalmus hollandi,Serrasalmus,0.01829,3.247,1,SL,5.2,17.2,Serrasalmidae,Characiformes,Teleostei
Farlowella isbruckeri,Farlowella,0.003,2.65,1,SL,3,11,Loricariidae,Siluriformes,Teleostei
Farlowella paraguayensis,Farlowella,0.0044,2.5,1,SL,5.6,15.5,Loricariidae,Siluriformes,Teleostei
Hypostomus luteus,Hypostomus,0.024,2.8,1,TL,10,40.5,Loricariidae,Siluriformes,Teleostei
Hypostomus isbrueckeri,Hypostomus,0.014,2.93,1,TL,8.4,30.8,Loricariidae,Siluriformes,Teleostei
Hypostomus uruguayensis,Hypostomus,0.01285,2.915,2,TL,13.2,34.5,Loricariidae,Siluriformes,Teleostei
Odontesthes humensis,Odontesthes,0.00795,3.0975,2,SL,6,35,Atherinopsidae,Atheriniformes,Teleostei
Menidia colei,Menidia,0.01135,2.8945,2,SL,1.2,3.7,Atherinopsidae,Atheriniformes,Teleostei
Hypostomus roseopunctatus,Hypostomus,0.02,2.83,3,TL,8.9,43.3,Loricariidae,Siluriformes,Teleostei
Hyporhamphus mexicanus,Hyporhamphus,0.004,2.946,1,SL,8,17.3,Hemiramphidae,Beloniformes,Teleostei
Hyporhamphus meeki,Hyporhamphus,0.003,3.009,1,SL,8,20.9,Hemiramphidae,Beloniformes,Teleostei
Scobinancistrus pariolispos,Scobinancistrus,0.0092,3.14,1,TL,4,27,Loricariidae,Siluriformes,Teleostei
Dekeyseria amazonica,Dekeyseria,0.0113,3.1554,1,SL,8.2,17.4,Loricariidae,Siluriformes,Teleostei
Hypancistrus zebra,Hypancistrus,0.014,2.89,1,TL,3.2,7,Loricariidae,Siluriformes,Teleostei
Neoplecostomus ribeirensis,Neoplecostomus,0.025,2.726,1,SL,3.5,5.8,Loricariidae,Siluriformes,Teleostei
Atherinella hubbsi,Atherinella,0.00837,2.9359,1,SL,3.28,5.74,Atherinopsidae,Atheriniformes,Teleostei
Pseudopoecilia fria,Pseudopoecilia,0.0182,3.23,1,SL,1.39,2.95,Poeciliidae,Cyprinodontiformes,Teleostei
Centromochlus musaicus,Centromochlus,0.00167,2.91,1,TL,1.5,6.2,Auchenipteridae,Siluriformes,Teleostei
Auchenipterichthys coracoideus,Auchenipterichthys,0.02345,2.84025,2,SL,6,19.2,Auchenipteridae,Siluriformes,Teleostei
Trachelyopterus lucenai,Trachelyopterus,0.029,3.1357,2,TL,10.6,22.6,Auchenipteridae,Siluriformes,Teleostei
Ageneiosus militaris,Ageneiosus,0.0163,2.843,3,TL,17.4,31.5,Auchenipteridae,Siluriformes,Teleostei
Ageneiosus pardalis,Ageneiosus,0.0057,3.19,3,SL,7.3,63,Auchenipteridae,Siluriformes,Teleostei
Sciaena deliciosa,Sciaena,0.02,2.842,3,TL,6.9,46,Sciaenidae,Eupercaria/misc,Teleostei
Schizodon knerii,Schizodon,0.014,3.101,1,SL,5.2,38.5,Anostomidae,Characiformes,Teleostei
Potamotrygon leopoldi,Potamotrygon,0.0151,2.96,1,WD,23.5,111,Potamotrygonidae,Myliobatiformes,Elasmobranchii
Latimeria menadoensis,Latimeria,0.015,3,1,TL,,,Latimeriidae,Coelacanthiformes,Coelacanthi
Strongylura forsythia,Strongylura,0.001,3.031,1,SL,1.2,40.5,Belonidae,Beloniformes,Teleostei
Halichoeres bicolor,Halichoeres,0.023,3,5,SL,,10,Labridae,Eupercaria/misc,Teleostei
Myrichthys xysturus,Myrichthys,6e-04,3,1,TL,41.2,,Ophichthidae,Anguilliformes,Teleostei
Osteomugil perusii,Osteomugil,0.014,2.92,1,TL,9.2,23.1,Mugilidae,Mugiliformes,Teleostei
Narcine maculata,Narcine,0.013,3,2,SL,,39.5,Narcinidae,Torpediniformes,Elasmobranchii
Galeus atlanticus,Galeus,0.00315,2.99385,4,TL,16.1,41.7,Pentanchidae,Carcharhiniformes,Elasmobranchii
Ijimaia antillarum,Ijimaia,1e-04,3.509,1,TL,23.1,85.5,Ateleopodidae,Ateleopodiformes,Teleostei
Bathyraja maculata,Bathyraja,0.00174,3.28,11,TL,18,134,Arhynchobatidae,Rajiformes,Elasmobranchii
Sympterygia bonapartii,Sympterygia,0.003,3.216,5,TL,7,75.5,Arhynchobatidae,Rajiformes,Elasmobranchii
Sympterygia acuta,Sympterygia,0.005,2.988,3,TL,8.5,57,Arhynchobatidae,Rajiformes,Elasmobranchii
Bathyraja taranetzi,Bathyraja,0.00292,3.161,1,TL,17,70,Arhynchobatidae,Rajiformes,Elasmobranchii
Aulotrachichthys atlanticus,Aulotrachichthys,0.016,3.154,1,TL,,,Trachichthyidae,Trachichthyiformes,Teleostei
Paracanthobrama guichenoti,Paracanthobrama,0.0073,3.35,1,TL,13.8,21.3,Gobionidae,Cypriniformes,Teleostei
Acentrogobius chlorostigmatoides,Acentrogobius,0.02595,2.9465,2,SL,3.4,11,Gobiidae,Gobiiformes,Teleostei
Lepidopus altifrons,Lepidopus,0.00054,3.137,1,TL,,,Trichiuridae,Scombriformes,Teleostei
Chaunax suttkusi,Chaunax,0.032835,2.861,2,TL,0.7,26.7,Chaunacidae,Lophiiformes,Teleostei
Hypselobarbus kurali,Hypselobarbus,0.0103,2.999,1,TL,9.8,26.6,Cyprinidae,Cypriniformes,Teleostei
Schistura chindwinica,Schistura,0.014,2.786,1,TL,3.3,6,Nemacheilidae,Cypriniformes,Teleostei
Labrisomus socorroensis,Labrisomus,0.0146,3,2,SL,8.3,,Labrisomidae,Blenniiformes,Teleostei
Paraclinus beebei,Paraclinus,0.0156,3,2,SL,3.2,,Labrisomidae,Blenniiformes,Teleostei
Paraclinus ditrichus,Paraclinus,0.01335,3,2,SL,3.1,,Labrisomidae,Blenniiformes,Teleostei
Erotelis armiger,Erotelis,0.061,1.86,1,SL,2.1,7.27,Eleotridae,Gobiiformes,Teleostei
Acheilognathus macropterus,Acheilognathus,0.0091,3.15,7,TL,3,15.6,Acheilognathidae,Cypriniformes,Teleostei
Psammobatis extenta,Psammobatis,0.005485,2.985,2,TL,8.3,28,Arhynchobatidae,Rajiformes,Elasmobranchii
Psammobatis normani,Psammobatis,0.008,2.98345,2,TL,8,58,Arhynchobatidae,Rajiformes,Elasmobranchii
Rajella barnardi,Rajella,0.00462,3.1191,2,TL,,,Rajidae,Rajiformes,Elasmobranchii
Pseudobatos prahli,Pseudobatos,0.00408,2.99,1,TL,52,81,Rhinobatidae,Rhinopristiformes,Elasmobranchii
Xenomystax trucidans,Xenomystax,0.00035,3.17,1,TL,,,Congridae,Anguilliformes,Teleostei
Schizothorax macropogon,Schizothorax,0.012,3.12,3,TL,9.9,53.8,Cyprinidae,Cypriniformes,Teleostei
Schizothorax waltoni,Schizothorax,0.008,3.122,3,TL,8.32,63.4,Cyprinidae,Cypriniformes,Teleostei
Schizothorax oconnori,Schizothorax,0.00975,3.038,4,TL,6.7,59.6,Cyprinidae,Cypriniformes,Teleostei
Ptychobarbus dipogon,Ptychobarbus,0.00525,3.1175,2,TL,12.3,64.4,Cyprinidae,Cypriniformes,Teleostei
Schizopygopsis younghusbandi,Schizopygopsis,0.00573,3.11,5,TL,3.86,49.6,Cyprinidae,Cypriniformes,Teleostei
Oxygymnocypris stewartii,Oxygymnocypris,0.00816,3.09,5,SL,7.8,67.6,Cyprinidae,Cypriniformes,Teleostei
Triplophysa stewarti,Triplophysa,0.009315,2.965,2,SL,3.28,11.28,Nemacheilidae,Cypriniformes,Teleostei
Triplophysa stenura,Triplophysa,0.00842,2.9545,4,SL,3.92,13.4,Nemacheilidae,Cypriniformes,Teleostei
Triplophysa tibetana,Triplophysa,0.0065,3.165,2,SL,2.81,17.18,Nemacheilidae,Cypriniformes,Teleostei
Periophthalmus modestus,Periophthalmus,0.0091,3.027,5,TL,1.8,9.9,Oxudercidae,Gobiiformes,Teleostei
Schizothorax plagiostomus,Schizothorax,0.0206,2.9264,7,TL,9.6,52,Cyprinidae,Cypriniformes,Teleostei
Schizothorax nukiangensis,Schizothorax,0.0208,2.74,1,TL,27.2,50,Cyprinidae,Cypriniformes,Teleostei
Schizothorax lantsangensis,Schizothorax,0.01385,2.98,1,SL,21.4,42,Cyprinidae,Cypriniformes,Teleostei
Schizothorax dolichonema,Schizothorax,0.0118,3.008,2,SL,6.4,46.6,Cyprinidae,Cypriniformes,Teleostei
Schizothorax grahami,Schizothorax,0.0046,3.17,1,TL,9.2,65,Cyprinidae,Cypriniformes,Teleostei
Ptychobarbus kaznakovi,Ptychobarbus,0.006635,3.045,4,TL,7,57.5,Cyprinidae,Cypriniformes,Teleostei
Schizopygopsis thermalis,Schizopygopsis,0.0556,2.54,1,TL,5.4,32.5,Cyprinidae,Cypriniformes,Teleostei
Herzensteinia microcephalus,Herzensteinia,0.00592,3.07,1,TL,12.9,39,Cyprinidae,Cypriniformes,Teleostei
Schizopygopsis malacanthus,Schizopygopsis,0.00695,3.1875,2,SL,4.6,34.2,Cyprinidae,Cypriniformes,Teleostei
Serrapinnus calliurus,Serrapinnus,0.0187,3.1,1,SL,1.7,3.9,Characidae,Characiformes,Teleostei
Pareiorhaphis mutuca,Pareiorhaphis,0.022,3.107,1,SL,1.6,10.2,Loricariidae,Siluriformes,Teleostei
Laemonema goodebeanorum,Laemonema,0.001585,3.2595,2,SL,1.7,28.5,Moridae,Gadiformes,Teleostei
Microglanis cottoides,Microglanis,0.00485,3,1,TL,1.8,6.1,Pseudopimelodidae,Siluriformes,Teleostei
Symphodus doderleini,Symphodus,0.0156,2.9747,4,TL,4.2,9.9,Labridae,Eupercaria/misc,Teleostei
Gilbertolus alatus,Gilbertolus,0.0245,2.814,2,SL,4,14.3,Acestrorhynchidae,Characiformes,Teleostei
Paramonacanthus sulcatus,Paramonacanthus,0.026695,3.0182,2,NG,,,Monacanthidae,Tetraodontiformes,Teleostei
Dipturus flavirostris,Dipturus,0.00235,3.27635,2,TL,17,119,Rajidae,Rajiformes,Elasmobranchii
Psammobatis rudis,Psammobatis,0.0084,2.939,1,TL,10,50,Arhynchobatidae,Rajiformes,Elasmobranchii
Cantherhines rapanui,Cantherhines,0.02505,3,2,SL,13,,Monacanthidae,Tetraodontiformes,Teleostei
Myliobatis peruviana,Myliobatis,0.003,3.087,1,WD,42.8,124.5,Myliobatidae,Myliobatiformes,Elasmobranchii
Hemitrygon laevigata,Hemitrygon,0.0286,3.24,1,OT,10.1,25.6,Dasyatidae,Myliobatiformes,Elasmobranchii
Leporacanthicus galaxias,Leporacanthicus,0.0502,2.84,3,SL,9.8,20.6,Loricariidae,Siluriformes,Teleostei
Hypsibarbus pierrei,Hypsibarbus,0.0115,3.03,1,TL,7.9,36.9,Cyprinidae,Cypriniformes,Teleostei
Mystacoleucus chilopterus,Mystacoleucus,0.01446,2.8905,2,TL,5,11,Cyprinidae,Cypriniformes,Teleostei
Poropuntius hampaloides,Poropuntius,0.0254,2.8188,1,TL,3.48,12.8,Cyprinidae,Cypriniformes,Teleostei
Neolissochilus benasi,Neolissochilus,0.008,3.06,1,TL,2.51,17.86,Cyprinidae,Cypriniformes,Teleostei
Acheilognathus tonkinensis,Acheilognathus,0.0213,3.115,4,SL,3.6,12.2,Acheilognathidae,Cypriniformes,Teleostei
Acheilognathus gracilis,Acheilognathus,0.0181,3.292,1,SL,4.3,5.8,Acheilognathidae,Cypriniformes,Teleostei
Luciobarbus pectoralis,Luciobarbus,0.0053,3.225,1,TL,15.5,33.5,Cyprinidae,Cypriniformes,Teleostei
Paracapoeta trutta,Paracapoeta,0.0098,3.084,7,TL,4.1,48.5,Cyprinidae,Cypriniformes,Teleostei
Carasobarbus luteus,Carasobarbus,0.012525,3.05,16,TL,3.61,48.5,Cyprinidae,Cypriniformes,Teleostei
Cyprinion tenuiradius,Cyprinion,0.00925,3.12,2,TL,3.24,19.5,Cyprinidae,Cypriniformes,Teleostei
Culter oxycephaloides,Culter,0.018,2.853,3,TL,10.6,46.2,Xenocyprididae,Cypriniformes,Teleostei
Scomber colias,Scomber,0.00775,3.0252,4,TL,6.5,38.6,Scombridae,Scombriformes,Teleostei
Ancherythroculter kurematsui,Ancherythroculter,0.0148,2.99,3,SL,4.1,20.3,Xenocyprididae,Cypriniformes,Teleostei
Patagonotothen guntheri,Patagonotothen,0.00495,3.191,1,TL,6,25,Nototheniidae,Perciformes/Notothenioidei,Teleostei
Paralichthys isosceles,Paralichthys,0.0075,3.52,3,TL,8.8,36.2,Paralichthyidae,Pleuronectiformes,Teleostei
Xystreurys rasilis,Xystreurys,0.00175,3.51,3,TL,8,36.3,Paralichthyidae,Pleuronectiformes,Teleostei
Ponticola cyrius,Ponticola,0.01155,2.95875,2,TL,2.3,16.4,Gobiidae,Gobiiformes,Teleostei
Pseudogobio vaillanti,Pseudogobio,0.01145,2.9245,2,TL,8.9,22.8,Gobionidae,Cypriniformes,Teleostei
Pseudolaubuca engraulis,Pseudolaubuca,0.00605,3.1975,4,SL,6.7,20.6,Xenocyprididae,Cypriniformes,Teleostei
Pseudolaubuca sinensis,Pseudolaubuca,0.008,3.05,5,SL,4.2,29.2,Xenocyprididae,Cypriniformes,Teleostei
Epigonus crassicaudus,Epigonus,0.02505,2.8215,2,TL,,,Epigonidae,Acropomatiformes,Teleostei
Coreoperca herzi,Coreoperca,0.011605,3.075,4,TL,3.8,18,Sinipercidae,Centrarchiformes,Teleostei
Oxynoemacheilus frenatus,Oxynoemacheilus,0.008,3.111,1,TL,4.1,8,Nemacheilidae,Cypriniformes,Teleostei
Oxynoemacheilus kermanshahensis,Oxynoemacheilus,0.015,2.89,3,TL,1.8,8.4,Nemacheilidae,Cypriniformes,Teleostei
Oxynoemacheilus hamwii,Oxynoemacheilus,0.00745,2.9595,2,TL,3.1,8.4,Nemacheilidae,Cypriniformes,Teleostei
Turcinoemacheilus kosswigi,Turcinoemacheilus,0.00645,3.056,2,TL,1.7,5.9,Nemacheilidae,Cypriniformes,Teleostei
Arabibarbus grypus,Arabibarbus,0.0089,2.962,5,TL,,,Cyprinidae,Cypriniformes,Teleostei
Mesopotamichthys sharpeyi,Mesopotamichthys,0.0086,3.076,3,TL,,,Cyprinidae,Cypriniformes,Teleostei
Luciobarbus xanthopterus,Luciobarbus,0.0098,2.984,7,TL,12,60.2,Cyprinidae,Cypriniformes,Teleostei
Barilius mesopotamicus,Barilius,0.0026,3.33,3,TL,2.53,6.98,Danionidae,Cypriniformes,Teleostei
Paracapoeta barroisi,Paracapoeta,0.0088,3.015,3,TL,3.6,48,Cyprinidae,Cypriniformes,Teleostei
Cyprinion kais,Cyprinion,0.01,3.08,2,TL,2.01,15.9,Cyprinidae,Cypriniformes,Teleostei
Cyprinion macrostomus,Cyprinion,0.008,3.1,5,TL,1.95,20.4,Cyprinidae,Cypriniformes,Teleostei
Garra variabilis,Garra,0.00875,3.1205,2,TL,3.2,14.5,Cyprinidae,Cypriniformes,Teleostei
Mastacembelus mastacembelus,Mastacembelus,0.00685,2.6125,4,TL,7.9,46.5,Mastacembelidae,Synbranchiformes,Teleostei
Leuciscus vorax,Leuciscus,0.0028,3.3045,4,TL,,,Leuciscidae,Cypriniformes,Teleostei
Garra persica,Garra,0.018,2.79,1,TL,5.92,9.95,Cyprinidae,Cypriniformes,Teleostei
Paraschistura bampurensis,Paraschistura,0.005,3.41,3,TL,2.9,6.7,Nemacheilidae,Cypriniformes,Teleostei
Onychostoma lepturus,Onychostoma,0.0086,2.97,1,TL,5.7,21.3,Cyprinidae,Cypriniformes,Teleostei
Onychostoma simum,Onychostoma,0.0129,3.21,4,SL,5.2,41.5,Cyprinidae,Cypriniformes,Teleostei
Neosalanx tangkahkeii,Neosalanx,0.00237,3.221,3,TL,2.32,7.93,Salangidae,Osmeriformes,Teleostei
Parazacco spilurus,Parazacco,0.005,3.288,1,TL,5.2,11.7,Xenocyprididae,Cypriniformes,Teleostei
Aphyocypris normalis,Aphyocypris,0.0065,3.255,2,TL,3.54,10.41,Xenocyprididae,Cypriniformes,Teleostei
Epigonus occidentalis,Epigonus,0.0099,2.979,1,TL,7.1,25.8,Epigonidae,Acropomatiformes,Teleostei
Epigonus angustifrons,Epigonus,0.0167,2.974,1,SL,17,32.5,Epigonidae,Acropomatiformes,Teleostei
Pseudohemiculter dispar,Pseudohemiculter,0.0057,3.05025,6,TL,4.9,30.7,Xenocyprididae,Cypriniformes,Teleostei
Sinibrama melrosei,Sinibrama,0.0127,3.195,1,SL,4.7,18.3,Xenocyprididae,Cypriniformes,Teleostei
Epigonus elegans,Epigonus,0.0231,2.795,1,SL,8.5,15.3,Epigonidae,Acropomatiformes,Teleostei
Hemiculterella sauvagei,Hemiculterella,0.0067,3.26,3,SL,3.8,14.5,Xenocyprididae,Cypriniformes,Teleostei
Xenocypris davidi,Xenocypris,0.0132,3.096,7,SL,6.1,46.9,Xenocyprididae,Cypriniformes,Teleostei
Rhodeus sinensis,Rhodeus,0.01,3.215,5,TL,2.3,10.8,Acheilognathidae,Cypriniformes,Teleostei
Acheilognathus barbatulus,Acheilognathus,0.0199,3.154,3,TL,2.9,8.7,Acheilognathidae,Cypriniformes,Teleostei
Triplophysa kashmirensis,Triplophysa,0.0091,2.981,1,TL,6.35,12,Nemacheilidae,Cypriniformes,Teleostei
Acrossocheilus parallens,Acrossocheilus,0.01,3.03,3,TL,2.1,21,Cyprinidae,Cypriniformes,Teleostei
Acrossocheilus hemispinus,Acrossocheilus,0.00405,3.41,1,TL,7.4,19.8,Cyprinidae,Cypriniformes,Teleostei
Fluviphylax palikur,Fluviphylax,0.0082,2.819,2,SL,1,2.4,Fluviphylacidae,Cyprinodontiformes,Teleostei
Acrossocheilus iridescens,Acrossocheilus,0.009,3.023,1,TL,8.7,27,Cyprinidae,Cypriniformes,Teleostei
Acrossocheilus clivosius,Acrossocheilus,0.01364,2.9,1,TL,9.4,20,Cyprinidae,Cypriniformes,Teleostei
Folifer brevifilis,Folifer,0.0117,3.01,3,TL,6.1,40.5,Cyprinidae,Cypriniformes,Teleostei
Parasinilabeo assimilis,Parasinilabeo,0.01725,3.083,2,SL,3.5,9.2,Cyprinidae,Cypriniformes,Teleostei
Hemibarbus umbrifer,Hemibarbus,0.00603,3.153,2,TL,6,19.5,Gobionidae,Cypriniformes,Teleostei
Lactoria paschae,Lactoria,0.0502,3,2,SL,13.2,,Ostraciidae,Tetraodontiformes,Teleostei
Sarcocheilichthys parvus,Sarcocheilichthys,0.015,3.041,2,SL,3.5,8.7,Gobionidae,Cypriniformes,Teleostei
Sarcocheilichthys kiangsiensis,Sarcocheilichthys,0.0117,3.266,1,SL,3.8,8,Gobionidae,Cypriniformes,Teleostei
Squalidus wolterstorffi,Squalidus,0.009,2.984,3,TL,3.9,15.8,Gobionidae,Cypriniformes,Teleostei
Squalidus argentatus,Squalidus,0.008,3.23,7,TL,2.3,19.5,Gobionidae,Cypriniformes,Teleostei
Rhinogobio typus,Rhinogobio,0.0092,3.045,8,TL,3.9,49,Gobionidae,Cypriniformes,Teleostei
Platysmacheilus exiguus,Platysmacheilus,0.0019,3.6752,1,TL,5,15.9,Gobionidae,Cypriniformes,Teleostei
Microphysogobio fukiensis,Microphysogobio,0.005805,3.232,2,TL,5.25,11.2,Gobionidae,Cypriniformes,Teleostei
Microphysogobio kiatingensis,Microphysogobio,0.008,3.1885,4,SL,2.7,12,Gobionidae,Cypriniformes,Teleostei
Gobiobotia kolleri,Gobiobotia,0.0054,3.27,1,TL,4.05,12.4,Gobionidae,Cypriniformes,Teleostei
Traccatichthys pulcher,Traccatichthys,0.0169,3.102,2,TL,3.9,11.4,Nemacheilidae,Cypriniformes,Teleostei
Schistura fasciolata,Schistura,0.008635,3.14,4,SL,3.8,10.2,Nemacheilidae,Cypriniformes,Teleostei
Schistura incerta,Schistura,0.00251,3.28,1,TL,6.2,14.3,Nemacheilidae,Cypriniformes,Teleostei
Sinibotia robusta,Sinibotia,0.0073,3.21,3,TL,5,12.5,Botiidae,Cypriniformes,Teleostei
Parabotia fasciatus,Parabotia,0.00736,3.1745,4,SL,4.2,18.8,Botiidae,Cypriniformes,Teleostei
Leptobotia pellegrini,Leptobotia,0.00792,3.0465,2,SL,6.5,16.6,Botiidae,Cypriniformes,Teleostei
Balitora kwangsiensis,Balitora,0.0073,2.9773,1,TL,3.08,7.13,Balitoridae,Cypriniformes,Teleostei
Sinogastromyzon wui,Sinogastromyzon,0.016695,2.9945,2,TL,2.4,9.3,Balitoridae,Cypriniformes,Teleostei
Cantherhines tiki,Cantherhines,0.0365,3,2,SL,15,,Monacanthidae,Tetraodontiformes,Teleostei
Liniparhomaloptera qiongzhongensis,Liniparhomaloptera,0.01,2.938,1,TL,3.3,8.1,Gastromyzontidae,Cypriniformes,Teleostei
Vanmanenia pingchowensis,Vanmanenia,0.007,3.18,1,TL,4.5,13.9,Gastromyzontidae,Cypriniformes,Teleostei
Serrasalmus marginatus,Serrasalmus,0.0151,3.29,5,TL,5.8,32.4,Serrasalmidae,Characiformes,Teleostei
Pseudogastromyzon fangi,Pseudogastromyzon,0.0135,3.03,1,TL,3,6.7,Gastromyzontidae,Cypriniformes,Teleostei
Pseudogastromyzon changtingensis,Pseudogastromyzon,0.0081,3.314,1,TL,4.2,7.7,Gastromyzontidae,Cypriniformes,Teleostei
Beaufortia kweichowensis,Beaufortia,0.0332,2.673,1,TL,3.9,5.2,Gastromyzontidae,Cypriniformes,Teleostei
Eucinostomus harengulus,Eucinostomus,0.021,3,3,SL,1.4,16.2,Gerreidae,Eupercaria/misc,Teleostei
Rypticus randalli,Rypticus,0.004725,3.3205,2,TL,8.3,20.4,Grammistidae,Perciformes/Serranoidei,Teleostei
Canthigaster papua,Canthigaster,0.0778,2.725,1,SL,4.3,7.8,Tetraodontidae,Tetraodontiformes,Teleostei
Lagocephalus suezensis,Lagocephalus,0.02059,2.7708,8,TL,6,19.5,Tetraodontidae,Tetraodontiformes,Teleostei
Tachysurus crassilabris,Tachysurus,0.02075,2.705,8,TL,4.2,32.5,Bagridae,Siluriformes,Teleostei
Takifugu ocellatus,Takifugu,0.0094,3.355,3,TL,10,17.6,Tetraodontidae,Tetraodontiformes,Teleostei
Glyptothorax fokiensis,Glyptothorax,0.0187,2.797,5,TL,3,13.7,Sisoridae,Siluriformes,Teleostei
Scorpaena orgila,Scorpaena,0.0268,3,2,SL,11.3,,Scorpaenidae,Perciformes/Scorpaenoidei,Teleostei
Scorpaena pascuensis,Scorpaena,0.02535,3,2,SL,3.6,,Scorpaenidae,Perciformes/Scorpaenoidei,Teleostei
Scorpaenodes englerti,Scorpaenodes,0.03105,3,2,SL,19.4,,Scorpaenidae,Perciformes/Scorpaenoidei,Teleostei
Abbottina obtusirostris,Abbottina,0.00333,3.479,1,TL,4.5,10.9,Gobionidae,Cypriniformes,Teleostei
Acrossocheilus monticola,Acrossocheilus,0.01255,3.3085,2,SL,6,15.5,Cyprinidae,Cypriniformes,Teleostei
Acrossocheilus kreyenbergii,Acrossocheilus,0.0052,3.3537,1,TL,6.2,18.8,Cyprinidae,Cypriniformes,Teleostei
Siniperca knerii,Siniperca,0.0193,3.078,6,TL,3.2,35.5,Sinipercidae,Centrarchiformes,Teleostei
Siniperca scherzeri,Siniperca,0.01115,2.981,6,TL,4.4,37.4,Sinipercidae,Centrarchiformes,Teleostei
Siniperca undulata,Siniperca,0.0122,3.049,1,TL,5.8,21.2,Sinipercidae,Centrarchiformes,Teleostei
Coreoperca whiteheadi,Coreoperca,0.0995,2.537,1,SL,7.5,21.8,Sinipercidae,Centrarchiformes,Teleostei
Gerres decacanthus,Gerres,0.0221,3.15,1,SL,3.7,6.9,Gerreidae,Eupercaria/misc,Teleostei
Parargyrops edita,Parargyrops,0.04186,3.03,5,SL,2.6,26.2,Sparidae,Eupercaria/misc,Teleostei
Callionymus curvicornis,Callionymus,0.011095,2.65295,2,TL,3,20.4,Callionymidae,Callionymiformes,Teleostei
Repomucenus olidus,Repomucenus,0.0177,2.944,1,SL,2.6,8,Callionymidae,Callionymiformes,Teleostei
Microdous chalmersi,Microdous,0.0102,3.032,1,TL,7.1,11.9,Odontobutidae,Gobiiformes,Teleostei
Helicolenus lahillei,Helicolenus,0.00748,3.213085,4,TL,5,45.2,Sebastidae,Perciformes/Scorpaenoidei,Teleostei
Neodontobutis hainanensis,Neodontobutis,0.0076,3.275,1,TL,4.9,6.1,Odontobutidae,Gobiiformes,Teleostei
Mugilogobius myxodermus,Mugilogobius,0.0135,2.8075,2,TL,1.6,4.9,Gobiidae,Gobiiformes,Teleostei
Rhinogobius duospilus,Rhinogobius,0.0084,3.201,3,SL,2.32,6.2,Gobiidae,Gobiiformes,Teleostei
Cynoglossus sinicus,Cynoglossus,0.0015,3.372,1,TL,9,28.5,Cynoglossidae,Pleuronectiformes,Teleostei
Entomacrodus chapmani,Entomacrodus,0.01455,3,2,SL,6.1,,Blenniidae,Blenniiformes,Teleostei
Helcogrammoides cunninghami,Helcogrammoides,0.0127,3.0685,2,TL,2.8,6.2,Tripterygiidae,Blenniiformes,Teleostei
Helcogrammoides chilensis,Helcogrammoides,0.0034,2.969,1,TL,5,11.3,Tripterygiidae,Blenniiformes,Teleostei
Labrisomus philippii,Labrisomus,0.012,3.125,4,TL,12,36.9,Labrisomidae,Blenniiformes,Teleostei
Henicorhynchus siamensis,Henicorhynchus,0.0232,2.7334,1,TL,8.4,18,Cyprinidae,Cypriniformes,Teleostei
Acanthobrama persidis,Acanthobrama,0.0076,3.391,1,TL,5.04,9.72,Leuciscidae,Cypriniformes,Teleostei
Squalius ulanus,Squalius,0.018,2.55,1,TL,2.77,4.49,Leuciscidae,Cypriniformes,Teleostei
Capoeta buhsei,Capoeta,0.0181,2.76,2,TL,3.84,25.39,Cyprinidae,Cypriniformes,Teleostei
Kuhlia nutabunda,Kuhlia,0.017,3,2,SL,7.5,,Kuhliidae,Centrarchiformes,Teleostei
Alburnus atropatenae,Alburnus,0.0059,3.22,4,TL,3.14,12.5,Leuciscidae,Cypriniformes,Teleostei
Cobitis linea,Cobitis,0.0071,3.026,2,TL,3.98,9.95,Cobitidae,Cypriniformes,Teleostei
Oxynoemacheilus bergianus,Oxynoemacheilus,0.008,2.921,3,TL,3,8.4,Nemacheilidae,Cypriniformes,Teleostei
Barbatula farsica,Barbatula,0.012,2.88,1,TL,4.1,7.1,Nemacheilidae,Cypriniformes,Teleostei
Oxynoemacheilus tongiorgii,Oxynoemacheilus,0.0132,2.948,1,TL,3.64,7.25,Nemacheilidae,Cypriniformes,Teleostei
Paracobitis rhadinaea,Paracobitis,0.0143,2.95,1,TL,16.4,24,Nemacheilidae,Cypriniformes,Teleostei
Paracobitis vignai,Paracobitis,0.0159,2.99,1,TL,11.51,14.21,Nemacheilidae,Cypriniformes,Teleostei
Triplophysa tenuis,Triplophysa,0.016,2.769,1,TL,2.8,17,Nemacheilidae,Cypriniformes,Teleostei
Macrognathus circumcinctus,Macrognathus,0.0045,3.10795,2,TL,5.06,28.6,Mastacembelidae,Synbranchiformes,Teleostei
Paraschistura nielseni,Paraschistura,0.00695,3.105,4,TL,2.23,5.94,Nemacheilidae,Cypriniformes,Teleostei
Cobitis turcica,Cobitis,0.092,3.136,2,TL,3.8,12.3,Cobitidae,Cypriniformes,Teleostei
Oxynoemacheilus persa,Oxynoemacheilus,0.002,2.57,1,TL,3.73,5.72,Nemacheilidae,Cypriniformes,Teleostei
Esmaeilius persicus,Esmaeilius,0.0102,3.3965,4,TL,1.57,4.92,Aphaniidae,Cyprinodontiformes,Teleostei
Capoeta fusca,Capoeta,0.0102,2.967,1,TL,4.1,13.2,Cyprinidae,Cypriniformes,Teleostei
Schizothorax biddulphi,Schizothorax,0.0041,3.27,1,TL,7.8,50.6,Cyprinidae,Cypriniformes,Teleostei
Schizothorax prenanti,Schizothorax,0.0196,2.95,3,SL,3.03,33.5,Cyprinidae,Cypriniformes,Teleostei
Pseudogyrinocheilus prochilus,Pseudogyrinocheilus,0.0127,3.175,4,SL,4.1,31,Cyprinidae,Cypriniformes,Teleostei
Decorus rendahli,Decorus,0.01455,3.18,2,SL,6.8,28,Cyprinidae,Cypriniformes,Teleostei
Gnathopogon imberbis,Gnathopogon,0.01265,3.04125,2,SL,3.3,22.1,Gobionidae,Cypriniformes,Teleostei
Gnathopogon herzensteini,Gnathopogon,0.01015,3.30725,2,SL,3.9,10.8,Gobionidae,Cypriniformes,Teleostei
Triplophysa angeli,Triplophysa,0.018,2.67,1,SL,4.2,11.3,Nemacheilidae,Cypriniformes,Teleostei
Triplophysa bombifrons,Triplophysa,0.0061,2.94,1,TL,3.6,22.5,Nemacheilidae,Cypriniformes,Teleostei
Gymnocypris przewalskii,Gymnocypris,0.038845,2.62635,2,SL,,,Cyprinidae,Cypriniformes,Teleostei
Gymnocypris eckloni,Gymnocypris,0.0083,3.2253,2,SL,8.52,39.5,Cyprinidae,Cypriniformes,Teleostei
Piaractus mesopotamicus,Piaractus,0.0185,3,1,TL,70,72,Serrasalmidae,Characiformes,Teleostei
Gymnocypris potanini,Gymnocypris,0.027,2.651,1,SL,9.7,15.9,Cyprinidae,Cypriniformes,Teleostei
Gymnocypris chilianensis,Gymnocypris,0.017,3.058,1,TL,4.8,21,Cyprinidae,Cypriniformes,Teleostei
Toxabramis swinhonis,Toxabramis,0.00605,2.9875,2,SL,5,12.1,Xenocyprididae,Cypriniformes,Teleostei
Saurogobio dumerili,Saurogobio,0.0096,2.908,1,SL,3.6,24,Gobionidae,Cypriniformes,Teleostei
Rectoris luxiensis,Rectoris,0.007,3.16,1,TL,5.7,18.5,Cyprinidae,Cypriniformes,Teleostei
Procypris rabaudi,Procypris,0.01535,3.1475,6,SL,3.8,56,Cyprinidae,Cypriniformes,Teleostei
Gymnodiptychus pachycheilus,Gymnodiptychus,0.0119,3.05,1,SL,11.6,49.5,Cyprinidae,Cypriniformes,Teleostei
Jinshaia sinensis,Jinshaia,0.011,3.035,7,SL,4.3,15.4,Balitoridae,Cypriniformes,Teleostei
Leptobotia elongata,Leptobotia,0.009,3.0355,8,SL,2.8,48,Botiidae,Cypriniformes,Teleostei
Metahomaloptera omeiensis,Metahomaloptera,0.0369,2.71,1,SL,3,6,Balitoridae,Cypriniformes,Teleostei
Homatula variegata,Homatula,0.019,2.51,4,SL,3.5,21,Nemacheilidae,Cypriniformes,Teleostei
Hemisalanx brachyrostralis,Hemisalanx,0.00052,3.49,1,TL,10.95,13.62,Salangidae,Osmeriformes,Teleostei
Neosalanx taihuensis,Neosalanx,0.00152,3.29,3,TL,2.8,9.8,Salangidae,Osmeriformes,Teleostei
Beaufortia szechuanensis,Beaufortia,0.019,2.773,1,SL,3,7.2,Gastromyzontidae,Cypriniformes,Teleostei
Belligobio nummifer,Belligobio,0.00704,3.18,1,TL,4,13.5,Gobionidae,Cypriniformes,Teleostei
Discogobio yunnanensis,Discogobio,0.02435,2.93,2,SL,6,14.8,Cyprinidae,Cypriniformes,Teleostei
Vimba mirabilis,Vimba,0.02235,3.02,2,FL,7.8,14.2,Leuciscidae,Cypriniformes,Teleostei
Hemiodus tocantinensis,Hemiodus,0.0233,2.567,1,TL,9.7,16,Hemiodontidae,Characiformes,Teleostei
Hemiodus vorderwinkleri,Hemiodus,0.0105,3.01,1,TL,9.9,16.5,Hemiodontidae,Characiformes,Teleostei
Amblygobius bynoensis,Amblygobius,0.0096,3.035,2,TL,,,Gobiidae,Gobiiformes,Teleostei
Hemiodus orthonops,Hemiodus,0.0106,3.166,4,TL,10.2,34.2,Hemiodontidae,Characiformes,Teleostei
Gobiesox canidens,Gobiesox,0.01525,3,2,SL,3.4,,Gobiesocidae,Gobiesociformes,Teleostei
Tomicodon chilensis,Tomicodon,0.01625,3,2,SL,3.9,,Gobiesocidae,Gobiesociformes,Teleostei
Tomicodon zebra,Tomicodon,0.01285,3,2,SL,3.5,,Gobiesocidae,Gobiesociformes,Teleostei
Tomicodon absitus,Tomicodon,0.0105,3,2,SL,1.9,,Gobiesocidae,Gobiesociformes,Teleostei
Eugerres mexicanus,Eugerres,0.0178,3.14,4,TL,5.5,20,Gerreidae,Eupercaria/misc,Teleostei
Schistura robertsi,Schistura,0.0038,3.2357,1,TL,3.2,5.6,Nemacheilidae,Cypriniformes,Teleostei
Gerres subfasciatus,Gerres,0.023365,2.99537,2,FL,3,19,Gerreidae,Eupercaria/misc,Teleostei
Saurogobio gymnocheilus,Saurogobio,0.00905,3.1,6,SL,3.8,16.3,Gobionidae,Cypriniformes,Teleostei
Homatula potanini,Homatula,0.01455,2.98,4,SL,3.5,13.3,Nemacheilidae,Cypriniformes,Teleostei
Homatula anguillioides,Homatula,0.00539,3.09,1,TL,3.7,7.1,Nemacheilidae,Cypriniformes,Teleostei
Acheilognathus imberbis,Acheilognathus,0.0101,2.982,1,TL,4,7.3,Acheilognathidae,Cypriniformes,Teleostei
Rhodeus fangi,Rhodeus,0.029,2.938,1,SL,2.4,6.5,Acheilognathidae,Cypriniformes,Teleostei
Gobiobotia filifer,Gobiobotia,0.01145,2.895,6,SL,3.7,25.5,Gobionidae,Cypriniformes,Teleostei
Microphysogobio microstomus,Microphysogobio,0.0123,3.262,1,SL,3.5,5,Gobionidae,Cypriniformes,Teleostei
Microphysogobio chenhsienensis,Microphysogobio,0.0153,2.924,1,SL,4,15.5,Gobionidae,Cypriniformes,Teleostei
Platysmacheilus nudiventris,Platysmacheilus,0.0082,3.07,3,TL,4.5,12.7,Gobionidae,Cypriniformes,Teleostei
Coreius guichenoti,Coreius,0.01055,3.0575,6,SL,3.6,58.2,Gobionidae,Cypriniformes,Teleostei
Coreius heterodon,Coreius,0.01,3.1,5,TL,7.6,53,Gobionidae,Cypriniformes,Teleostei
Rhinogobio cylindricus,Rhinogobio,0.0115,3.0435,6,SL,5.2,33.1,Gobionidae,Cypriniformes,Teleostei
Rhinogobio ventralis,Rhinogobio,0.007,3.164,5,SL,3,29.5,Gobionidae,Cypriniformes,Teleostei
Squalidus atromaculatus,Squalidus,0.009,3.121,2,TL,4.7,18,Gobionidae,Cypriniformes,Teleostei
Squalidus nitens,Squalidus,0.010795,3.122,2,SL,2.7,9.6,Gobionidae,Cypriniformes,Teleostei
Gobio huanghensis,Gobio,0.006,3.19,1,TL,8.5,16.5,Gobionidae,Cypriniformes,Teleostei
Schizothorax davidi,Schizothorax,0.002,3.49,1,TL,10.3,30.6,Cyprinidae,Cypriniformes,Teleostei
Schizothorax chongi,Schizothorax,0.0181,2.94,1,SL,6.3,53,Cyprinidae,Cypriniformes,Teleostei
Hemibarbus medius,Hemibarbus,0.006,3.171,3,TL,7.47,28.8,Gobionidae,Cypriniformes,Teleostei
Acanthogobio guentheri,Acanthogobio,0.0127,3.2285,1,SL,11,16.5,Gobionidae,Cypriniformes,Teleostei
Schizothorax labrosus,Schizothorax,0.0038,3.27,1,TL,18.4,31.5,Cyprinidae,Cypriniformes,Teleostei
Schizothorax yunnanensis,Schizothorax,0.02348,2.87,1,SL,5.4,29.1,Cyprinidae,Cypriniformes,Teleostei
Leuciscus baicalensis,Leuciscus,0.014,3.073,3,TL,3,22.2,Leuciscidae,Cypriniformes,Teleostei
Leuciscus chuanchicus,Leuciscus,0.0052,3.19,1,TL,,,Leuciscidae,Cypriniformes,Teleostei
Sinibrama wui,Sinibrama,0.0138,3.1,3,TL,8,20.4,Xenocyprididae,Cypriniformes,Teleostei
Ancherythroculter nigrocauda,Ancherythroculter,0.0071,3.1605,2,SL,3.2,27.5,Xenocyprididae,Cypriniformes,Teleostei
Ancherythroculter lini,Ancherythroculter,0.0217,2.812,1,SL,10.7,25.8,Xenocyprididae,Cypriniformes,Teleostei
Hemiculter tchangi,Hemiculter,0.00585,3.051,5,SL,5,25.1,Xenocyprididae,Cypriniformes,Teleostei
Hemiculterella wui,Hemiculterella,0.011,3.017,2,SL,5.4,17.1,Xenocyprididae,Cypriniformes,Teleostei
Pseudohemiculter hainanensis,Pseudohemiculter,0.00612,3,1,TL,12,23.8,Xenocyprididae,Cypriniformes,Teleostei
Culter recurviceps,Culter,0.006,3.05,3,SL,5.7,54.6,Xenocyprididae,Cypriniformes,Teleostei
Megalobrama pellegrini,Megalobrama,0.013,3.181,3,SL,4,49,Xenocyprididae,Cypriniformes,Teleostei
Xenocypris fangi,Xenocypris,0.01445,2.89,2,SL,5.1,29.5,Xenocyprididae,Cypriniformes,Teleostei
Xenocypris hupeinensis,Xenocypris,0.00963,2.98,1,TL,13.9,25.6,Xenocyprididae,Cypriniformes,Teleostei
Triplophysa pseudoscleroptera,Triplophysa,0.0175,2.96,1,SL,4.87,13.92,Nemacheilidae,Cypriniformes,Teleostei
Triplophysa orientalis,Triplophysa,0.00606,3.105,4,TL,3.7,16.8,Nemacheilidae,Cypriniformes,Teleostei
Triplophysa scleroptera,Triplophysa,0.003,3.33,1,TL,6,17,Nemacheilidae,Cypriniformes,Teleostei
Triplophysa bleekeri,Triplophysa,0.00985,2.964,2,SL,2.51,13.1,Nemacheilidae,Cypriniformes,Teleostei
Triplophysa robusta,Triplophysa,0.02135,2.575,2,SL,5,15.85,Nemacheilidae,Cypriniformes,Teleostei
Triplophysa pappenheimi,Triplophysa,0.005,3.11,1,TL,6.3,15.99,Nemacheilidae,Cypriniformes,Teleostei
Triplophysa siluroides,Triplophysa,0.0127,2.9344,1,SL,12,28,Nemacheilidae,Cypriniformes,Teleostei
Percocypris pingi,Percocypris,0.018,2.934,1,TL,11.8,33,Cyprinidae,Cypriniformes,Teleostei
Aspiorhynchus laticeps,Aspiorhynchus,0.012,2.94,1,TL,9.8,126,Cyprinidae,Cypriniformes,Teleostei
Gymnocypris firmispinatus,Gymnocypris,0.00828,3.037,3,TL,3.3,24.2,Cyprinidae,Cypriniformes,Teleostei
Schizopygopsis kialingensis,Schizopygopsis,0.0275,2.68,1,SL,6.2,18.3,Cyprinidae,Cypriniformes,Teleostei
Sinogastromyzon sichangensis,Sinogastromyzon,0.0135,3.33,1,SL,2.8,7.4,Balitoridae,Cypriniformes,Teleostei
Cynoglossus oligolepis,Cynoglossus,0.0027,3.167,1,TL,7.6,32.6,Cynoglossidae,Pleuronectiformes,Teleostei
Gymnocypris namensis,Gymnocypris,0.00546,3.07,1,TL,21.1,49.1,Cyprinidae,Cypriniformes,Teleostei
Triplophysa leptosoma,Triplophysa,0.011,2.911,2,SL,3,13.3,Nemacheilidae,Cypriniformes,Teleostei
Toxabramis houdemeri,Toxabramis,0.0038,3.259,1,TL,6.2,12.7,Xenocyprididae,Cypriniformes,Teleostei
Pseudobrama simoni,Pseudobrama,0.008,3.198,8,SL,3.7,20,Xenocyprididae,Cypriniformes,Teleostei
Cobitis simplicispina,Cobitis,0.006045,3.026,2,TL,6.1,13.4,Cobitidae,Cypriniformes,Teleostei
Capoeta aculeata,Capoeta,0.0114,3,1,TL,8.69,37.3,Cyprinidae,Cypriniformes,Teleostei
Capoeta pestai,Capoeta,0.0063,3.1173,3,TL,5,44,Cyprinidae,Cypriniformes,Teleostei
Nectamia annularis,Nectamia,0.0173,2.98,1,TL,1.92,5.1,Apogonidae,Kurtiformes,Teleostei
Chanodichthys oxycephalus,Chanodichthys,0.011,3.019,1,TL,7,29.6,Xenocyprididae,Cypriniformes,Teleostei
Tampichthys ipni,Tampichthys,0.0076,3.309,3,TL,2.3,8.7,Leuciscidae,Cypriniformes,Teleostei
Stenogobius hawaiiensis,Stenogobius,0.0295,2.99,1,TL,2.3,10.5,Gobiidae,Gobiiformes,Teleostei
Onychostoma fangi,Onychostoma,0.00806,3,1,TL,11.7,29.5,Cyprinidae,Cypriniformes,Teleostei
Sinocrossocheilus bamaensis,Sinocrossocheilus,0.0107,3.049,3,TL,8.2,21.5,Cyprinidae,Cypriniformes,Teleostei
Tridentiger bifasciatus,Tridentiger,0.014,3.003,1,TL,3.5,6.9,Gobiidae,Gobiiformes,Teleostei
Acheilognathus meridianus,Acheilognathus,0.02247,2.8,1,TL,7.1,11.9,Acheilognathidae,Cypriniformes,Teleostei
Dentex spariformis,Dentex,0.029,2.9392,1,FL,10,26,Sparidae,Eupercaria/misc,Teleostei
Salminus brasiliensis,Salminus,0.0113,3.14,7,SL,9,95,Bryconidae,Characiformes,Teleostei
Hephthocara simum,Hephthocara,0.0186,2.5192,1,TL,15.5,21.5,Bythitidae,Ophidiiformes,Teleostei
Metynnis guaporensis,Metynnis,0.06475,2.881,1,SL,4.3,16,Serrasalmidae,Characiformes,Teleostei
Diapoma terofali,Diapoma,0.02215,2.93,2,SL,3.5,6,Stevardiidae,Characiformes,Teleostei
Piabina argentea,Piabina,0.0166,3.09,1,SL,1.6,7.3,Stevardiidae,Characiformes,Teleostei
Chlidichthys rubiceps,Chlidichthys,0.0115,2.92,1,TL,2.102,3.688,Pseudochromidae,Ovalentaria/misc,Teleostei
Uranoscopus guttatus,Uranoscopus,0.0038,3.5189,1,TL,17.5,29.8,Uranoscopidae,Perciformes/Uranoscopoidei,Teleostei
Uranoscopus crassiceps,Uranoscopus,0.0596,2.5762,1,TL,10.1,21,Uranoscopidae,Perciformes/Uranoscopoidei,Teleostei
Kathetostoma canaster,Kathetostoma,0.0018,3.6655,1,TL,18,63,Uranoscopidae,Perciformes/Uranoscopoidei,Teleostei
Uranoscopus marmoratus,Uranoscopus,0.0157,3.066,1,TL,8.4,28.2,Uranoscopidae,Perciformes/Uranoscopoidei,Teleostei
Crenicichla menezesi,Crenicichla,0.008735,3.1155,6,TL,2.6,18.9,Cichlidae,Cichliformes,Teleostei
Crenicichla inpa,Crenicichla,0.0147,3.1112,1,SL,3.1,18.4,Cichlidae,Cichliformes,Teleostei
Crenicichla punctata,Crenicichla,0.016,2.951,1,SL,1.6,23.1,Cichlidae,Cichliformes,Teleostei
Cycleptus meridionalis,Cycleptus,0.002,3.237,1,TL,,,Catostomidae,Cypriniformes,Teleostei
Bathytroctes macrolepis,Bathytroctes,0.0109,3,1,SL,34,,Alepocephalidae,Alepocephaliformes,Teleostei
Coelorinchus trachycarus,Coelorinchus,0.0233,3.41,1,OT,4.8,18.5,Macrouridae,Gadiformes,Teleostei
Roeboides affinis,Roeboides,0.01647,3.035,1,SL,6.3,10.8,Characidae,Characiformes,Teleostei
Dactyloscopus lacteus,Dactyloscopus,0.0093,3,2,SL,4,,Dactyloscopidae,Blenniiformes,Teleostei
Triportheus guentheri,Triportheus,0.023,2.956,1,SL,1.6,16,Triportheidae,Characiformes,Teleostei
Galeocharax humeralis,Galeocharax,0.00455,3.225,2,TL,10.5,30.6,Characidae,Characiformes,Teleostei
Galeocharax knerii,Galeocharax,0.00619,3.24,3,SL,6.6,33.1,Characidae,Characiformes,Teleostei
Verilus atlanticus,Verilus,0.0084,3.13,1,TL,12.6,24.5,Malakichthyidae,Acropomatiformes,Teleostei
Porocottus minutus,Porocottus,0.025,3,2,SL,5.4,,Cottidae,Perciformes/Cottoidei,Teleostei
Bregmaceros cantori,Bregmaceros,0.004605,3.068,2,TL,2.7,6.8,Bregmacerotidae,Gadiformes,Teleostei
Chromis dispila,Chromis,0.0145,3.045,1,TL,4.5,21.9,Pomacentridae,Ovalentaria/misc,Teleostei
Lophiodes monodi,Lophiodes,0.043,2.684,1,TL,11.5,52,Lophiidae,Lophiiformes,Teleostei
Diagramma labiosum,Diagramma,0.04572,2.6689,3,TL,,,Haemulidae,Eupercaria/misc,Teleostei
Leporinus tigrinus,Leporinus,0.0314,2.8885,4,SL,7.2,29.8,Anostomidae,Characiformes,Teleostei
Parodon apolinari,Parodon,0.0297,2.93,1,SL,3.8,10.8,Parodontidae,Characiformes,Teleostei
Parodon hilarii,Parodon,0.017,3.069,1,SL,2.6,12,Parodontidae,Characiformes,Teleostei
Parodon nasus,Parodon,0.035045,2.756,2,SL,2,6.2,Parodontidae,Characiformes,Teleostei
Ophthalmolepis lineolata,Ophthalmolepis,0.01066,2.986,3,TL,,,Labridae,Eupercaria/misc,Teleostei
Argonectes robertsi,Argonectes,0.0084,3.01,1,TL,3,35.5,Hemiodontidae,Characiformes,Teleostei
Plagioscion ternetzi,Plagioscion,0.0152,3.09,1,SL,13.5,26.5,Sciaenidae,Eupercaria/misc,Teleostei
Megalechis thoracata,Megalechis,0.015,3.31,1,SL,9.8,15.5,Callichthyidae,Siluriformes,Teleostei
Deuterodon langei,Deuterodon,0.0085,3.163,2,TL,2,12.5,Acestrorhamphidae,Characiformes,Teleostei
Hydrolycus armatus,Hydrolycus,0.00998,3.109,3,SL,13,89,Cynodontidae,Characiformes,Teleostei
Gymnotus sylvius,Gymnotus,0.00445,2.93,1,SL,4.2,42,Gymnotidae,Gymnotiformes,Teleostei
Hypoclinemus mentalis,Hypoclinemus,0.02807,3.099,1,SL,9,21.6,Achiridae,Pleuronectiformes,Teleostei
Oligosarcus oligolepis,Oligosarcus,0.0214,2.865,2,SL,6,26.2,Acestrorhamphidae,Characiformes,Teleostei
Auchenipterus dentatus,Auchenipterus,0.0109,3.0027,1,SL,16.8,22.9,Auchenipteridae,Siluriformes,Teleostei
Auchenipterus ambyiacus,Auchenipterus,0.01332,2.967,1,SL,10.5,21.3,Auchenipteridae,Siluriformes,Teleostei
Auchenipterus osteomystax,Auchenipterus,0.0136,2.946,4,TL,9.9,43,Auchenipteridae,Siluriformes,Teleostei
Auchenipterus britskii,Auchenipterus,0.0258,2.7929,1,SL,9.5,15.7,Auchenipteridae,Siluriformes,Teleostei
Cyprinodon artifrons,Cyprinodon,0.033,3.1725,2,SL,2.4,5.7,Cyprinodontidae,Cyprinodontiformes,Teleostei
Urobatis tumbesensis,Urobatis,0.02002,3.28,1,TL,15.5,34.5,Urotrygonidae,Myliobatiformes,Elasmobranchii
Pseudobagrus koreanus,Pseudobagrus,0.01759,2.7,2,TL,5.5,24.2,Bagridae,Siluriformes,Teleostei
Oxynoemacheilus bureschi,Oxynoemacheilus,0.012,2.77,1,TL,3.2,8.5,Nemacheilidae,Cypriniformes,Teleostei
Laimosemion dibaphus,Laimosemion,0.0116,3.31,1,TL,0.9,3.8,Rivulidae,Cyprinodontiformes,Teleostei
Periophthalmus spilotus,Periophthalmus,0.00841,3.5,1,SL,4.03,7.14,Oxudercidae,Gobiiformes,Teleostei
Hemiancistrus punctulatus,Hemiancistrus,0.0324,2.899,1,SL,1.6,15.5,Loricariidae,Siluriformes,Teleostei
Scobinancistrus aureatus,Scobinancistrus,0.0115,3.02,1,TL,7.3,29,Loricariidae,Siluriformes,Teleostei
Leporacanthicus heterodon,Leporacanthicus,0.0093,3.15,1,TL,4.5,16,Loricariidae,Siluriformes,Teleostei
Schizodon dissimilis,Schizodon,0.0092,3.24,1,SL,16.5,25.8,Anostomidae,Characiformes,Teleostei
Pachyurus squamipennis,Pachyurus,0.021,2.936,1,SL,11.8,59.5,Sciaenidae,Eupercaria/misc,Teleostei
Imparfinis schubarti,Imparfinis,0.0126,3.14,1,SL,1.8,6.5,Heptapteridae,Siluriformes,Teleostei
Graus nigra,Graus,0.0123,3.16,1,TL,29.2,64.6,Girellidae,Centrarchiformes,Teleostei
Rhamdioglanis transfasciatus,Rhamdioglanis,0.00856,2.76,1,TL,4,18,Heptapteridae,Siluriformes,Teleostei
Crossocheilus atrilimes,Crossocheilus,0.00619,3.09,1,TL,6.6,16.4,Cyprinidae,Cypriniformes,Teleostei
Hypanus marianae,Hypanus,0.0205,3.075,4,TL,12.2,65,Dasyatidae,Myliobatiformes,Elasmobranchii
Geophagus iporangensis,Geophagus,0.033,3.048,1,SL,1.9,12.2,Cichlidae,Cichliformes,Teleostei
Geophagus altifrons,Geophagus,0.02675,2.95,2,SL,3.1,26.5,Cichlidae,Cichliformes,Teleostei
Geophagus megasema,Geophagus,0.04403,2.908,1,SL,7.5,18.9,Cichlidae,Cichliformes,Teleostei
Gymnogeophagus labiatus,Gymnogeophagus,0.0241,3.056,1,SL,1.6,15.2,Cichlidae,Cichliformes,Teleostei
Heros notatus,Heros,0.0521,3.0639,1,SL,7.4,13,Cichlidae,Cichliformes,Teleostei
Mesonauta mirificus,Mesonauta,0.044,3.01,1,SL,5.7,8.9,Cichlidae,Cichliformes,Teleostei
Mesonauta guyanae,Mesonauta,0.0221,2.822,1,TL,2.2,11.3,Cichlidae,Cichliformes,Teleostei
Satanoperca pappaterra,Satanoperca,0.0396,2.95,3,TL,8,27.5,Cichlidae,Cichliformes,Teleostei
Haemulon squamipinna,Haemulon,0.0119,3.05,1,TL,11.1,19.5,Haemulidae,Eupercaria/misc,Teleostei
Amblydoras affinis,Amblydoras,0.032,2.901,1,SL,7.5,13.2,Doradidae,Siluriformes,Teleostei
Cynopotamus kincaidi,Cynopotamus,0.0124,3.055,2,SL,6.6,31.5,Characidae,Characiformes,Teleostei
Rhinodoras boehlkei,Rhinodoras,0.0089,3.17,1,TL,8.2,17,Doradidae,Siluriformes,Teleostei
Prochilodus lacustris,Prochilodus,0.0381,2.91,1,SL,8.3,34.1,Prochilodontidae,Characiformes,Teleostei
Hydrolycus tatauaia,Hydrolycus,0.0052,3.18,1,TL,16,59,Cynodontidae,Characiformes,Teleostei
Hydrolycus wallacei,Hydrolycus,0.0146,3.0354,2,SL,1,36,Cynodontidae,Characiformes,Teleostei
Pimelodella australis,Pimelodella,0.015,2.99,3,SL,2.6,12.3,Heptapteridae,Siluriformes,Teleostei
Tocantinsia piresi,Tocantinsia,0.005,3.27,1,TL,15.8,51.5,Auchenipteridae,Siluriformes,Teleostei
Parupeneus orientalis,Parupeneus,0.0196,3,2,SL,20.2,,Mullidae,Mulliformes,Teleostei
Lycenchelys fedorovi,Lycenchelys,0.0096,2.5448,1,TL,13,41,Zoarcidae,Perciformes/Zoarcoidei,Teleostei
Ogilbyina salvati,Ogilbyina,0.02178,2.75249,1,FL,4.9,7.7,Pseudochromidae,Ovalentaria/misc,Teleostei
Pseudochromis ransonneti,Pseudochromis,0.01575,3,2,SL,4.2,,Pseudochromidae,Ovalentaria/misc,Teleostei
Hyperoglyphe macrophthalma,Hyperoglyphe,0.0209,3,1,TL,78,87,Centrolophidae,Scombriformes,Teleostei
Gobiesox barbatulus,Gobiesox,0.018,3.322,1,SL,2.3,5.1,Gobiesocidae,Gobiesociformes,Teleostei
Etropus longimanus,Etropus,0.01159,2.829,4,TL,5.8,15.5,Cyclopsettidae,Pleuronectiformes,Teleostei
Channa aurantimaculata,Channa,0.00903,3.04,1,TL,12.3,36.2,Channidae,Anabantiformes,Teleostei
Trinectes microphthalmus,Trinectes,0.00982,3,1,TL,3.3,9.4,Achiridae,Pleuronectiformes,Teleostei
Sphoeroides tyleri,Sphoeroides,0.0796,2.4545,1,TL,4.3,8.9,Tetraodontidae,Tetraodontiformes,Teleostei
Serrasalmus altispinis,Serrasalmus,0.0096,3.28,1,TL,7,21,Serrasalmidae,Characiformes,Teleostei
Chilomycterus spinosus,Chilomycterus,0.242805,2.432,4,TL,1.7,28,Diodontidae,Tetraodontiformes,Teleostei
Girella laevifrons,Girella,0.0088,3.16,1,TL,4,38.3,Girellidae,Centrarchiformes,Teleostei
Acanthistius pictus,Acanthistius,0.1038,2.497,1,TL,27,41.6,Anthiadidae,Perciformes/Serranoidei,Teleostei
Cynopotamus magdalenae,Cynopotamus,0.0157,2.9715,2,SL,6,31.3,Characidae,Characiformes,Teleostei
Anodus orinocensis,Anodus,0.00097,3.856,1,SL,14.1,26.7,Hemiodontidae,Characiformes,Teleostei
Iguanodectes rachovii,Iguanodectes,0.006,3.33,1,SL,0.934,2.273,Iguanodectidae,Characiformes,Teleostei
Notothenia neglecta,Notothenia,0.02845,3,2,TL,,,Nototheniidae,Perciformes/Notothenioidei,Teleostei
Devario acrostomus,Devario,0.0056,3.1499,1,TL,3.6,11.3,Danionidae,Cypriniformes,Teleostei
Hasemania crenuchoides,Hasemania,0.02,3.07,1,SL,3.53,6.61,Acestrorhamphidae,Characiformes,Teleostei
Bryconamericus pectinatus,Bryconamericus,0.0073,3.329,1,TL,4,8,Stevardiidae,Characiformes,Teleostei
Bryconamericus ornaticeps,Bryconamericus,0.013225,3.04,2,SL,2.9,7.7,Stevardiidae,Characiformes,Teleostei
Triportheus trifurcatus,Triportheus,0.0189,3.106,3,SL,7.8,21.8,Triportheidae,Characiformes,Teleostei
Triportheus magdalenae,Triportheus,0.0146,2.949,2,SL,5.2,36,Triportheidae,Characiformes,Teleostei
Triportheus signatus,Triportheus,0.023,2.879,1,TL,6.5,19.5,Triportheidae,Characiformes,Teleostei
Sebastes hubbsi,Sebastes,0.00977,3.34,1,TL,3.8,11.6,Sebastidae,Perciformes/Scorpaenoidei,Teleostei
Myloplus asterias,Myloplus,0.04465,3.034,1,SL,6.6,19.1,Serrasalmidae,Characiformes,Teleostei
Myloplus arnoldi,Myloplus,0.0285,2.98,1,TL,2.2,33,Serrasalmidae,Characiformes,Teleostei
Ossancora punctata,Ossancora,0.0251,3.0184,1,SL,6.2,11.3,Doradidae,Siluriformes,Teleostei
Ossancora fimbriata,Ossancora,0.0266,2.8627,1,SL,4.5,10,Doradidae,Siluriformes,Teleostei
Centrodoras hasemani,Centrodoras,0.04,2.804,1,SL,1,16,Doradidae,Siluriformes,Teleostei
Ossancora eigenmanni,Ossancora,0.0402,2.84,1,SL,2.6,15.2,Doradidae,Siluriformes,Teleostei
Astyanax altiparanae,Astyanax,0.0263,3.0495,8,SL,1.4,16.4,Acestrorhamphidae,Characiformes,Teleostei
Jupiaba apenima,Jupiaba,0.0055,3.3493,1,TL,2.09,5.86,Acestrorhamphidae,Characiformes,Teleostei
Deuterodon janeiroensis,Deuterodon,0.026,3,1,,,,Acestrorhamphidae,Characiformes,Teleostei
Psalidodon paranae,Psalidodon,0.01214,3.085,1,TL,7.1,16.4,Acestrorhamphidae,Characiformes,Teleostei
Astyanax asuncionensis,Astyanax,0.0593,2.65,1,SL,2.2,8.1,Acestrorhamphidae,Characiformes,Teleostei
Astyanax lacustris,Astyanax,0.021,3.13,3,SL,1.3,13.2,Acestrorhamphidae,Characiformes,Teleostei
Psalidodon rivularis,Psalidodon,0.042,2.722,1,SL,1.3,9.8,Acestrorhamphidae,Characiformes,Teleostei
Serrasalmus maculatus,Serrasalmus,0.0228,3.173,11,SL,4,34.5,Serrasalmidae,Characiformes,Teleostei
Serrasalmus gibbus,Serrasalmus,0.0266,3.077,1,SL,6,25,Serrasalmidae,Characiformes,Teleostei
Crystallodytes cookei,Crystallodytes,0.00175,3,2,SL,3.7,,Creediidae,Acropomatiformes,Teleostei
Halichoeres nigrescens,Halichoeres,0.0125,3.05,1,SL,7.8,14.6,Labridae,Eupercaria/misc,Teleostei
Cyphocharax corumbae,Cyphocharax,0.01,3.289,1,SL,2.7,14.5,Curimatidae,Characiformes,Teleostei
Uranoscopus chinensis,Uranoscopus,0.0166,3.044,1,TL,14,27.5,Uranoscopidae,Perciformes/Uranoscopoidei,Teleostei
Dactyloscopus lunaticus,Dactyloscopus,0.00735,3,2,SL,3.3,,Dactyloscopidae,Blenniiformes,Teleostei
Neobythites gilli,Neobythites,0.00762,2.81,1,TL,6.1,15.6,Ophidiidae,Ophidiiformes,Teleostei
Helicophagus leptorhynchus,Helicophagus,0.0116,3,1,TL,44,50,Pangasiidae,Siluriformes,Teleostei
Apristurus pinguis,Apristurus,0.00235,3.13,1,TL,31.2,83.5,Pentanchidae,Carcharhiniformes,Elasmobranchii
Pseudopimelodus bufonius,Pseudopimelodus,0.0227,2.92,1,SL,4.21,21,Pseudopimelodidae,Siluriformes,Teleostei
Pseudopimelodus charus,Pseudopimelodus,0.004,3.215,1,SL,8.9,28.4,Pseudopimelodidae,Siluriformes,Teleostei
Hemilutjanus macrophthalmos,Hemilutjanus,0.0269,2.828,1,TL,26.5,36.5,Malakichthyidae,Acropomatiformes,Teleostei
Bleekeria kallolepis,Bleekeria,0.0037,3.0262,1,TL,8.7,13.3,Ammodytidae,Perciformes/Uranoscopoidei,Teleostei
Harttia punctata,Harttia,0.0109,3.091,3,SL,2.2,16.6,Loricariidae,Siluriformes,Teleostei
Loricariichthys melanocheilus,Loricariichthys,0.00422,3.2,2,SL,6.5,43,Loricariidae,Siluriformes,Teleostei
Harttia longipinna,Harttia,0.015,2.852,1,SL,1.5,15.7,Loricariidae,Siluriformes,Teleostei
Equulites oblongus,Equulites,0.009,3.17,1,TL,9.2,14.6,Leiognathidae,Acanthuriformes,Teleostei
Triplophysa daqiaoensis,Triplophysa,0.0103,2.96,1,TL,7.9,13.5,Nemacheilidae,Cypriniformes,Teleostei
Yunnanilus sichuanensis,Yunnanilus,0.015,3.057,1,SL,4.2,6.9,Nemacheilidae,Cypriniformes,Teleostei
Discogobio brachyphysallidos,Discogobio,0.00952,2.933,1,TL,5.1,14.2,Cyprinidae,Cypriniformes,Teleostei
Trichomycterus stawiarski,Trichomycterus,0.013,2.79,1,SL,3.5,8.2,Trichomycteridae,Siluriformes,Teleostei
Trichiurus nanhaiensis,Trichiurus,0.0236,2.846,3,OT,9.5,52,Trichiuridae,Scombriformes,Teleostei
Notarius luniscutis,Notarius,0.00424,3.21,6,TL,1.5,47,Ariidae,Siluriformes,Teleostei
Pimelodus microstoma,Pimelodus,0.00673,3.0885,2,SL,9,33,Pimelodidae,Siluriformes,Teleostei
Brachyplatystoma rousseauxii,Brachyplatystoma,0.01233,3.032,1,SL,8.7,147,Pimelodidae,Siluriformes,Teleostei
Sorubim cuspicaudus,Sorubim,0.0031,3.2255,2,SL,14,52.5,Pimelodidae,Siluriformes,Teleostei
Sorubim elongatus,Sorubim,0.00409,3.135,1,SL,16.2,32.2,Pimelodidae,Siluriformes,Teleostei
Pimelodus atrobrunneus,Pimelodus,0.00235,3.46,2,TL,10,25.7,Pimelodidae,Siluriformes,Teleostei
Micropterus cataractae,Micropterus,0.00156,3.612,1,TL,33.7,61,Centrarchidae,Centrarchiformes,Teleostei
Creagrutus cracentis,Creagrutus,0.0075,3.21,1,TL,1.3,6,Stevardiidae,Characiformes,Teleostei
Creagrutus lassoi,Creagrutus,0.0293,3.01,1,SL,2,5.8,Stevardiidae,Characiformes,Teleostei
Creagrutus meridionalis,Creagrutus,0.0382,2.72,2,SL,1,11,Stevardiidae,Characiformes,Teleostei
Creagrutus ungulus,Creagrutus,0.0124,2.925,1,TL,3.8,10.9,Stevardiidae,Characiformes,Teleostei
Leporinus amae,Leporinus,0.015,2.79,1,TL,11.4,17.6,Anostomidae,Characiformes,Teleostei
Megaleporinus garmani,Megaleporinus,0.011,3.18,1,SL,6.5,24.7,Anostomidae,Characiformes,Teleostei
Leporinus marcgravii,Leporinus,0.009,3.35,1,SL,6.8,15.5,Anostomidae,Characiformes,Teleostei
Leporinus piau,Leporinus,0.007815,3.1925,4,TL,11,33.02,Anostomidae,Characiformes,Teleostei
Lepturichthys fimbriatus,Lepturichthys,0.00894,2.807,5,SL,4.7,18.8,Balitoridae,Cypriniformes,Teleostei
Xenomystax congroides,Xenomystax,0.00026,3.04,1,TL,8.4,43,Congridae,Anguilliformes,Teleostei
Polydactylus mullani,Polydactylus,0.01072,3,3,TL,11.3,28.5,Polynemidae,Carangaria/misc,Teleostei
Gymnothorax sagmacephalus,Gymnothorax,0.000125,3.305,2,TL,37.4,51.2,Muraenidae,Anguilliformes,Teleostei
Gymnothorax ypsilon,Gymnothorax,0.00018,3.4,1,TL,60.3,78.9,Muraenidae,Anguilliformes,Teleostei
Anarchias leucurus,Anarchias,0.001,3,1,TL,10,,Muraenidae,Anguilliformes,Teleostei
Cobitis fahireae,Cobitis,0.0035,3.315,1,TL,4.1,10.4,Cobitidae,Cypriniformes,Teleostei
Cobitis splendens,Cobitis,0.00341,3.209,1,TL,5.6,10.5,Cobitidae,Cypriniformes,Teleostei
Hemibagrus maydelli,Hemibagrus,0.00118,3.434,1,TL,,,Bagridae,Siluriformes,Teleostei
Tachysurus sinensis,Tachysurus,0.0075,3.21,1,FL,8.2,30.1,Bagridae,Siluriformes,Teleostei
Syngnathus makaxi,Syngnathus,8e-04,2.834,1,SL,1,8.7,Syngnathidae,Syngnathiformes,Teleostei
Chlorophthalmus corniger,Chlorophthalmus,0.0016,2.9,1,TL,9.9,17.5,Chlorophthalmidae,Aulopiformes,Teleostei
Paraulopus maculatus,Paraulopus,4e-05,2.79,1,TL,13.4,17.3,Paraulopidae,Aulopiformes,Teleostei
Polydactylus longipes,Polydactylus,0.0223,3.006,1,SL,14.5,26,Polynemidae,Carangaria/misc,Teleostei
Cobitis elongatoides,Cobitis,0.00605,3.01215,2,SL,2.5,14.6,Cobitidae,Cypriniformes,Teleostei
Lepidopsetta polyxystra,Lepidopsetta,0.007005,3.1447,10,TL,15,55,Pleuronectidae,Pleuronectiformes,Teleostei
Alepocephalus antipodianus,Alepocephalus,0.00165,3.51,1,SL,14.4,66.2,Alepocephalidae,Alepocephaliformes,Teleostei
Stegastes lividus,Stegastes,0.0652,2.741,1,FL,7.5,15.5,Pomacentridae,Ovalentaria/misc,Teleostei
Trichiurus brevis,Trichiurus,0.0314,2.77,1,OT,1.9,73,Trichiuridae,Scombriformes,Teleostei
Antigonia indica,Antigonia,0.0127,3.29,1,TL,5,10.7,Antigoniidae,Acanthuriformes,Teleostei
Ostorhinchus oxina,Ostorhinchus,0.0068,3.4432,1,TL,5.4,8.4,Apogonidae,Kurtiformes,Teleostei
Vespicula trachinoides,Vespicula,0.0161,3.3515,2,SL,2.7,5.9,Tetrarogidae,Perciformes/Scorpaenoidei,Teleostei
Trachicephalus uranoscopus,Trachicephalus,0.02885,2.9352,2,SL,1.66,8.22,Synanceiidae,Perciformes/Scorpaenoidei,Teleostei
Odontobutis potamophilus,Odontobutis,0.004,3.459,1,TL,6,15.2,Odontobutidae,Gobiiformes,Teleostei
Pterygotrigla andertoni,Pterygotrigla,0.0575,2.6603,1,FL,14,46,Triglidae,Perciformes/Scorpaenoidei,Teleostei
Brachirus aenea,Brachirus,0.02727,2.72,2,TL,4,21,Soleidae,Pleuronectiformes,Teleostei
Jaydia striata,Jaydia,0.0184,2.9019,1,TL,3.7,7,Apogonidae,Kurtiformes,Teleostei
Gerres equulus,Gerres,0.021,3.033,3,SL,6.1,23.2,Gerreidae,Eupercaria/misc,Teleostei
Bovichtus diacanthus,Bovichtus,0.0047,3.347,1,TL,9.3,18.9,Bovichtidae,Perciformes/Notothenioidei,Teleostei
Ebosia falcata,Ebosia,0.0146,2.7544,1,TL,7.6,11.6,Scorpaenidae,Perciformes/Scorpaenoidei,Teleostei
Poecilopsetta inermis,Poecilopsetta,0.0051,3.04,1,TL,5.7,14.5,Poecilopsettidae,Pleuronectiformes,Teleostei
Callionymus doryssus,Callionymus,0.0133,2.6018,1,TL,7.6,16.9,Callionymidae,Callionymiformes,Teleostei
Microphysogobio jeoni,Microphysogobio,0.00339,3.332,2,TL,4.7,11.1,Gobionidae,Cypriniformes,Teleostei
Puntius sealei,Puntius,0.0421,2.9,1,SL,4.2,11.6,Cyprinidae,Cypriniformes,Teleostei
Scarus zelindae,Scarus,0.022,2.95,1,SL,2.2,23.7,Scaridae,Eupercaria/misc,Teleostei
Sparisoma amplum,Sparisoma,0.0204,3.1,1,SL,4.6,33.9,Scaridae,Eupercaria/misc,Teleostei
Sparisoma axillare,Sparisoma,0.01875,3.075,2,SL,1.5,43.6,Scaridae,Eupercaria/misc,Teleostei
Scarus trispinosus,Scarus,0.0384,2.95,1,SL,19.5,55.6,Scaridae,Eupercaria/misc,Teleostei
Stellifer brasiliensis,Stellifer,0.006015,3.223,16,TL,2.9,22.2,Sciaenidae,Eupercaria/misc,Teleostei
Jaydia smithi,Jaydia,0.01025,3.2255,2,TL,3.4,14.5,Apogonidae,Kurtiformes,Teleostei
Girella tephraeops,Girella,0.20594,2.342,1,TL,,,Girellidae,Centrarchiformes,Teleostei
Cynoglossus lighti,Cynoglossus,0.001545,3.392,2,TL,4,22.2,Cynoglossidae,Pleuronectiformes,Teleostei
Paraplagusia guttata,Paraplagusia,0.0054,2.9968,1,TL,,,Cynoglossidae,Pleuronectiformes,Teleostei
Cynoglossus macrolepidotus,Cynoglossus,0.0015,3.3905,2,TL,5.2,39.1,Cynoglossidae,Pleuronectiformes,Teleostei
Crossorhombus kanekonis,Crossorhombus,0.0095,3.111,1,TL,4,15.6,Bothidae,Pleuronectiformes,Teleostei
Cynoglossus sibogae,Cynoglossus,0.0026,3.237,1,TL,7.7,22,Cynoglossidae,Pleuronectiformes,Teleostei
Parabotia banarescui,Parabotia,0.0081,2.9177,1,TL,5.6,21.4,Botiidae,Cypriniformes,Teleostei
Beryx mollis,Beryx,0.0033,2.89,1,SL,9.7,19.1,Berycidae,Beryciformes,Teleostei
Sebastes koreanus,Sebastes,0.0082,3.367,1,TL,6,13.7,Sebastidae,Perciformes/Scorpaenoidei,Teleostei
Takifugu alboplumbeus,Takifugu,0.0406,2.977,1,SL,2.9,10.9,Tetraodontidae,Tetraodontiformes,Teleostei
Pampus punctatissimus,Pampus,0.00404,3.46,1,TL,9.9,23.2,Stromateidae,Scombriformes,Teleostei
Jenynsia onca,Jenynsia,0.018,3.165,2,SL,2.5,5.7,Anablepidae,Cyprinodontiformes,Teleostei
Upeneus australiae,Upeneus,0.01303,3.11194,1,FL,7.5,15.5,Mullidae,Mulliformes,Teleostei
Channa bleheri,Channa,0.01918,2.74,1,TL,5.3,14.4,Channidae,Anabantiformes,Teleostei
Nectamia fusca,Nectamia,0.04354,2.670815,2,FL,4,15,Apogonidae,Kurtiformes,Teleostei
Hemichromis elongatus,Hemichromis,0.11825,2.4355,2,SL,4.6,15.8,Cichlidae,Cichliformes,Teleostei
Gobiomorus maculatus,Gobiomorus,0.0135,3.042,3,SL,1.4,15.6,Eleotridae,Gobiiformes,Teleostei
Squalidus multimaculatus,Squalidus,0.0018,3.18,1,TL,3.9,7.8,Gobionidae,Cypriniformes,Teleostei
Acanthistius fuscus,Acanthistius,0.02565,3,2,SL,5.9,,Anthiadidae,Perciformes/Serranoidei,Teleostei
Garcialebias nigrofasciatus,Garcialebias,0.007675,3.3,2,TL,1.3,5.8,Rivulidae,Cyprinodontiformes,Teleostei
Canthidermis rotundatus,Canthidermis,0.0346,3,2,SL,15.1,,Balistidae,Tetraodontiformes,Teleostei
Barilius pakistanicus,Barilius,0.0231,2.71,1,TL,6.28,10.13,Danionidae,Cypriniformes,Teleostei
Sorubim maniradii,Sorubim,0.00499,3.123,1,SL,13.9,25.6,Pimelodidae,Siluriformes,Teleostei
Periophthalmus magnuspinnatus,Periophthalmus,0.0081,3.051,4,TL,1.7,10.6,Oxudercidae,Gobiiformes,Teleostei
Protosalanx chinensis,Protosalanx,0.00217,3.11,4,TL,2.99,14.5,Salangidae,Osmeriformes,Teleostei
Tanakia koreensis,Tanakia,0.0139,3.02,1,TL,2.7,8.9,Acheilognathidae,Cypriniformes,Teleostei
Barbatula nuda,Barbatula,0.006,3.07,3,TL,2.6,21.1,Nemacheilidae,Cypriniformes,Teleostei
Chimaera lignaria,Chimaera,0.0018,3.28,3,OT,78,131,Chimaeridae,Chimaeriformes,Holocephali
Hydrolagus bemisi,Hydrolagus,0.0093,2.8875,4,OT,14,94,Chimaeridae,Chimaeriformes,Holocephali
Hydrolagus trolli,Hydrolagus,0.0058,2.98,3,OT,53,119,Chimaeridae,Chimaeriformes,Holocephali
Amblyceps foratum,Amblyceps,0.0043,3.1684,1,TL,3.6,8.1,Amblycipitidae,Siluriformes,Teleostei
Naso tonganus,Naso,0.05795,2.806,1,SL,2.8,45.7,Acanthuridae,Acanthuriformes,Teleostei
Diagramma melanacrum,Diagramma,0.0217,3.051,1,SL,17.5,36.5,Haemulidae,Eupercaria/misc,Teleostei
Gagata youssoufi,Gagata,0.012,3.004,1,TL,4.6,8.9,Sisoridae,Siluriformes,Teleostei
Gobio acutipinnatus,Gobio,0.0095,3.316,2,SL,2.2,11.4,Gobionidae,Cypriniformes,Teleostei
Gobio rivuloides,Gobio,0.005,3.511,1,FL,4.6,7.8,Gobionidae,Cypriniformes,Teleostei
Odontamblyopus lacepedii,Odontamblyopus,0.025,2.068,1,TL,7.1,23.2,Gobiidae,Gobiiformes,Teleostei
Sinocyclocheilus jii,Sinocyclocheilus,0.0251,2.88,1,SL,4.37,15.99,Cyprinidae,Cypriniformes,Teleostei
Xenophysogobio boulengeri,Xenophysogobio,0.008995,3.065,6,SL,2.6,14.4,Gobionidae,Cypriniformes,Teleostei
Xenophysogobio nudicorpa,Xenophysogobio,0.0091,3.125,2,SL,3.9,13.1,Gobionidae,Cypriniformes,Teleostei
Neosalanx argentea,Neosalanx,0.00056,3.99,1,TL,2.73,4.75,Salangidae,Osmeriformes,Teleostei
Neosalanx oligodontis,Neosalanx,0.00102,3.53,1,TL,2.52,6.76,Salangidae,Osmeriformes,Teleostei
Neosalanx pseudotaihuensis,Neosalanx,0.00209,3.156,1,TL,,,Salangidae,Osmeriformes,Teleostei
Schizothorax eurystomus,Schizothorax,0.003,3.38,1,TL,10.4,35.5,Cyprinidae,Cypriniformes,Teleostei
Glyptothorax honghensis,Glyptothorax,0.009,3.068,1,TL,3.13,13.37,Sisoridae,Siluriformes,Teleostei
Pteronemacheilus meridionalis,Pteronemacheilus,0.0171,3.03,1,SL,1.9,6.3,Nemacheilidae,Cypriniformes,Teleostei
Triplophysa anterodorsalis,Triplophysa,0.01395,2.9335,2,SL,3.7,9,Nemacheilidae,Cypriniformes,Teleostei
Triplophysa brevicauda,Triplophysa,0.00991,2.77,1,TL,3.5,11,Nemacheilidae,Cypriniformes,Teleostei
Triplophysa xichangensis,Triplophysa,0.013,2.992,1,SL,6.6,14.4,Nemacheilidae,Cypriniformes,Teleostei
Pangio pangia,Pangio,0.0038,2.71,1,TL,3.25,6.42,Cobitidae,Cypriniformes,Teleostei
Rasbora rubrodorsalis,Rasbora,0.08278,1.52,1,SL,1.7,3.9,Danionidae,Cypriniformes,Teleostei
Rhinogobius leavelli,Rhinogobius,0.01205,3.2675,2,SL,2.2,8.8,Gobiidae,Gobiiformes,Teleostei
Ctenogobius szechuanensis,Ctenogobius,0.00853,3.025,1,TL,5.3,10.6,Gobiidae,Gobiiformes,Teleostei
Rhinogobius cliffordpopei,Rhinogobius,0.006835,3.335,6,TL,2.1,14.5,Gobiidae,Gobiiformes,Teleostei
Rhinogobius filamentosus,Rhinogobius,0.0128,3.307,1,SL,3.8,6,Gobiidae,Gobiiformes,Teleostei
Scopelosaurus adleri,Scopelosaurus,0.00088,3.505,2,TL,19.8,32,Notosudidae,Aulopiformes,Teleostei
Chelidoperca investigatoris,Chelidoperca,0.01688,2.72,3,TL,6.4,18.1,Serranidae,Perciformes/Serranoidei,Teleostei
Trinectes xanthurus,Trinectes,0.0221,3,2,SL,8.3,,Achiridae,Pleuronectiformes,Teleostei
Leporinus taeniofasciatus,Leporinus,0.0283,2.925,3,SL,7.1,31.5,Anostomidae,Characiformes,Teleostei
Hypomasticus julii,Hypomasticus,0.006,3.13,1,TL,12.5,26.4,Anostomidae,Characiformes,Teleostei
Leporinus bistriatus,Leporinus,0.0272,2.86,1,SL,8.3,13.7,Anostomidae,Characiformes,Teleostei
Liobagrus marginatoides,Liobagrus,0.00942,2.905,1,TL,5.7,10.2,Amblycipitidae,Siluriformes,Teleostei
Archamia bleekeri,Archamia,0.0228,2.75685,2,TL,4.4,12.6,Apogonidae,Kurtiformes,Teleostei
Apogonichthyoides pharaonis,Apogonichthyoides,0.0174,3.11,1,TL,4,9.5,Apogonidae,Kurtiformes,Teleostei
Jaydia catalai,Jaydia,0.0052,3.935,1,FL,5,7,Apogonidae,Kurtiformes,Teleostei
Erromyzon sinensis,Erromyzon,0.0061,3.456,1,TL,2.6,3.6,Gastromyzontidae,Cypriniformes,Teleostei
Ctenotrypauchen chinensis,Ctenotrypauchen,0.00467,3.027,2,SL,5.2,19.2,Gobiidae,Gobiiformes,Teleostei
Lophiogobius ocellicauda,Lophiogobius,0.0104,3.05,1,TL,3.8,8.6,Gobiidae,Gobiiformes,Teleostei
Sinibotia zebra,Sinibotia,0.0112,2.973,1,SL,7,14.3,Botiidae,Cypriniformes,Teleostei
Beaufortia pingi,Beaufortia,0.006,3.318,1,TL,1.06,7.44,Gastromyzontidae,Cypriniformes,Teleostei
Sinogastromyzon szechuanensis,Sinogastromyzon,0.01655,3.1245,2,SL,2.9,9.8,Balitoridae,Cypriniformes,Teleostei
Leptobotia taeniops,Leptobotia,0.016,2.87,5,SL,5,22.8,Botiidae,Cypriniformes,Teleostei
Leptobotia posterodorsalis,Leptobotia,0.0119,2.851,1,SL,4.4,9,Botiidae,Cypriniformes,Teleostei
Leptobotia guilinensis,Leptobotia,0.0065,3.0185,2,SL,4.8,12.1,Botiidae,Cypriniformes,Teleostei
Parabotia bimaculatus,Parabotia,0.00658,3.185,4,SL,4.3,15.8,Botiidae,Cypriniformes,Teleostei
Urophycis mystacea,Urophycis,0.003,3.157,5,TL,11.2,66.5,Phycidae,Gadiformes,Teleostei
Peristedion altipinne,Peristedion,0.01405,2.839,2,TL,1.7,5.9,Peristediidae,Perciformes/Scorpaenoidei,Teleostei
Labiobarbus lineatus,Labiobarbus,0.0328,2.5272,1,TL,10,15.5,Cyprinidae,Cypriniformes,Teleostei
Chlorurus microrhinos,Chlorurus,0.0174,3.07,5,FL,4,59.9,Scaridae,Eupercaria/misc,Teleostei
Anotopterus nikparini,Anotopterus,0.00111,3,1,TL,107,107,Anotopteridae,Aulopiformes,Teleostei
Chlorophthalmus brasiliensis,Chlorophthalmus,0.0025,3.299,1,TL,8.6,24.2,Chlorophthalmidae,Aulopiformes,Teleostei
Lepidocephalichthys arunachalensis,Lepidocephalichthys,0.0052,3.28,1,TL,6.28,9.77,Cobitidae,Cypriniformes,Teleostei
Parapsilorhynchus elongatus,Parapsilorhynchus,0.0072,3.423,1,TL,1.6,2.9,Cyprinidae,Cypriniformes,Teleostei
Nangra assamensis,Nangra,0.0041,3.23,1,TL,5.9,10.5,Sisoridae,Siluriformes,Teleostei
Pholis fangi,Pholis,0.00079,3.52,5,TL,6.8,17.3,Pholidae,Perciformes/Zoarcoidei,Teleostei
Onychostoma macrolepis,Onychostoma,0.0175,2.97,1,SL,3.3,26.5,Cyprinidae,Cypriniformes,Teleostei
Astyanax aeneus,Astyanax,0.0185,3.2325,2,SL,1.9,9.5,Acestrorhamphidae,Characiformes,Teleostei
Gobiesox marijeanae,Gobiesox,0.01745,3,2,SL,3.6,,Gobiesocidae,Gobiesociformes,Teleostei
Pherallodiscus varius,Pherallodiscus,0.0149,3,2,SL,1.7,,Gobiesocidae,Gobiesociformes,Teleostei
Kuhlia xenura,Kuhlia,0.0328,3.03,1,FL,2,17,Kuhliidae,Centrarchiformes,Teleostei
Moxostoma breviceps,Moxostoma,0.0107,2.69,1,TL,13.4,60.7,Catostomidae,Cypriniformes,Teleostei
Cobitis bilseli,Cobitis,0.00901,3.12605,2,TL,5.3,23.5,Cobitidae,Cypriniformes,Teleostei
Cobitis tetralineata,Cobitis,0.004,3.17,1,TL,5.7,12.4,Cobitidae,Cypriniformes,Teleostei
Leptobotia microphthalma,Leptobotia,0.01025,3.1,2,SL,3.8,10,Botiidae,Cypriniformes,Teleostei
Leptobotia rubrilabris,Leptobotia,0.0134,2.952,4,SL,5.3,21,Botiidae,Cypriniformes,Teleostei
Coregonus alpenae,Coregonus,0.01108,3.061,1,SL,17.3,45.6,Salmonidae,Salmoniformes,Teleostei
Bodianus brasiliensis,Bodianus,0.0162,3.19,1,SL,3.4,23.3,Labridae,Eupercaria/misc,Teleostei
Labrisomus pomaspilus,Labrisomus,0.0136,3,2,SL,8.1,,Labrisomidae,Blenniiformes,Teleostei
Oxynoemacheilus namiri,Oxynoemacheilus,0.007,3.188,1,TL,4.1,8.7,Nemacheilidae,Cypriniformes,Teleostei
Parupeneus insularis,Parupeneus,0.01345,3.185,2,FL,14.5,30.3,Mullidae,Mulliformes,Teleostei
Etrumeus micropus,Etrumeus,0.009,3,5,SL,4,28.3,Dussumieriidae,Clupeiformes,Teleostei
Physiculus cyanostrophus,Physiculus,0.0068,2.9628,1,TL,12.9,38.4,Moridae,Gadiformes,Teleostei
Upeneichthys vlamingii,Upeneichthys,0.01567,2.9645,3,TL,,,Mullidae,Mulliformes,Teleostei
Misgurnus mohoity,Misgurnus,0.001745,3.3495,2,TL,4.6,18.5,Cobitidae,Cypriniformes,Teleostei
Microchirus azevia,Microchirus,0.01125,2.968,4,TL,2.4,35.7,Soleidae,Pleuronectiformes,Teleostei
Tigrigobius limbaughi,Tigrigobius,0.00701,3.361,1,TL,1.07,3.33,Gobiidae,Gobiiformes,Teleostei
Halichoeres brasiliensis,Halichoeres,0.014,3.13,1,SL,4.8,35,Labridae,Eupercaria/misc,Teleostei
Triportheus auritus,Triportheus,0.021,2.785,3,SL,7.8,26.5,Triportheidae,Characiformes,Teleostei
Sparisoma frondosum,Sparisoma,0.0171,3.2,1,SL,3.7,29.2,Scaridae,Eupercaria/misc,Teleostei
Peristedion greyae,Peristedion,0.00687,2.92,3,TL,8,23.9,Peristediidae,Perciformes/Scorpaenoidei,Teleostei
Peristedion unicuspis,Peristedion,7e-04,3.797,1,TL,8.9,22.4,Peristediidae,Perciformes/Scorpaenoidei,Teleostei
Alcichthys elongatus,Alcichthys,0.0057,3.266,1,TL,13.9,27.7,Cottidae,Perciformes/Cottoidei,Teleostei
Stellifer wintersteenorum,Stellifer,0.011,2.995,1,TL,7,20.3,Sciaenidae,Eupercaria/misc,Teleostei
Sciaena callaensis,Sciaena,0.053,2.307,1,TL,6.9,9.5,Sciaenidae,Eupercaria/misc,Teleostei
Lile nigrofasciata,Lile,0.020195,2.8945,2,SL,2.47,9.11,Dorosomatidae,Clupeiformes,Teleostei
Hyporhamphus naos,Hyporhamphus,0.0085,3.725,2,SL,5.04,29,Hemiramphidae,Beloniformes,Teleostei
Ageneiogarra imberba,Ageneiogarra,0.0136,3.02,3,SL,3.1,41.8,Cyprinidae,Cypriniformes,Teleostei
Synodontis thamalakanensis,Synodontis,0.157,2.056,1,TL,,,Mochokidae,Siluriformes,Teleostei
Nannacara taenia,Nannacara,0.027,3.163,1,SL,1.2,3.1,Cichlidae,Cichliformes,Teleostei
Ambassis ambassis,Ambassis,0.02,3.003,3,TL,2.7,15.4,Ambassidae,Ovalentaria/misc,Teleostei
Leporinus spilopleura,Leporinus,0.0285,2.921,1,SL,6,26.5,Anostomidae,Characiformes,Teleostei
Sinocrossocheilus labiatus,Sinocrossocheilus,0.0189,3.09,1,SL,2.5,8.5,Cyprinidae,Cypriniformes,Teleostei
Giuris margaritaceus,Giuris,0.007445,3.1796,2,TL,10.4,10.4,Eleotridae,Gobiiformes,Teleostei
Lethrinus ravus,Lethrinus,0.01409,3.06476,1,FL,11,53.2,Lethrinidae,Eupercaria/misc,Teleostei
Apteronotus eschmeyeri,Apteronotus,0.0029,2.99,1,SL,15.3,32,Apteronotidae,Gymnotiformes,Teleostei
Peckoltia sabaji,Peckoltia,0.0087,3.13,1,TL,6.3,19,Loricariidae,Siluriformes,Teleostei
Odontobutis sinensis,Odontobutis,0.0095,3.16,3,TL,7.5,18.1,Odontobutidae,Gobiiformes,Teleostei
Barbatula toni,Barbatula,0.0076,2.9797,1,TL,2,19.8,Nemacheilidae,Cypriniformes,Teleostei
Australoheros scitulus,Australoheros,0.0414,3.01,1,SL,1.7,11,Cichlidae,Cichliformes,Teleostei
Lycodes gracilis,Lycodes,0.0069,2.81055,2,NG,,,Zoarcidae,Perciformes/Zoarcoidei,Teleostei
Chasmocranus lopezae,Chasmocranus,0.01,2.969,1,SL,3.2,10.2,Heptapteridae,Siluriformes,Teleostei
Laimosemion strigatus,Laimosemion,0.014,2.999,1,SL,0.9,1.8,Rivulidae,Cyprinodontiformes,Teleostei
Badis tuivaiei,Badis,0.0226,2.7,1,TL,3.59,6.51,Badidae,Anabantiformes,Teleostei
Sparisoma tuiupiranga,Sparisoma,0.0239,3.1,1,SL,2.5,15.1,Scaridae,Eupercaria/misc,Teleostei
Acheilognathus taenianalis,Acheilognathus,0.016,3,1,FL,4.2,11.1,Acheilognathidae,Cypriniformes,Teleostei
Alburnus qalilus,Alburnus,0.0028,3.435,1,TL,4,9.4,Leuciscidae,Cypriniformes,Teleostei
Barbus carpathicus,Barbus,0.0103,2.9713,3,TL,6.64,25.14,Cyprinidae,Cypriniformes,Teleostei
Barilius naseeri,Barilius,0.0146,2.93,1,TL,6.12,12.02,Danionidae,Cypriniformes,Teleostei
Puntius mahecola,Puntius,0.008,2.952,1,TL,7.8,12.6,Cyprinidae,Cypriniformes,Teleostei
Sinocyclocheilus guilinensis,Sinocyclocheilus,0.04213,2.61,1,SL,3.82,12.05,Cyprinidae,Cypriniformes,Teleostei
Luciobarbus barbulus,Luciobarbus,0.0075,3.077,2,TL,,,Cyprinidae,Cypriniformes,Teleostei
Bryconamericus orinocoensis,Bryconamericus,0.012,3.144,1,TL,1.3,3,Stevardiidae,Characiformes,Teleostei
Diapoma uruguayense,Diapoma,0.0225,2.96,1,SL,2.4,5.1,Stevardiidae,Characiformes,Teleostei
Trichomycterus taroba,Trichomycterus,0.009,3.1,3,SL,1.7,6.5,Trichomycteridae,Siluriformes,Teleostei
Anatolichthys villwocki,Anatolichthys,0.0117,3.26,3,TL,1.6,7.04,Aphaniidae,Cyprinodontiformes,Teleostei
Rhamdia laluchensis,Rhamdia,0.019,2.919,1,SL,5.6,10,Heptapteridae,Siluriformes,Teleostei
Geophagus winemilleri,Geophagus,0.0204,3.1424,1,SL,7.5,20,Cichlidae,Cichliformes,Teleostei
Gymnotus coropinae,Gymnotus,0.00371,2.75,1,SL,3.8,34.5,Gymnotidae,Gymnotiformes,Teleostei
Astyanax jacuhiensis,Astyanax,0.0126,3.07,1,TL,2.5,11.1,Acestrorhamphidae,Characiformes,Teleostei
Brachyplatystoma capapretum,Brachyplatystoma,0.024,2.8644,1,SL,9,43,Pimelodidae,Siluriformes,Teleostei
Schistura reticulata,Schistura,0.011,2.992,1,TL,5.3,9.91,Nemacheilidae,Cypriniformes,Teleostei
Trichomycterus diabolus,Trichomycterus,0.05674,2.327,1,TL,13.6,22.5,Trichomycteridae,Siluriformes,Teleostei
Brycon gouldingi,Brycon,0.0201,3.078,3,SL,5.7,46.5,Bryconidae,Characiformes,Teleostei
Moenkhausia bonita,Moenkhausia,0.0193,2.97,1,SL,2.1,8.53,Acestrorhamphidae,Characiformes,Teleostei
Halichoeres dimidiatus,Halichoeres,0.0107,3.2,1,SL,5.7,27,Labridae,Eupercaria/misc,Teleostei
Halichoeres penrosei,Halichoeres,0.0181,2.92,1,SL,2.8,11.9,Labridae,Eupercaria/misc,Teleostei
Glyptothorax sufii,Glyptothorax,0.0061,3.03,1,TL,3.1,5.6,Sisoridae,Siluriformes,Teleostei
Bryconamericus ytu,Bryconamericus,0.0236,2.97,1,SL,1.2,9,Stevardiidae,Characiformes,Teleostei
Chalceus epakros,Chalceus,0.011,3.196,2,SL,9.5,17.4,Chalceidae,Characiformes,Teleostei
Chalceus guaporensis,Chalceus,0.01001,3.302,1,SL,9,17.4,Chalceidae,Characiformes,Teleostei
Knodus geryi,Knodus,0.011,2.95,1,TL,3.2,6.6,Stevardiidae,Characiformes,Teleostei
Alburnus arborella,Alburnus,0.011,2.994,1,TL,3,12.7,Leuciscidae,Cypriniformes,Teleostei
Cottus perifretum,Cottus,0.0077,3.264,1,TL,2.2,13.4,Cottidae,Perciformes/Cottoidei,Teleostei
Megalobrama mantschuricus,Megalobrama,0.0225,3.005,1,SL,16.3,38,Xenocyprididae,Cypriniformes,Teleostei
Schistura khugae,Schistura,0.011,3,1,TL,4.64,9.22,Nemacheilidae,Cypriniformes,Teleostei
Upeneus guttatus,Upeneus,0.0218,2.88321,1,FL,8,13.5,Mullidae,Mulliformes,Teleostei
Gobio lozanoi,Gobio,0.0081,3.0995,4,TL,3.7,14,Gobionidae,Cypriniformes,Teleostei
Notropis wickliffi,Notropis,0.0086,3.004,1,TL,3,6.6,Leuciscidae,Cypriniformes,Teleostei
Pelasgus thesproticus,Pelasgus,0.016,3.107,1,SL,1.692,6.178,Leuciscidae,Cypriniformes,Teleostei
Glyptothorax botius,Glyptothorax,0.0089,2.81,1,TL,7.2,9.93,Sisoridae,Siluriformes,Teleostei
Schizothorax skarduensis,Schizothorax,0.0121,3.01,1,TL,12.3,41.9,Cyprinidae,Cypriniformes,Teleostei
Scardinius knezevici,Scardinius,0.012,2.956,1,TL,8.2,29.5,Leuciscidae,Cypriniformes,Teleostei
Schistura nalbanti,Schistura,0.006,3.212,1,TL,5.9,8.1,Nemacheilidae,Cypriniformes,Teleostei
Pethia ornata,Pethia,0.0186,2.61,1,SL,2.41,4.25,Cyprinidae,Cypriniformes,Teleostei
Spinibarbus sinensis,Spinibarbus,0.0154,3.11,7,SL,3.5,61,Cyprinidae,Cypriniformes,Teleostei
Nipponocypris koreanus,Nipponocypris,0.006,3.17,4,TL,3.5,22.1,Xenocyprididae,Cypriniformes,Teleostei
Romanogobio macropterus,Romanogobio,0.0099,2.86,1,TL,2.9,6.7,Gobionidae,Cypriniformes,Teleostei
Psalidodon laticeps,Psalidodon,0.0142,3.277,1,SL,4.2,8.9,Acestrorhamphidae,Characiformes,Teleostei
Pterocryptis anomala,Pterocryptis,0.0084,2.929,1,TL,6.9,25,Siluridae,Siluriformes,Teleostei
Poeciliopsis pleurospilus,Poeciliopsis,0.03,2.809,1,SL,3,5.7,Poeciliidae,Cyprinodontiformes,Teleostei
Polypterus mokelembembe,Polypterus,0.0078,3.002,1,SL,13.1,25.7,Polypteridae,Polypteriformes,Cladistii
Leucos panosi,Leucos,0.0066,3.157,1,TL,6.1,29.1,Leuciscidae,Cypriniformes,Teleostei
Salariopsis economidisi,Salariopsis,0.0077,3.233,1,TL,2.6,7.3,Blenniidae,Blenniiformes,Teleostei
Bryconamericus pyahu,Bryconamericus,0.014,3.19,1,SL,2.3,5,Stevardiidae,Characiformes,Teleostei
Hypostomus hemicochliodon,Hypostomus,0.0056,3.22,1,TL,8.1,36.2,Loricariidae,Siluriformes,Teleostei
Psalidodon pampa,Psalidodon,0.0201,2.8,1,SL,3,6.2,Acestrorhamphidae,Characiformes,Teleostei
Psalidodon henseli,Psalidodon,0.0153,3.157,2,SL,1.8,11.1,Acestrorhamphidae,Characiformes,Teleostei
Synbranchus lampreia,Synbranchus,5e-04,3.24,1,TL,16.4,38,Synbranchidae,Synbranchiformes,Teleostei
Physopyxis ananas,Physopyxis,0.008,2.606,1,SL,1.2,1.9,Doradidae,Siluriformes,Teleostei
Parancistrus nudiventris,Parancistrus,0.0108,3.23,1,TL,6,22,Loricariidae,Siluriformes,Teleostei
Glyptothorax siamensis,Glyptothorax,0.00899,2.98,1,TL,6.3,13.9,Sisoridae,Siluriformes,Teleostei
Hypostomus ericae,Hypostomus,0.04135,2.9005,4,SL,5.26,28.5,Loricariidae,Siluriformes,Teleostei
Parachondrostoma miegii,Parachondrostoma,0.008,3.0535,8,TL,2.5,23.3,Leuciscidae,Cypriniformes,Teleostei
Melanorivulus rossoi,Melanorivulus,0.006835,3.0974,2,TL,1.39,3.58,Rivulidae,Cyprinodontiformes,Teleostei
Squalius orpheus,Squalius,0.012,2.97,1,TL,3.2,28.1,Leuciscidae,Cypriniformes,Teleostei
Amblyceps apangi,Amblyceps,0.009,2.945,3,TL,2.94,15.86,Amblycipitidae,Siluriformes,Teleostei
Anostomoides passionis,Anostomoides,0.006,3.201,1,TL,14.5,36,Anostomidae,Characiformes,Teleostei
Pseudophoxinus ninae,Pseudophoxinus,0.027,3.053,1,SL,2.4,6.2,Leuciscidae,Cypriniformes,Teleostei
Cichla melaniae,Cichla,0.01545,3.075,2,TL,5.1,64.8,Cichlidae,Cichliformes,Teleostei
Cichla kelberi,Cichla,0.01415,3.098,8,TL,3.4,58.5,Cichlidae,Cichliformes,Teleostei
Cichla pleiozona,Cichla,0.01506,3.16,1,SL,8.5,44.2,Cichlidae,Cichliformes,Teleostei
Cichla piquiti,Cichla,0.0222,2.993,3,TL,16.6,48,Cichlidae,Cichliformes,Teleostei
Pachyurus junki,Pachyurus,0.0081,3.04,3,SL,4,35.5,Sciaenidae,Eupercaria/misc,Teleostei
Plagioscion montei,Plagioscion,0.01555,3.0796,2,SL,10.4,34,Sciaenidae,Eupercaria/misc,Teleostei
Gobio battalgilae,Gobio,0.0191,2.825,1,TL,10.4,17.2,Gobionidae,Cypriniformes,Teleostei
Esmaeilius isfahanensis,Esmaeilius,0.00905,3.2745,6,TL,1.316,4.284,Aphaniidae,Cyprinodontiformes,Teleostei
Moenkhausia heikoi,Moenkhausia,0.0082,3.36,1,TL,1.8,8.7,Acestrorhamphidae,Characiformes,Teleostei
Cottus dzungaricus,Cottus,0.01,3.318,1,TL,3.1,11.4,Cottidae,Perciformes/Cottoidei,Teleostei
Capoeta bergamae,Capoeta,0.02,2.85,3,FL,5.1,23.5,Cyprinidae,Cypriniformes,Teleostei
Luciobarbus escherichii,Luciobarbus,0.0096,3.05,1,TL,4.9,22.6,Cyprinidae,Cypriniformes,Teleostei
Delturus brevis,Delturus,0.025,3.05,1,SL,7.7,18.6,Loricariidae,Siluriformes,Teleostei
Oxynoemacheilus banarescui,Oxynoemacheilus,0.007,3.113,1,TL,4.4,7.8,Nemacheilidae,Cypriniformes,Teleostei
Oxynoemacheilus simavicus,Oxynoemacheilus,0.0057,3.25,2,TL,4.6,8,Nemacheilidae,Cypriniformes,Teleostei
Oxynoemacheilus eregliensis,Oxynoemacheilus,0.007,3.0785,2,TL,1.65,10.3,Nemacheilidae,Cypriniformes,Teleostei
Oxynoemacheilus theophilii,Oxynoemacheilus,0.006,3.285,1,TL,3.5,7.7,Nemacheilidae,Cypriniformes,Teleostei
Schistura minuta,Schistura,0.009,3.142,1,TL,2.93,4.3,Nemacheilidae,Cypriniformes,Teleostei
Oxynoemacheilus germencicus,Oxynoemacheilus,0.007,3.114,1,TL,5.1,7.8,Nemacheilidae,Cypriniformes,Teleostei
Oxynoemacheilus mediterraneus,Oxynoemacheilus,0.009,2.944,1,TL,3.6,7.6,Nemacheilidae,Cypriniformes,Teleostei
Thymallus tugarinae,Thymallus,0.00407,3.18,1,FL,,,Salmonidae,Salmoniformes,Teleostei
Oxynoemacheilus paucilepis,Oxynoemacheilus,0.009,3.048,1,TL,4.4,6.6,Nemacheilidae,Cypriniformes,Teleostei
Oxynoemacheilus ceyhanensis,Oxynoemacheilus,0.0063,3.142,2,TL,3.3,8.8,Nemacheilidae,Cypriniformes,Teleostei
Oxynoemacheilus seyhanicola,Oxynoemacheilus,0.005,3.239,1,TL,4.2,9.5,Nemacheilidae,Cypriniformes,Teleostei
Oxynoemacheilus evreni,Oxynoemacheilus,0.0104,2.9735,2,TL,3.1,9.4,Nemacheilidae,Cypriniformes,Teleostei
Psalidodon bockmanni,Psalidodon,0.0247,3.07,3,SL,1.6,17.3,Acestrorhamphidae,Characiformes,Teleostei
Cathorops mapale,Cathorops,0.00731,3.08,1,TL,11.3,28,Ariidae,Siluriformes,Teleostei
Phoxinus ujmonensis,Phoxinus,0.013,3.165,2,SL,1.7,9,Leuciscidae,Cypriniformes,Teleostei
Tripterygion tartessicum,Tripterygion,0.0082,3.106,1,TL,3,6.8,Tripterygiidae,Blenniiformes,Teleostei
Benthophilus leobergius,Benthophilus,0.0499,2.5,1,TL,11,14.3,Gobiidae,Gobiiformes,Teleostei
Lutjanus alexandrei,Lutjanus,0.02159,2.9144,5,TL,4.7,33,Lutjanidae,Eupercaria/misc,Teleostei
Pseudophoxinus alii,Pseudophoxinus,0.0052,3.347,3,TL,3.4,14.3,Leuciscidae,Cypriniformes,Teleostei
Amblyceps arunachalense,Amblyceps,0.0077,2.96,1,TL,3.3,13.2,Amblycipitidae,Siluriformes,Teleostei
Squalius cii,Squalius,0.0105,3.109,1,TL,2.2,28.9,Leuciscidae,Cypriniformes,Teleostei
Cyanogaster geisleri,Cyanogaster,0.0078,3.23,1,TL,1.5,3.5,Characidae,Characiformes,Teleostei
Microglanis leptostriatus,Microglanis,0.016,3.265,1,SL,2,3.6,Pseudopimelodidae,Siluriformes,Teleostei
Pimelodus britskii,Pimelodus,0.0084,3.23,1,SL,1.4,36,Pimelodidae,Siluriformes,Teleostei
Mugil rubrioculus,Mugil,0.01095,2.93,4,TL,2.6,44.6,Mugilidae,Mugiliformes,Teleostei
Pseudoplatystoma magdaleniatum,Pseudoplatystoma,0.0023,3.38,3,SL,12.3,125,Pimelodidae,Siluriformes,Teleostei
Cynopotamus xinguano,Cynopotamus,0.0109,2.93,1,TL,7.5,15.2,Characidae,Characiformes,Teleostei
Sebastes variabilis,Sebastes,0.01,3.09,3,FL,,,Sebastidae,Perciformes/Scorpaenoidei,Teleostei
Oxynoemacheilus samanticus,Oxynoemacheilus,0.007255,2.903,2,TL,4.4,8.6,Nemacheilidae,Cypriniformes,Teleostei
Squalius valentinus,Squalius,0.019,2.9,1,FL,4.6,17.5,Leuciscidae,Cypriniformes,Teleostei
Capoeta umbla,Capoeta,0.0117,2.991,3,FL,2.9,20.9,Cyprinidae,Cypriniformes,Teleostei
Squalus griffini,Squalus,0.00168,3.25,1,TL,25.9,108,Squalidae,Squaliformes,Elasmobranchii
Scardinius elmaliensis,Scardinius,0.013,2.943,1,TL,10.8,14.3,Leuciscidae,Cypriniformes,Teleostei
Oxynoemacheilus seyhanensis,Oxynoemacheilus,0.009,3.101,1,TL,3.3,9.1,Nemacheilidae,Cypriniformes,Teleostei
Cathorops kailolae,Cathorops,0.022,2.901,1,SL,6.4,25.4,Ariidae,Siluriformes,Teleostei
Squatina albipunctata,Squatina,0.00026,3.7265,1,TL,,,Squatinidae,Squatiniformes,Elasmobranchii
Lobocheilos ovalis,Lobocheilos,0.02,2.719,1,TL,,,Cyprinidae,Cypriniformes,Teleostei
Muraena augusti,Muraena,0.00079,3.2466,1,TL,36.2,90,Muraenidae,Anguilliformes,Teleostei
Salminus franciscanus,Salminus,0.004,3.358,1,SL,14.9,93,Bryconidae,Characiformes,Teleostei
Myxine mccoskeri,Myxine,0.00655,2.5,1,TL,16.3,28.2,Myxinidae,Myxiniformes,Myxini
Rineloricaria malabarbai,Rineloricaria,0.0055,3.152,1,SL,2,10.2,Loricariidae,Siluriformes,Teleostei
Acestrocephalus stigmatus,Acestrocephalus,0.0072,3.13,1,TL,3.1,13.5,Characidae,Characiformes,Teleostei
Phalloceros harpagos,Phalloceros,0.0155,3.2,10,SL,0.6,8.8,Poeciliidae,Cyprinodontiformes,Teleostei
Phalloceros uai,Phalloceros,0.02,3.206,1,SL,1,4,Poeciliidae,Cyprinodontiformes,Teleostei
Neobythites bimarginatus,Neobythites,0.00273,3.14,1,TL,7,18.5,Ophidiidae,Ophidiiformes,Teleostei
Leporinus amazonicus,Leporinus,0.016,3.0487,1,SL,10,25.3,Anostomidae,Characiformes,Teleostei
Trygonoptera imitata,Trygonoptera,0.005285,3.179,2,TL,,,Urolophidae,Myliobatiformes,Elasmobranchii
Himantura leoparda,Himantura,0.0166,3.17,1,TL,26,135.2,Dasyatidae,Myliobatiformes,Elasmobranchii
Gymnothorax shaoi,Gymnothorax,0.00056,3.23,3,TL,26.2,68.6,Muraenidae,Anguilliformes,Teleostei
Hydrolagus homonycteris,Hydrolagus,0.0149,2.74,3,OT,29.6,101.5,Chimaeridae,Chimaeriformes,Holocephali
Alburnus attalus,Alburnus,0.01,2.835,1,TL,2.9,21.7,Leuciscidae,Cypriniformes,Teleostei
Parapercis queenslandica,Parapercis,0.00766,3.15813,2,FL,7,23,Pinguipedidae,Perciformes/Uranoscopoidei,Teleostei
Synodontis ouemeensis,Synodontis,0.022,2.673,1,TL,8.3,35.9,Mochokidae,Siluriformes,Teleostei
Doras higuchii,Doras,0.0056,3.23,1,,13.5,32.5,Doradidae,Siluriformes,Teleostei
Albula virgata,Albula,0.0232,3.23,1,FL,5.6,23.3,Albulidae,Albuliformes,Teleostei
Pseudophoxinus elizavetae,Pseudophoxinus,0.012,3.407,1,SL,6.7,7.9,Leuciscidae,Cypriniformes,Teleostei
Pseudophoxinus firati,Pseudophoxinus,0.029,2.756,1,SL,3.2,5.8,Leuciscidae,Cypriniformes,Teleostei
Pseudophoxinus zekayi,Pseudophoxinus,0.0145,3.177,2,SL,3.2,14.3,Leuciscidae,Cypriniformes,Teleostei
Pseudoscopelus astronesthidens,Pseudoscopelus,0.007365,3,2,SL,18.5,,Chiasmodontidae,Scombriformes,Teleostei
Oxynoemacheilus anatolicus,Oxynoemacheilus,0.007,3.168,1,TL,4.5,8.2,Nemacheilidae,Cypriniformes,Teleostei
Oxynoemacheilus kaynaki,Oxynoemacheilus,0.007,3.148,1,TL,4,7.5,Nemacheilidae,Cypriniformes,Teleostei
Hisonotus armatus,Hisonotus,0.00502,3.01,1,TL,3.5,6,Loricariidae,Siluriformes,Teleostei
Capoeta gracilis,Capoeta,0.0164,2.896,19,TL,4.2,25,Cyprinidae,Cypriniformes,Teleostei
Megalonema amaxanthum,Megalonema,0.0073,3.228,3,SL,9,31.2,Pimelodidae,Siluriformes,Teleostei
Platydoras brachylecis,Platydoras,0.0171,3.15,1,SL,7.8,19.6,Doradidae,Siluriformes,Teleostei
Paracapoeta erhani,Paracapoeta,0.00955,3.1575,6,TL,10.4,47,Cyprinidae,Cypriniformes,Teleostei
Gymnothorax taiwanensis,Gymnothorax,0.00039,3.37,3,TL,32.4,53.9,Muraenidae,Anguilliformes,Teleostei
Pomadasys ramosus,Pomadasys,0.00364,3.51,1,TL,9.3,14.8,Haemulidae,Eupercaria/misc,Teleostei
Barbus oligolepis,Barbus,0.0102,3.088,1,TL,2.1,27.6,Cyprinidae,Cypriniformes,Teleostei
Hemitriakis indroyonoi,Hemitriakis,0.0037,2.9684,1,TL,24,120,Triakidae,Carcharhiniformes,Elasmobranchii
Gymnogeophagus tiraparae,Gymnogeophagus,0.044,2.84,1,SL,3.6,10.2,Cichlidae,Cichliformes,Teleostei
Alburnoides qanati,Alburnoides,0.0147,3.11,1,TL,4.83,7.52,Leuciscidae,Cypriniformes,Teleostei
Atlantirivulus riograndensis,Atlantirivulus,0.002435,3.33,2,TL,1.48,3.803,Rivulidae,Cyprinodontiformes,Teleostei
Pterygotrigla arabica,Pterygotrigla,0.065,2.5903,1,TL,15,18.9,Triglidae,Perciformes/Scorpaenoidei,Teleostei
Alburnus scoranza,Alburnus,0.009,2.936,1,TL,6.3,17.9,Leuciscidae,Cypriniformes,Teleostei
Alburnoides prespensis,Alburnoides,0.007,3.166,1,TL,5,13.1,Leuciscidae,Cypriniformes,Teleostei
Barbus pergamonensis,Barbus,0.0106,3.0335,2,TL,6,13,Cyprinidae,Cypriniformes,Teleostei
Barbus strumicae,Barbus,0.009,3.02,1,TL,1.5,16.5,Cyprinidae,Cypriniformes,Teleostei
Gobio kovatschevi,Gobio,0.0072,3.24,1,TL,4.5,10.5,Gobionidae,Cypriniformes,Teleostei
Rhodeus meridionalis,Rhodeus,0.00845,3.174,2,TL,3.2,8.2,Acheilognathidae,Cypriniformes,Teleostei
Squalius squalus,Squalius,0.006735,3.1415,2,TL,2,49.4,Leuciscidae,Cypriniformes,Teleostei
Alburnoides petrubanarescui,Alburnoides,0.0045,3.19,1,TL,2.25,7.53,Leuciscidae,Cypriniformes,Teleostei
Alburnoides namaki,Alburnoides,0.0071,3.19,1,TL,3.75,7.71,Leuciscidae,Cypriniformes,Teleostei
Alburnoides nicolausi,Alburnoides,0.0113,3.11,2,TL,4.31,7.86,Leuciscidae,Cypriniformes,Teleostei
Alburnoides idignensis,Alburnoides,0.0072,3.22,5,TL,3.48,11.34,Leuciscidae,Cypriniformes,Teleostei
Gymnotus omarorum,Gymnotus,0.004,2.57,1,SL,6.3,20.2,Gymnotidae,Gymnotiformes,Teleostei
Pseudophoxinus libani,Pseudophoxinus,0.025,2.857,1,SL,3.6,5.9,Leuciscidae,Cypriniformes,Teleostei
Alburnoides eichwaldii,Alburnoides,0.007,3.21,5,TL,2.5,12.32,Leuciscidae,Cypriniformes,Teleostei
Alburnoides fasciatus,Alburnoides,0.00221,3.625,1,TL,8.3,13.8,Leuciscidae,Cypriniformes,Teleostei
Capoeta caelestis,Capoeta,0.01025,2.9951,2,TL,4.4,28.3,Cyprinidae,Cypriniformes,Teleostei
Alburnus zagrosensis,Alburnus,0.0078,3.102,1,TL,5.327,12.972,Leuciscidae,Cypriniformes,Teleostei
Andinoacara stalsbergi,Andinoacara,0.046,2.94,1,SL,4.13,9.11,Cichlidae,Cichliformes,Teleostei
Ancistrus mullerae,Ancistrus,0.031,2.97,1,SL,1.5,7.7,Loricariidae,Siluriformes,Teleostei
Squalius kottelati,Squalius,0.026,2.732,1,TL,6.9,32.5,Leuciscidae,Cypriniformes,Teleostei
Squalius turcicus,Squalius,0.007,3.179,1,TL,4.9,37.3,Leuciscidae,Cypriniformes,Teleostei
Alburnus adanensis,Alburnus,0.0193,2.834,2,TL,4.6,22,Leuciscidae,Cypriniformes,Teleostei
Alburnus thessalicus,Alburnus,0.0041,3.218,1,TL,5.6,15.5,Leuciscidae,Cypriniformes,Teleostei
Cirrhinus reba,Cirrhinus,0.00548,3.215,9,TL,4.05,28.2,Cyprinidae,Cypriniformes,Teleostei
Gobio insuyanus,Gobio,0.00881,3.132,1,TL,6.9,13.6,Gobionidae,Cypriniformes,Teleostei
Scardinius plotizza,Scardinius,0.0051,3.31,1,TL,9.9,39,Leuciscidae,Cypriniformes,Teleostei
Gobiobotia meridionalis,Gobiobotia,0.011,2.96,3,TL,4.4,13.3,Gobionidae,Cypriniformes,Teleostei
Creagrutus yanatili,Creagrutus,0.007,3.217,1,TL,2.5,10,Stevardiidae,Characiformes,Teleostei
Pseudophoxinus fahrettini,Pseudophoxinus,0.0037,3.0056,2,FL,5.3,28.1,Leuciscidae,Cypriniformes,Teleostei
Pseudophoxinus evliyae,Pseudophoxinus,0.0185,3.0295,2,SL,3.1,8.4,Leuciscidae,Cypriniformes,Teleostei
Badis dibruensis,Badis,0.0315,2.56,1,TL,2.77,5,Badidae,Anabantiformes,Teleostei
Clupeonella caspia,Clupeonella,0.0109,2.756,1,TL,8.73,14.87,Ehiravidae,Clupeiformes,Teleostei
Cobitis narentana,Cobitis,0.00879,2.8,3,TL,5.5,10.2,Cobitidae,Cypriniformes,Teleostei
Scardinius hesperidicus,Scardinius,0.008,3.206,2,TL,3.4,38.3,Leuciscidae,Cypriniformes,Teleostei
Hemibrycon raqueliae,Hemibrycon,0.0204,2.9951,1,SL,2.6,7.1,Stevardiidae,Characiformes,Teleostei
Periophthalmus variabilis,Periophthalmus,0.0239,2.67,1,SL,1.83,7.02,Oxudercidae,Gobiiformes,Teleostei
Geophagus neambi,Geophagus,0.0344,3.07,5,SL,2.73,20.3,Cichlidae,Cichliformes,Teleostei
Albula esuncula,Albula,0.01,3.06,1,SL,4.01,7.67,Albulidae,Albuliformes,Teleostei
Loricaria birindellii,Loricaria,0.0034,2.92,1,TL,10.5,36.5,Loricariidae,Siluriformes,Teleostei
Halichoeres rubrovirens,Halichoeres,0.0117,3.08,1,SL,1.7,22.9,Labridae,Eupercaria/misc,Teleostei
Sparisoma rocha,Sparisoma,0.0181,3.14,1,SL,2.3,30.5,Scaridae,Eupercaria/misc,Teleostei
Hypoptopoma incognitum,Hypoptopoma,0.01599,3.115,1,SL,6.2,10.8,Loricariidae,Siluriformes,Teleostei
Proterorhinus nasalis,Proterorhinus,0.0098,2.993,1,TL,4.1,6.38,Gobiidae,Gobiiformes,Teleostei
Solea turbynei,Solea,0.0151,3.086,1,SL,1.4,10.5,Soleidae,Pleuronectiformes,Teleostei
Squalius platyceps,Squalius,0.01,3.027,1,TL,14.7,47.2,Leuciscidae,Cypriniformes,Teleostei
Moenkhausia celibela,Moenkhausia,0.0135,2.82,1,TL,2.3,4.9,Acestrorhamphidae,Characiformes,Teleostei
Batasio fluviatilis,Batasio,0.0323,2.44,1,TL,3.4,12.8,Bagridae,Siluriformes,Teleostei
Psalidodon minor,Psalidodon,0.025,3.01,3,SL,5,10.8,Acestrorhamphidae,Characiformes,Teleostei
Psalidodon dissimilis,Psalidodon,0.01485,3.26,2,SL,2.8,10.8,Acestrorhamphidae,Characiformes,Teleostei
Psalidodon bifasciatus,Psalidodon,0.0255,2.975,6,SL,1.8,12.5,Acestrorhamphidae,Characiformes,Teleostei
Panaque armbrusteri,Panaque,0.0114,3.12,1,TL,8,43,Loricariidae,Siluriformes,Teleostei
Squalus suckleyi,Squalus,0.00396,3.004,1,,,,Squalidae,Squaliformes,Elasmobranchii
Acanthopagrus pacificus,Acanthopagrus,0.023075,3.032895,2,FL,5,36,Sparidae,Eupercaria/misc,Teleostei
Pseudophoxinus hittitorum,Pseudophoxinus,0.015,3.175,1,SL,2.9,8.6,Leuciscidae,Cypriniformes,Teleostei
Schistura fasciata,Schistura,0.007,3.24,2,TL,3.29,7.23,Nemacheilidae,Cypriniformes,Teleostei
Liobagrus somjinensis,Liobagrus,0.0104,2.94,1,TL,7.1,12.1,Amblycipitidae,Siluriformes,Teleostei
Salmo lourosensis,Salmo,0.015,3.098,1,SL,6.587,31.899,Salmonidae,Salmoniformes,Teleostei
Cetoscarus ocellatus,Cetoscarus,0.0276,2.92,1,TL,18.7,48.5,Scaridae,Eupercaria/misc,Teleostei
Axoclinus storeyae,Axoclinus,0.019,2.959,1,TL,1.13,2.28,Tripterygiidae,Blenniiformes,Teleostei
Cottoperca trigloides,Cottoperca,0.007,3.201,1,TL,15,36.5,Bovichtidae,Perciformes/Notothenioidei,Teleostei
Squalius aristotelis,Squalius,0.0082,3.243,1,TL,2.5,15.7,Leuciscidae,Cypriniformes,Teleostei
Squalius cappadocicus,Squalius,0.0109,3.055,1,TL,5.5,19.2,Leuciscidae,Cypriniformes,Teleostei
Tetragonopterus anostomus,Tetragonopterus,0.0218,2.874,1,TL,6.1,12.9,Characidae,Characiformes,Teleostei
Platycephalus westraliae,Platycephalus,0.1809,2.0596,1,TL,,,Platycephalidae,Perciformes/Scorpaenoidei,Teleostei
Baryancistrus xanthellus,Baryancistrus,0.0112,3.16,1,TL,3,29.7,Loricariidae,Siluriformes,Teleostei
Baryancistrus chrysolomus,Baryancistrus,0.0094,3.16,1,TL,5,29.6,Loricariidae,Siluriformes,Teleostei
Lepidocharax burnsi,Lepidocharax,0.014,3.056,1,SL,1.3,4.4,Stevardiidae,Characiformes,Teleostei
Symphysanodon xanthopterygion,Symphysanodon,0.0194,2.13,1,SL,10.5,15,Symphysanodontidae,Acropomatiformes,Teleostei
Clupisoma yunnanense,Clupisoma,0.04155,2.68,1,SL,18,28.7,Ailiidae,Siluriformes,Teleostei
Pterygoplichthys ambrosettii,Pterygoplichthys,0.0585,2.732,4,TL,20.6,55,Loricariidae,Siluriformes,Teleostei
Hypostomus luetkeni,Hypostomus,0.039,2.81,1,SL,9,25.4,Loricariidae,Siluriformes,Teleostei
Ictalurus meridionalis,Ictalurus,0.011,3.138,1,SL,3.8,32,Ictaluridae,Siluriformes,Teleostei
Hassar gabiru,Hassar,0.0072,3.17,1,TL,12.5,28.5,Doradidae,Siluriformes,Teleostei
Leucos albus,Leucos,0.009,3.095,1,TL,8.4,19.8,Leuciscidae,Cypriniformes,Teleostei
Esox cisalpinus,Esox,0.01,2.914,3,TL,16.7,103,Esocidae,Esociformes,Teleostei
Hepsetus occidentalis,Hepsetus,0.00295,3.405,2,SL,4.4,39.6,Hepsetidae,Characiformes,Teleostei
Tor remadeviae,Tor,0.016,2.94,1,FL,40,175,Cyprinidae,Cypriniformes,Teleostei
Macrodon atricauda,Macrodon,0.00425,3.22,3,TL,5,45.5,Sciaenidae,Eupercaria/misc,Teleostei
Knipowitschia byblisia,Knipowitschia,0.0054,3.38,3,TL,1.2,3.8,Gobiidae,Gobiiformes,Teleostei
Knipowitschia caunosi,Knipowitschia,0.0064,3.34,3,TL,1.9,3.6,Gobiidae,Gobiiformes,Teleostei
Oxynoemacheilus kiabii,Oxynoemacheilus,0.00685,3.28,4,TL,1.6,7.2,Nemacheilidae,Cypriniformes,Teleostei
Cobitis faridpaki,Cobitis,0.0094,2.932,3,TL,2.7,8.74,Cobitidae,Cypriniformes,Teleostei
Parodon magdalenensis,Parodon,0.0165,3.1064,1,SL,3.8,13.2,Parodontidae,Characiformes,Teleostei
Sparisoma choati,Sparisoma,0.0175,2.95525,1,TL,24.3,50,Scaridae,Eupercaria/misc,Teleostei
Oxynoemacheilus ercisianus,Oxynoemacheilus,0.009,3.041,1,TL,2.9,7.7,Nemacheilidae,Cypriniformes,Teleostei
Cobitis keyvani,Cobitis,0.0087,2.95,5,TL,3,9.3,Cobitidae,Cypriniformes,Teleostei
Lepidocephalichthys goalparensis,Lepidocephalichthys,0.0082,2.883,3,TL,3.06,7.01,Cobitidae,Cypriniformes,Teleostei
Chlorurus spilurus,Chlorurus,0.0166,3.09,1,FL,18,48.6,Scaridae,Eupercaria/misc,Teleostei
Australoheros mattosi,Australoheros,0.026,3.332,1,SL,2.6,9.3,Cichlidae,Cichliformes,Teleostei
Satanoperca rhynchitis,Satanoperca,0.0317,2.99,1,SL,2.3,13.5,Cichlidae,Cichliformes,Teleostei
Glyptothorax granosus,Glyptothorax,0.0117,3.03,1,SL,3.5,10.8,Sisoridae,Siluriformes,Teleostei
Trisopterus capelanus,Trisopterus,0.0087,3.07805,4,TL,8.5,29,Gadidae,Gadiformes,Teleostei
Symphysodon tarzoo,Symphysodon,0.0187,3.5045,1,SL,7.51,16.3,Cichlidae,Cichliformes,Teleostei
Lamiopsis tephrodes,Lamiopsis,0.0024,3.185,1,TL,43,140,Carcharhinidae,Carcharhiniformes,Elasmobranchii
Gnatholepis caudimaculata,Gnatholepis,0.0119,2.985,1,TL,1.1,3.7,Gobiidae,Gobiiformes,Teleostei
Lepomis peltastes,Lepomis,0.0118,3.295,1,TL,2.3,14.8,Centrarchidae,Centrarchiformes,Teleostei
Ossancora asterophysa,Ossancora,0.0148,2.95,1,TL,7.4,16.8,Doradidae,Siluriformes,Teleostei
Trichomycterus pirabitira,Trichomycterus,0.0125,2.99,1,SL,2.76,7.72,Trichomycteridae,Siluriformes,Teleostei
Cirrhinus mrigala,Cirrhinus,0.011115,3.066,10,TL,16,94.3,Cyprinidae,Cypriniformes,Teleostei
Gerres simillimus,Gerres,0.0134,3.115,2,SL,1.33,33,Gerreidae,Eupercaria/misc,Teleostei
Lutjanus indicus,Lutjanus,0.0217,2.859,3,TL,8.9,92,Lutjanidae,Eupercaria/misc,Teleostei
Etrumeus acuminatus,Etrumeus,0.02625,3.015,2,SL,12,25.1,Dussumieriidae,Clupeiformes,Teleostei
Etrumeus golanii,Etrumeus,0.028515,2.78885,2,TL,18,22,Dussumieriidae,Clupeiformes,Teleostei
Oxynoemacheilus mesudae,Oxynoemacheilus,0.0161,2.628,1,TL,6.6,8.9,Nemacheilidae,Cypriniformes,Teleostei
Oxynoemacheilus atili,Oxynoemacheilus,0.011,2.879,1,TL,4.3,8.3,Nemacheilidae,Cypriniformes,Teleostei
Alburnoides holciki,Alburnoides,0.00755,3.203,2,TL,4.3,12.1,Leuciscidae,Cypriniformes,Teleostei
Alburnoides manyasensis,Alburnoides,0.008,3.219,1,TL,4.4,12.7,Leuciscidae,Cypriniformes,Teleostei
Triplophysa pseudostenura,Triplophysa,0.0223,2.6,1,SL,5.3,16.4,Nemacheilidae,Cypriniformes,Teleostei
Schistura obliquofascia,Schistura,0.006,3.0325,2,TL,4.97,13.95,Nemacheilidae,Cypriniformes,Teleostei
Evynnis ehrenbergii,Evynnis,0.02405,2.855,2,,,,Sparidae,Eupercaria/misc,Teleostei
Enneanectes macrops,Enneanectes,0.0146,3,2,SL,3.6,,Tripterygiidae,Blenniiformes,Teleostei
Chelidoperca occipitalis,Chelidoperca,0.0018,3.01,1,SL,7.5,12.2,Serranidae,Perciformes/Serranoidei,Teleostei
Squalius kosswigi,Squalius,0.0104,3.1,1,TL,3.5,22.2,Leuciscidae,Cypriniformes,Teleostei
Satyrichthys laticeps,Satyrichthys,0.0057,3.0517,3,TL,7.9,40.1,Peristediidae,Perciformes/Scorpaenoidei,Teleostei
Conger marginatus,Conger,0.0012,3,1,TL,7.9,,Congridae,Anguilliformes,Teleostei
Nandus meni,Nandus,0.006,3.38,1,TL,7.9,13.5,Nandidae,Anabantiformes,Teleostei
Scoliodon macrorhynchos,Scoliodon,0.00267,3.0374,3,TL,22.3,80,Carcharhinidae,Carcharhiniformes,Elasmobranchii
Belone euxini,Belone,0.00055,3.178,1,TL,31,52,Belonidae,Beloniformes,Teleostei
Archolaemus janeae,Archolaemus,0.0021,2.89,1,TL,7.8,38.8,Sternopygidae,Gymnotiformes,Teleostei
Squalius seyhanensis,Squalius,0.01,3.078,1,TL,7.1,45.3,Leuciscidae,Cypriniformes,Teleostei
Oxynoemacheilus cyri,Oxynoemacheilus,0.007,3.199,1,TL,3.2,8.6,Nemacheilidae,Cypriniformes,Teleostei
Andinoacara blombergi,Andinoacara,0.0316,3.065,1,SL,1.92,10.74,Cichlidae,Cichliformes,Teleostei
Ancistomus feldbergae,Ancistomus,0.0114,3.04,1,TL,4.5,17,Loricariidae,Siluriformes,Teleostei
Channa andrao,Channa,0.00389,3.26,1,TL,5.3,14.2,Channidae,Anabantiformes,Teleostei
Pseudophoxinus burduricus,Pseudophoxinus,0.0079,3.29,3,TL,2.9,6.8,Leuciscidae,Cypriniformes,Teleostei
Corydoras lymnades,Corydoras,0.027,3.267,1,SL,2.1,2.9,Callichthyidae,Siluriformes,Teleostei
Trichomycterus brachykechenos,Trichomycterus,0.0145,2.789,1,SL,2.3,7,Trichomycteridae,Siluriformes,Teleostei
Psalidodon dissensus,Psalidodon,0.0117,3,2,TL,8.8,12.4,Acestrorhamphidae,Characiformes,Teleostei
Diapterus brevirostris,Diapterus,0.018,3.09,4,SL,1.7,29.2,Gerreidae,Eupercaria/misc,Teleostei
Eviota oculopiperita,Eviota,0.0141,3.016,1,TL,0.53,1.48,Gobiidae,Gobiiformes,Teleostei
Neomerinthe erostris,Neomerinthe,0.0413,2.6253,1,TL,6.6,10.9,Scorpaenidae,Perciformes/Scorpaenoidei,Teleostei
Genyatremus cavifrons,Genyatremus,0.03135,2.751,1,TL,7.3,12.6,Haemulidae,Eupercaria/misc,Teleostei
Sillago suezensis,Sillago,0.00317,3.355,1,TL,9.4,20.3,Sillaginidae,Eupercaria/misc,Teleostei
Alburnoides velioglui,Alburnoides,0.012,2.96,1,TL,3.5,10.8,Leuciscidae,Cypriniformes,Teleostei
Dentex hypselosomus,Dentex,0.008,3.328,1,TL,5.8,30.8,Sparidae,Eupercaria/misc,Teleostei
Upeneus heemstra,Upeneus,0.00421,3.202,1,TL,,,Mullidae,Mulliformes,Teleostei
Spectracanthicus zuanoni,Spectracanthicus,0.0142,3.016,1,TL,3,24,Loricariidae,Siluriformes,Teleostei
Schistura rubrimaculata,Schistura,0.006,3.168,1,TL,3.46,4.18,Nemacheilidae,Cypriniformes,Teleostei
Turcinoemacheilus bahaii,Turcinoemacheilus,0.00663,2.821,2,TL,3.605,8.307,Nemacheilidae,Cypriniformes,Teleostei
Acanthopagrus arabicus,Acanthopagrus,0.03,2.858,3,SL,9.2,41,Sparidae,Eupercaria/misc,Teleostei
Esmaeilius darabensis,Esmaeilius,0.0184,3.15,3,TL,1.63,4.64,Aphaniidae,Cyprinodontiformes,Teleostei
Acanthopagrus morrisonae,Acanthopagrus,0.02086,2.97925,2,TL,,,Sparidae,Eupercaria/misc,Teleostei
Acanthopagrus datnia,Acanthopagrus,0.021,2.955,1,TL,13.8,31.4,Sparidae,Eupercaria/misc,Teleostei
Pseudophoxinus turani,Pseudophoxinus,0.021,3.044,1,SL,2.1,6.8,Leuciscidae,Cypriniformes,Teleostei
Turcinoemacheilus hafezi,Turcinoemacheilus,0.0085,2.83,1,TL,2.8,6.1,Nemacheilidae,Cypriniformes,Teleostei
Lycengraulis figueiredoi,Lycengraulis,0.0237,2.7608,1,SL,8.6,17.1,Engraulidae,Clupeiformes,Teleostei
Hepsetus cuvieri,Hepsetus,0.001,3.653,1,TL,,,Hepsetidae,Characiformes,Teleostei
Esmaeilius shirini,Esmaeilius,0.0092,3.33,3,TL,2.25,4.57,Aphaniidae,Cyprinodontiformes,Teleostei
Aphaniops furcatus,Aphaniops,0.0098,2.95,5,TL,1.72,4.27,Aphaniidae,Cyprinodontiformes,Teleostei
Gobio gymnostethus,Gobio,0.014,2.894,1,TL,8.1,14.1,Gobionidae,Cypriniformes,Teleostei
Squalius fellowesii,Squalius,0.008,3.125,1,TL,2.5,21.5,Leuciscidae,Cypriniformes,Teleostei
Squalius pursakensis,Squalius,0.009,3.145,1,TL,4,13,Leuciscidae,Cypriniformes,Teleostei
Cobitis sibirica,Cobitis,0.00282,3.279,2,TL,3.1,14.5,Cobitidae,Cypriniformes,Teleostei
Squalius berak,Squalius,0.024,2.694,1,TL,7.1,22.1,Leuciscidae,Cypriniformes,Teleostei
Spinibarbus hollandi,Spinibarbus,0.01825,2.966,2,TL,4.6,31.6,Cyprinidae,Cypriniformes,Teleostei
Alburnus kotschyi,Alburnus,0.0083,3.057,1,TL,2,16.3,Leuciscidae,Cypriniformes,Teleostei
Garra birostris,Garra,0.0274,2.62,1,TL,5,8.9,Cyprinidae,Cypriniformes,Teleostei
Hypostomus basilisko,Hypostomus,0.0117,3.38,1,SL,1.9,13.07,Loricariidae,Siluriformes,Teleostei
Upeneus nigromarginatus,Upeneus,0.0099,3.363,1,SL,9.6,27,Mullidae,Mulliformes,Teleostei
Zacco acutipinnis,Zacco,0.00678,3.147,1,TL,4.8,13,Xenocyprididae,Cypriniformes,Teleostei
Opsariichthys minutus,Opsariichthys,0.004,3.3093,1,TL,2.01,16.92,Xenocyprididae,Cypriniformes,Teleostei
Paracobitis molavii,Paracobitis,0.0147,2.98,1,TL,7,7.13,Nemacheilidae,Cypriniformes,Teleostei
Paracobitis persa,Paracobitis,0.0091,2.83,1,TL,4.34,8.35,Nemacheilidae,Cypriniformes,Teleostei
Acanthobrama thisbeae,Acanthobrama,0.003795,3.44625,2,TL,6.3,26.05,Leuciscidae,Cypriniformes,Teleostei
Acanthobrama orontis,Acanthobrama,0.01,2.987,1,TL,7.5,17.6,Leuciscidae,Cypriniformes,Teleostei
Hoplias intermedius,Hoplias,0.005965,3.285,2,SL,14,60,Erythrinidae,Characiformes,Teleostei
Pareiorhina pelicicei,Pareiorhina,0.0201,3.13,1,SL,1.87,4.28,Loricariidae,Siluriformes,Teleostei
Ctenogobius chusanensis,Ctenogobius,0.0145,3,1,SL,5.7,7.3,Gobiidae,Gobiiformes,Teleostei
Trygonorrhina dumerilii,Trygonorrhina,0.00638,2.96,1,TL,25.1,108,Trygonorrhinidae,Rhinopristiformes,Elasmobranchii
Spatuloricaria tuira,Spatuloricaria,0.0028,2.782,1,TL,5.1,46,Loricariidae,Siluriformes,Teleostei
Anatolichthys marassantensis,Anatolichthys,0.0111,3.4,3,TL,2.39,6.6,Aphaniidae,Cyprinodontiformes,Teleostei
Paraschistura abdolii,Paraschistura,0.0112,2.524,1,TL,3.68,6.35,Nemacheilidae,Cypriniformes,Teleostei
Paraschistura aredvii,Paraschistura,0.0035,3.565,1,TL,2.37,5.22,Nemacheilidae,Cypriniformes,Teleostei
Paraschistura hormuzensis,Paraschistura,0.0056,3.182,1,TL,3.01,5.3,Nemacheilidae,Cypriniformes,Teleostei
Paraschistura naumanni,Paraschistura,0.0041,3.272,1,TL,3.08,4.97,Nemacheilidae,Cypriniformes,Teleostei
Paraschistura pasatigris,Paraschistura,0.0196,2.442,1,TL,3.68,4.87,Nemacheilidae,Cypriniformes,Teleostei
Paraschistura susiani,Paraschistura,0.0131,2.5,1,TL,3.7,4.63,Nemacheilidae,Cypriniformes,Teleostei
Paraschistura turcmenica,Paraschistura,0.00845,2.8,2,TL,2.3,5.1,Nemacheilidae,Cypriniformes,Teleostei
Ponticola iranicus,Ponticola,0.01275,3.026,4,TL,4.6,14,Gobiidae,Gobiiformes,Teleostei
Rhodeus notatus,Rhodeus,0.0038,3.76,1,TL,3.6,4.9,Acheilognathidae,Cypriniformes,Teleostei
Paracobitis atrakensis,Paracobitis,0.0121,2.74,1,TL,4.93,13.07,Nemacheilidae,Cypriniformes,Teleostei
Cobitis avicennae,Cobitis,0.0084,3.042,1,TL,7,10.9,Cobitidae,Cypriniformes,Teleostei
Alburnoides tabarestanensis,Alburnoides,0.0151,3.09,3,TL,5.58,7.01,Leuciscidae,Cypriniformes,Teleostei
Alburnoides parhami,Alburnoides,0.0054,3.37,1,TL,5.07,8.01,Leuciscidae,Cypriniformes,Teleostei
Alburnoides samiii,Alburnoides,0.0079,3.155,5,TL,4.5,11.2,Leuciscidae,Cypriniformes,Teleostei
Brachypterois curvispina,Brachypterois,0.0793,2.2575,1,TL,8.2,12.6,Scorpaenidae,Perciformes/Scorpaenoidei,Teleostei
Paracobitis hircanica,Paracobitis,0.024,2.77,1,TL,7.33,10.51,Nemacheilidae,Cypriniformes,Teleostei
Tometes kranponhah,Tometes,0.0245,2.911,1,TL,3.3,48,Serrasalmidae,Characiformes,Teleostei
Tometes ancylorhynchus,Tometes,0.0122,3.118,1,TL,9,39.5,Serrasalmidae,Characiformes,Teleostei
Capoeta coadi,Capoeta,0.0183,2.801,1,TL,5.7,18,Cyprinidae,Cypriniformes,Teleostei
Paracapoeta mandica,Paracapoeta,0.0267,2.676,1,TL,7.1,20.8,Cyprinidae,Cypriniformes,Teleostei
Capoeta saadii,Capoeta,0.0179,2.798,1,TL,10.3,17.5,Cyprinidae,Cypriniformes,Teleostei
Rhamdia guatemalensis,Rhamdia,0.0152,3.009,1,SL,5.5,25.1,Heptapteridae,Siluriformes,Teleostei
Stegastes xanthurus,Stegastes,0.0324,2.836,1,FL,1.2,7.4,Pomacentridae,Ovalentaria/misc,Teleostei
Gobius incognitus,Gobius,0.0092,3.053,2,TL,3.4,9.2,Gobiidae,Gobiiformes,Teleostei
Pempheris rhomboidea,Pempheris,0.02068,2.8775,1,TL,11.6,17.6,Pempheridae,Acropomatiformes,Teleostei
Xenocharax crassus,Xenocharax,0.0255,3.088,1,SL,3.9,18.6,Distichodontidae,Characiformes,Teleostei
Pseudancistrus asurini,Pseudancistrus,0.0079,3.098,1,TL,3,25.1,Loricariidae,Siluriformes,Teleostei
Coreoleuciscus aeruginos,Coreoleuciscus,0.0081,3.36,1,TL,7.5,13.2,Gobionidae,Cypriniformes,Teleostei
Hepsetus microlepis,Hepsetus,0.0093,3.159,1,SL,8.6,30.5,Hepsetidae,Characiformes,Teleostei
Tympanopleura rondoni,Tympanopleura,0.0058,3.4514,1,SL,8.5,17.4,Auchenipteridae,Siluriformes,Teleostei
Hisonotus vespuccii,Hisonotus,0.021,2.868,1,SL,1.8,3.1,Loricariidae,Siluriformes,Teleostei
Systomus orphoides,Systomus,0.01777,2.9255,2,TL,4,21,Cyprinidae,Cypriniformes,Teleostei
Alburnus timarensis,Alburnus,0.014,2.818,1,TL,12.7,18.2,Leuciscidae,Cypriniformes,Teleostei
Micropercops swinhonis,Micropercops,0.0103,3.01,5,TL,1.4,6.2,Odontobutidae,Gobiiformes,Teleostei
Chimaera carophila,Chimaera,0.0374,2.52,3,OT,35,103,Chimaeridae,Chimaeriformes,Holocephali
Diplodus levantinus,Diplodus,0.0166,2.9949,1,TL,10,26.2,Sparidae,Eupercaria/misc,Teleostei
Garra amirhosseini,Garra,0.0065,3.28,1,TL,3.6,6.8,Cyprinidae,Cypriniformes,Teleostei
Peprilus crenulatus,Peprilus,0.03968,2.7745,2,TL,3.5,22,Stromateidae,Scombriformes,Teleostei
Chondrostoma ceyhanense,Chondrostoma,0.013,2.854,1,TL,4.1,25.9,Leuciscidae,Cypriniformes,Teleostei
Oxynoemacheilus euphraticus,Oxynoemacheilus,0.0071,2.9635,2,TL,2.8,9.3,Nemacheilidae,Cypriniformes,Teleostei
Oxynoemacheilus hazarensis,Oxynoemacheilus,0.011,2.889,1,TL,4.1,7.2,Nemacheilidae,Cypriniformes,Teleostei
Capoeta ferdowsii,Capoeta,0.0134,2.865,1,TL,3.8,7,Cyprinidae,Cypriniformes,Teleostei
Capoeta pyragyi,Capoeta,0.013,2.932,1,TL,5.8,19,Cyprinidae,Cypriniformes,Teleostei
Capoeta shajariani,Capoeta,0.0106,2.937,1,TL,9,13.1,Cyprinidae,Cypriniformes,Teleostei
Capoeta razii,Capoeta,0.0092,3.102,1,TL,8.9,20.1,Cyprinidae,Cypriniformes,Teleostei
Pethia sanjaymoluri,Pethia,0.0075,3.327,1,TL,3.3,6.4,Cyprinidae,Cypriniformes,Teleostei
Pseudophoxinus mehmeti,Pseudophoxinus,0.011,3.326,1,SL,4.9,7.3,Leuciscidae,Cypriniformes,Teleostei
Channa pseudomarulius,Channa,0.0079,2.896,1,TL,19.8,57.8,Channidae,Anabantiformes,Teleostei
Lutjanus xanthopinnis,Lutjanus,0.03135,2.77425,2,TL,15.2,24.9,Lutjanidae,Eupercaria/misc,Teleostei
Oxynoemacheilus ciceki,Oxynoemacheilus,0.005,3.129,1,TL,4.3,7.5,Nemacheilidae,Cypriniformes,Teleostei
Leporinus torrenticola,Leporinus,0.0106,3.024,1,TL,9,14.5,Anostomidae,Characiformes,Teleostei
Acanthurus bahianus,Acanthurus,0.026,2.87,1,TL,3.6,12.8,Acanthuridae,Acanthuriformes,Teleostei
Garra mondica,Garra,0.012,2.87,1,TL,5,6.8,Cyprinidae,Cypriniformes,Teleostei
Koumansetta hoesei,Koumansetta,0.0101,2.94,1,TL,1.47,3.76,Gobiidae,Gobiiformes,Teleostei
Scolopsis meridiana,Scolopsis,0.0407,2.832,1,FL,9.5,24,Nemipteridae,Eupercaria/misc,Teleostei
Halichoeres kneri,Halichoeres,0.0139,3,2,SL,6.8,,Labridae,Eupercaria/misc,Teleostei
Monochirus atlanticus,Monochirus,0.01439,3.16,1,TL,2.6,11.6,Soleidae,Pleuronectiformes,Teleostei
Iranocichla persa,Iranocichla,0.019,2.81,1,TL,3.3,7.28,Cichlidae,Cichliformes,Teleostei
Pseudacanthicus pirarara,Pseudacanthicus,0.0049,3.257,1,TL,7.2,40.5,Loricariidae,Siluriformes,Teleostei
Bathypterois mediterraneus,Bathypterois,0.0316,2.375,1,SL,,,Ipnopidae,Aulopiformes,Teleostei
Platydoras birindellii,Platydoras,0.0257,2.749,1,TL,5.5,18.2,Doradidae,Siluriformes,Teleostei
Garra tibetana,Garra,0.033135,2.675,2,SL,,,Cyprinidae,Cypriniformes,Teleostei
Schizopygopsis selincuoensis,Schizopygopsis,0.000345,2.4685,2,SL,,,Cyprinidae,Cypriniformes,Teleostei
Gymnogeophagus terrapurpura,Gymnogeophagus,0.032,3.12,1,SL,2.5,8,Cichlidae,Cichliformes,Teleostei
Teleocichla preta,Teleocichla,0.0095,3.004,1,TL,6.8,24.5,Cichlidae,Cichliformes,Teleostei
Microcanthus joyceae,Microcanthus,0.05255,2.81831,1,FL,9.2,15,Microcanthidae,Centrarchiformes,Teleostei
Tetragonopterus franciscoensis,Tetragonopterus,0.064,2.732,1,SL,2.3,11.7,Characidae,Characiformes,Teleostei
Spicara flexuosum,Spicara,0.0108,3.01,17,TL,6.5,23.2,Sparidae,Eupercaria/misc,Teleostei
Bleekeria murtii,Bleekeria,0.0036,3.04075,2,TL,10.4,16,Ammodytidae,Perciformes/Uranoscopoidei,Teleostei
Argyrops notialis,Argyrops,0.04318,2.8046,2,TL,,,Sparidae,Eupercaria/misc,Teleostei
Trachinocephalus trachinus,Trachinocephalus,0.057,3.32,1,TL,14.21,31.74,Synodontidae,Aulopiformes,Teleostei
Chromis norfolkensis,Chromis,0.01647,3.294685,2,FL,4.5,9,Pomacentridae,Ovalentaria/misc,Teleostei
Oxynoemacheilus cilicicus,Oxynoemacheilus,0.006,3.274,1,TL,3.4,9.9,Nemacheilidae,Cypriniformes,Teleostei
Trichiurus japonicus,Trichiurus,0.000195,3.337,2,TL,,,Trichiuridae,Scombriformes,Teleostei
Aphaniops stoliczkanus,Aphaniops,0.0093,3.358,5,TL,1.88,5.006,Aphaniidae,Cyprinodontiformes,Teleostei
Aphaniops hormuzensis,Aphaniops,0.0092,3.371,2,TL,2.12,5.21,Aphaniidae,Cyprinodontiformes,Teleostei
Eviota marerubrum,Eviota,0.0071,3.58,1,TL,1.14,1.8,Gobiidae,Gobiiformes,Teleostei
Dussumieria albulina,Dussumieria,0.0106,3,3,,,,Dussumieriidae,Clupeiformes,Teleostei
Pareiorhina rosai,Pareiorhina,0.028,2.852,1,SL,1.5,5.1,Loricariidae,Siluriformes,Teleostei
Hexanchus vitulus,Hexanchus,0.0038,3.11,1,TL,,230,Hexanchidae,Hexanchiformes,Elasmobranchii
Hypostomus velhochico,Hypostomus,0.02,3.104,1,SL,4.5,12.5,Loricariidae,Siluriformes,Teleostei
Capoeta heratensis,Capoeta,0.0096,3.081,1,TL,4.7,21.5,Cyprinidae,Cypriniformes,Teleostei
Acropoma splendens,Acropoma,0.0104,3.02,1,TL,7.8,15.8,Acropomatidae,Acropomatiformes,Teleostei
Gaidropsarus mauritanicus,Gaidropsarus,0.00584,3,2,SL,6.249,,Gaidropsaridae,Gadiformes,Teleostei
Argolebias adrianae,Argolebias,0.03395,2.5395,1,SL,1.75,3.14,Rivulidae,Cyprinodontiformes,Teleostei
Ophiocara ophicephalus,Ophiocara,0.0102,2.854,1,TL,18,27,Butidae,Gobiiformes,Teleostei
