"source_file","dataset","study","obstype","methods_all","pred_order","pred_family","pred_genus","pred_species","pred_mass_g","prey_class","prey_order","prey_species","prey_id_level","prey_mass_g","count","percent","country","lat","lon","year"
"new_RaptorDiets.csv",218,"Mikkola and Tornberg 2014","Stomach","Stomach","Strigiformes","Strigidae","Bubo","Bubo bubo",NA,"Mammalia","Rodentia","Micromys minutus","Species",NA,183,NA,"Finland",65,25.46,"1968.5"
"new_RaptorDiets.csv",218,"Mikkola and Tornberg 2014","Stomach","Stomach","Strigiformes","Strigidae","Bubo","Bubo bubo",NA,"Mammalia","Rodentia","Clethrionomys glareolus","Species",NA,33,NA,"Finland",65,25.46,"1968.5"
"new_RaptorDiets.csv",218,"Mikkola and Tornberg 2014","Stomach","Stomach","Strigiformes","Strigidae","Bubo","Bubo bubo",NA,"Aves","Passeriformes","Passeriformes","Order",NA,6,NA,"Finland",65,25.46,"1968.5"
"new_RaptorDiets.csv",218,"Mikkola and Tornberg 2014","Stomach","Stomach","Strigiformes","Strigidae","Bubo","Bubo bubo",NA,"Mammalia","Rodentia","Cricetidae","Family",NA,6,NA,"Finland",65,25.46,"1968.5"
"new_RaptorDiets.csv",218,"Mikkola and Tornberg 2014","Stomach","Stomach","Strigiformes","Strigidae","Bubo","Bubo bubo",NA,"Mammalia","Rodentia","Microtus agrestis","Species",NA,222,NA,"Finland",65,25.46,"1968.5"
"new_RaptorDiets.csv",218,"Mikkola and Tornberg 2014","Stomach","Stomach","Strigiformes","Strigidae","Bubo","Bubo bubo",NA,"Mammalia","Rodentia","Arvicola amphibius","Species",NA,17,NA,"Finland",65,25.46,"1968.5"
"new_RaptorDiets.csv",218,"Mikkola and Tornberg 2014","Stomach","Stomach","Strigiformes","Strigidae","Bubo","Bubo bubo",NA,"Mammalia","Rodentia","Rattus norvegicus","Species",NA,94,NA,"Finland",65,25.46,"1968.5"
"new_RaptorDiets.csv",218,"Mikkola and Tornberg 2014","Stomach","Stomach","Strigiformes","Strigidae","Bubo","Bubo bubo",NA,"Mammalia","Rodentia","Sciurus vulgaris","Species",NA,28,NA,"Finland",65,25.46,"1968.5"
"new_RaptorDiets.csv",218,"Mikkola and Tornberg 2014","Stomach","Stomach","Strigiformes","Strigidae","Bubo","Bubo bubo",NA,"Mammalia","Eulipotyphla","Erinaceus europaeus","Species",NA,33,NA,"Finland",65,25.46,"1968.5"
"new_RaptorDiets.csv",218,"Mikkola and Tornberg 2014","Stomach","Stomach","Strigiformes","Strigidae","Bubo","Bubo bubo",NA,"Mammalia","Rodentia","Ondatra zibethicus","Species",NA,6,NA,"Finland",65,25.46,"1968.5"
"new_RaptorDiets.csv",218,"Mikkola and Tornberg 2014","Stomach","Stomach","Strigiformes","Strigidae","Bubo","Bubo bubo",NA,"Mammalia","Lagomorpha","Lepus timidus","Species",NA,39,NA,"Finland",65,25.46,"1968.5"
"new_RaptorDiets.csv",218,"Mikkola and Tornberg 2014","Stomach","Stomach","Strigiformes","Strigidae","Bubo","Bubo bubo",NA,"Aves","","Aves","Class",NA,118,NA,"Finland",65,25.46,"1968.5"
"new_RaptorDiets.csv",218,"Mikkola and Tornberg 2014","Stomach","Stomach","Strigiformes","Strigidae","Bubo","Bubo bubo",NA,"Amphibia","Anura","Rana sp","Genus",NA,11,NA,"Finland",65,25.46,"1968.5"
"new_RaptorDiets.csv",263,"Sealy 1999","Stomach","Stomach+Pellet+PreyRemains+Follow","Strigiformes","Strigidae","Aegolius","Aegolius acadicus",NA,"Mammalia","Eulipotyphla","Sorex monticolus","Species",NA,4,NA,"Canada",53.32,-132.15,"1993.5"
"new_RaptorDiets.csv",263,"Sealy 1999","Stomach","Stomach+Pellet+PreyRemains+Follow","Strigiformes","Strigidae","Aegolius","Aegolius acadicus",NA,"Mammalia","Rodentia","Peromyscus maniculatus","Species",NA,3,NA,"Canada",53.32,-132.15,"1993.5"
"new_RaptorDiets.csv",263,"Sealy 1999","Stomach","Stomach+Pellet+PreyRemains+Follow","Strigiformes","Strigidae","Aegolius","Aegolius acadicus",NA,"Aves","Charadriiformes","Synthliboramphus antiquus","Species",NA,3,NA,"Canada",53.32,-132.15,"1993.5"
"new_RaptorDiets.csv",263,"Sealy 1999","Stomach","Stomach+Pellet+PreyRemains+Follow","Strigiformes","Strigidae","Aegolius","Aegolius acadicus",NA,"Aves","Passeriformes","Poecile rufescens","Species",NA,1,NA,"Canada",53.32,-132.15,"1993.5"
"new_RaptorDiets.csv",263,"Sealy 1999","Stomach","Stomach+Pellet+PreyRemains+Follow","Strigiformes","Strigidae","Aegolius","Aegolius acadicus",NA,"Aves","Passeriformes","Regulus satrapa","Species",NA,1,NA,"Canada",53.32,-132.15,"1993.5"
"new_RaptorDiets.csv",263,"Sealy 1999","Stomach","Stomach+Pellet+PreyRemains+Follow","Strigiformes","Strigidae","Aegolius","Aegolius acadicus",NA,"Aves","Passeriformes","Catharus guttatus","Species",NA,1,NA,"Canada",53.32,-132.15,"1993.5"
"new_RaptorDiets.csv",263,"Sealy 1999","Stomach","Stomach+Pellet+PreyRemains+Follow","Strigiformes","Strigidae","Aegolius","Aegolius acadicus",NA,"Aves","","Aves","Class",NA,2,NA,"Canada",53.32,-132.15,"1993.5"
"new_RaptorDiets.csv",263,"Sealy 1999","Stomach","Stomach+Pellet+PreyRemains+Follow","Strigiformes","Strigidae","Aegolius","Aegolius acadicus",NA,"Amphibia","Anura","Anaxyrus boreas","Species",NA,1,NA,"Canada",53.32,-132.15,"1993.5"
"new_RaptorDiets.csv",263,"Sealy 1999","Stomach","Stomach+Pellet+PreyRemains+Follow","Strigiformes","Strigidae","Aegolius","Aegolius acadicus",NA,"Insecta","Diptera","Diptera","Order",NA,3,NA,"Canada",53.32,-132.15,"1993.5"
"new_RaptorDiets.csv",263,"Sealy 1999","Stomach","Stomach+Pellet+PreyRemains+Follow","Strigiformes","Strigidae","Aegolius","Aegolius acadicus",NA,"Insecta","","Insecta","Class",NA,4,NA,"Canada",53.32,-132.15,"1993.5"
"new_RaptorDiets.csv",263,"Sealy 1999","Stomach","Stomach+Pellet+PreyRemains+Follow","Strigiformes","Strigidae","Aegolius","Aegolius acadicus",NA,"Malacostraca","Amphipoda","Orchestria traskiana","Species",NA,19,NA,"Canada",53.32,-132.15,"1993.5"
"new_RaptorDiets.csv",263,"Sealy 1999","Stomach","Stomach+Pellet+PreyRemains+Follow","Strigiformes","Strigidae","Aegolius","Aegolius acadicus",NA,"Arachnida","Araneae","Anyphaena sp","Genus",NA,1,NA,"Canada",53.32,-132.15,"1993.5"
"new_RaptorDiets.csv",265,"Errington 1932","Stomach","Stomach+Pellet","Strigiformes","Strigidae","Megascops","Megascops asio",NA,"Mammalia","Rodentia","Rattus norvegicus","Species",NA,1,NA,"USA",42.73,-89.31,"1930"
"new_RaptorDiets.csv",265,"Errington 1932","Stomach","Stomach+Pellet","Strigiformes","Strigidae","Megascops","Megascops asio",NA,"Mammalia","Rodentia","Microtus pennsylvanicus","Species",NA,49,NA,"USA",42.73,-89.31,"1930"
"new_RaptorDiets.csv",265,"Errington 1932","Stomach","Stomach+Pellet","Strigiformes","Strigidae","Megascops","Megascops asio",NA,"Mammalia","Rodentia","Peromyscus maniculatus","Species",NA,37,NA,"USA",42.73,-89.31,"1930"
"new_RaptorDiets.csv",265,"Errington 1932","Stomach","Stomach+Pellet","Strigiformes","Strigidae","Megascops","Megascops asio",NA,"Mammalia","Eulipotyphla","Sorex sp","Genus",NA,7,NA,"USA",42.73,-89.31,"1930"
"new_RaptorDiets.csv",265,"Errington 1932","Stomach","Stomach+Pellet","Strigiformes","Strigidae","Megascops","Megascops asio",NA,"Aves","Passeriformes","Passeriformes","Order",NA,36,NA,"USA",42.73,-89.31,"1930"
"new_RaptorDiets.csv",265,"Errington 1932","Stomach","Stomach+Pellet","Strigiformes","Strigidae","Megascops","Megascops asio",NA,"Osteichthyes","","Osteichthyes","Superclass",NA,4,NA,"USA",42.73,-89.31,"1930"
"new_RaptorDiets.csv",265,"Errington 1932","Stomach","Stomach+Pellet","Strigiformes","Strigidae","Megascops","Megascops asio",NA,"Malacostraca","Decapoda","Decapoda","Order",NA,3,NA,"USA",42.73,-89.31,"1930"
"new_RaptorDiets.csv",266,"Errington 1932","Stomach","Stomach+Pellet","Strigiformes","Strigidae","Asio","Asio flammeus",NA,"Mammalia","Rodentia","Microtus pennsylvanicus","Species",NA,68,NA,"USA",42.73,-89.31,"1929.5"
"new_RaptorDiets.csv",266,"Errington 1932","Stomach","Stomach+Pellet","Strigiformes","Strigidae","Asio","Asio flammeus",NA,"Mammalia","Rodentia","Peromyscus maniculatus","Species",NA,115,NA,"USA",42.73,-89.31,"1929.5"
"new_RaptorDiets.csv",266,"Errington 1932","Stomach","Stomach+Pellet","Strigiformes","Strigidae","Asio","Asio flammeus",NA,"Aves","Passeriformes","Plectrophenax nivalis","Species",NA,1,NA,"USA",42.73,-89.31,"1929.5"
"new_RaptorDiets.csv",266,"Errington 1932","Stomach","Stomach+Pellet","Strigiformes","Strigidae","Asio","Asio flammeus",NA,"Aves","Passeriformes","Sturnella sp","Genus",NA,1,NA,"USA",42.73,-89.31,"1929.5"
"new_RaptorDiets.csv",267,"Errington 1932","Stomach","Stomach+Pellet+PreyRemains","Strigiformes","Strigidae","Asio","Asio otus",NA,"Mammalia","Lagomorpha","Sylvilagus floridanus","Species",NA,1,NA,"USA",42.73,-89.31,"1929.5"
"new_RaptorDiets.csv",267,"Errington 1932","Stomach","Stomach+Pellet+PreyRemains","Strigiformes","Strigidae","Asio","Asio otus",NA,"Mammalia","Rodentia","Rattus norvegicus","Species",NA,3,NA,"USA",42.73,-89.31,"1929.5"
"new_RaptorDiets.csv",267,"Errington 1932","Stomach","Stomach+Pellet+PreyRemains","Strigiformes","Strigidae","Asio","Asio otus",NA,"Mammalia","Rodentia","Microtus pennsylvanicus","Species",NA,2732,NA,"USA",42.73,-89.31,"1929.5"
"new_RaptorDiets.csv",267,"Errington 1932","Stomach","Stomach+Pellet+PreyRemains","Strigiformes","Strigidae","Asio","Asio otus",NA,"Mammalia","Rodentia","Peromyscus maniculatus","Species",NA,497,NA,"USA",42.73,-89.31,"1929.5"
"new_RaptorDiets.csv",267,"Errington 1932","Stomach","Stomach+Pellet+PreyRemains","Strigiformes","Strigidae","Asio","Asio otus",NA,"Mammalia","Eulipotyphla","Sorex sp","Genus",NA,14,NA,"USA",42.73,-89.31,"1929.5"
"new_RaptorDiets.csv",267,"Errington 1932","Stomach","Stomach+Pellet+PreyRemains","Strigiformes","Strigidae","Asio","Asio otus",NA,"Aves","Passeriformes","Passeriformes","Order",NA,26,NA,"USA",42.73,-89.31,"1929.5"
"new_RaptorDiets.csv",429,"Mikkola et al 2013","Stomach","Stomach","Strigiformes","Strigidae","Strix","Strix nebulosa",NA,"Arthropoda","","Arthropoda","Phylum",NA,1,NA,"USA",46,-92,"2004.5"
"new_RaptorDiets.csv",429,"Mikkola et al 2013","Stomach","Stomach","Strigiformes","Strigidae","Strix","Strix nebulosa",NA,"Mammalia","Eulipotyphla","Sorex cinereus","Species",NA,36,NA,"USA",46,-92,"2004.5"
"new_RaptorDiets.csv",429,"Mikkola et al 2013","Stomach","Stomach","Strigiformes","Strigidae","Strix","Strix nebulosa",NA,"Mammalia","Eulipotyphla","Sorex arcticus","Species",NA,28,NA,"USA",46,-92,"2004.5"
"new_RaptorDiets.csv",429,"Mikkola et al 2013","Stomach","Stomach","Strigiformes","Strigidae","Strix","Strix nebulosa",NA,"Aves","","Aves","Class",NA,3,NA,"USA",46,-92,"2004.5"
"new_RaptorDiets.csv",429,"Mikkola et al 2013","Stomach","Stomach","Strigiformes","Strigidae","Strix","Strix nebulosa",NA,"Mammalia","Rodentia","Peromyscus maniculatus","Species",NA,3,NA,"USA",46,-92,"2004.5"
"new_RaptorDiets.csv",429,"Mikkola et al 2013","Stomach","Stomach","Strigiformes","Strigidae","Strix","Strix nebulosa",NA,"Mammalia","Eulipotyphla","Blarina brevicauda","Species",NA,26,NA,"USA",46,-92,"2004.5"
"new_RaptorDiets.csv",429,"Mikkola et al 2013","Stomach","Stomach","Strigiformes","Strigidae","Strix","Strix nebulosa",NA,"Mammalia","Rodentia","Myodes gapperi","Species",NA,11,NA,"USA",46,-92,"2004.5"
"new_RaptorDiets.csv",429,"Mikkola et al 2013","Stomach","Stomach","Strigiformes","Strigidae","Strix","Strix nebulosa",NA,"Mammalia","Rodentia","Synaptomys cooperi","Species",NA,5,NA,"USA",46,-92,"2004.5"
"new_RaptorDiets.csv",429,"Mikkola et al 2013","Stomach","Stomach","Strigiformes","Strigidae","Strix","Strix nebulosa",NA,"Mammalia","Rodentia","Microtus pennsylvanicus","Species",NA,608,NA,"USA",46,-92,"2004.5"
"new_RaptorDiets.csv",429,"Mikkola et al 2013","Stomach","Stomach","Strigiformes","Strigidae","Strix","Strix nebulosa",NA,"Amphibia","Anura","Rana sp","Genus",NA,4,NA,"USA",46,-92,"2004.5"
"new_RaptorDiets.csv",429,"Mikkola et al 2013","Stomach","Stomach","Strigiformes","Strigidae","Strix","Strix nebulosa",NA,"Mammalia","Eulipotyphla","Condylura cristata","Species",NA,4,NA,"USA",46,-92,"2004.5"
"new_RaptorDiets.csv",429,"Mikkola et al 2013","Stomach","Stomach","Strigiformes","Strigidae","Strix","Strix nebulosa",NA,"Mammalia","Rodentia","Tamiasciurus hudsonicus","Species",NA,1,NA,"USA",46,-92,"2004.5"
"new_RaptorDiets.csv",429,"Mikkola et al 2013","Stomach","Stomach","Strigiformes","Strigidae","Strix","Strix nebulosa",NA,"Mammalia","Carnivora","Mustela frenata","Species",NA,1,NA,"USA",46,-92,"2004.5"
"new_RaptorDiets.csv",429,"Mikkola et al 2013","Stomach","Stomach","Strigiformes","Strigidae","Strix","Strix nebulosa",NA,"Mammalia","Carnivora","Mustela erminea","Species",NA,1,NA,"USA",46,-92,"2004.5"
"new_RaptorDiets.csv",430,"Mikkola et al 2013","Stomach","Stomach","Strigiformes","Strigidae","Strix","Strix nebulosa",NA,"Arthropoda","","Arthropoda","Phylum",NA,1,NA,"USA",46,-92,"2004.5"
"new_RaptorDiets.csv",430,"Mikkola et al 2013","Stomach","Stomach","Strigiformes","Strigidae","Strix","Strix nebulosa",NA,"Mammalia","Eulipotyphla","Sorex cinereus","Species",NA,42,NA,"USA",46,-92,"2004.5"
"new_RaptorDiets.csv",430,"Mikkola et al 2013","Stomach","Stomach","Strigiformes","Strigidae","Strix","Strix nebulosa",NA,"Mammalia","Eulipotyphla","Sorex arcticus","Species",NA,31,NA,"USA",46,-92,"2004.5"
"new_RaptorDiets.csv",430,"Mikkola et al 2013","Stomach","Stomach","Strigiformes","Strigidae","Strix","Strix nebulosa",NA,"Mammalia","Rodentia","Peromyscus maniculatus","Species",NA,11,NA,"USA",46,-92,"2004.5"
"new_RaptorDiets.csv",430,"Mikkola et al 2013","Stomach","Stomach","Strigiformes","Strigidae","Strix","Strix nebulosa",NA,"Mammalia","Eulipotyphla","Blarina brevicauda","Species",NA,15,NA,"USA",46,-92,"2004.5"
"new_RaptorDiets.csv",430,"Mikkola et al 2013","Stomach","Stomach","Strigiformes","Strigidae","Strix","Strix nebulosa",NA,"Mammalia","Rodentia","Myodes gapperi","Species",NA,20,NA,"USA",46,-92,"2004.5"
"new_RaptorDiets.csv",430,"Mikkola et al 2013","Stomach","Stomach","Strigiformes","Strigidae","Strix","Strix nebulosa",NA,"Mammalia","Rodentia","Synaptomys cooperi","Species",NA,4,NA,"USA",46,-92,"2004.5"
"new_RaptorDiets.csv",430,"Mikkola et al 2013","Stomach","Stomach","Strigiformes","Strigidae","Strix","Strix nebulosa",NA,"Mammalia","Rodentia","Microtus pennsylvanicus","Species",NA,350,NA,"USA",46,-92,"2004.5"
"new_RaptorDiets.csv",430,"Mikkola et al 2013","Stomach","Stomach","Strigiformes","Strigidae","Strix","Strix nebulosa",NA,"Amphibia","Anura","Rana sp","Genus",NA,1,NA,"USA",46,-92,"2004.5"
"new_RaptorDiets.csv",430,"Mikkola et al 2013","Stomach","Stomach","Strigiformes","Strigidae","Strix","Strix nebulosa",NA,"Mammalia","Eulipotyphla","Condylura cristata","Species",NA,2,NA,"USA",46,-92,"2004.5"
"new_RaptorDiets.csv",430,"Mikkola et al 2013","Stomach","Stomach","Strigiformes","Strigidae","Strix","Strix nebulosa",NA,"Mammalia","Eulipotyphla","Scalopus aquaticus","Species",NA,1,NA,"USA",46,-92,"2004.5"
"new_RaptorDiets.csv",431,"Mikkola et al 2013","Stomach","Stomach","Strigiformes","Strigidae","Strix","Strix nebulosa",NA,"Mammalia","Eulipotyphla","Sorex minutissimus","Species",NA,1,NA,"Finland",65,27,"1966"
"new_RaptorDiets.csv",431,"Mikkola et al 2013","Stomach","Stomach","Strigiformes","Strigidae","Strix","Strix nebulosa",NA,"Mammalia","Eulipotyphla","Sorex minutus","Species",NA,1,NA,"Finland",65,27,"1966"
"new_RaptorDiets.csv",431,"Mikkola et al 2013","Stomach","Stomach","Strigiformes","Strigidae","Strix","Strix nebulosa",NA,"Mammalia","Eulipotyphla","Sorex caecutiens","Species",NA,1,NA,"Finland",65,27,"1966"
"new_RaptorDiets.csv",431,"Mikkola et al 2013","Stomach","Stomach","Strigiformes","Strigidae","Strix","Strix nebulosa",NA,"Mammalia","Eulipotyphla","Sorex sp","Genus",NA,10,NA,"Finland",65,27,"1966"
"new_RaptorDiets.csv",431,"Mikkola et al 2013","Stomach","Stomach","Strigiformes","Strigidae","Strix","Strix nebulosa",NA,"Mammalia","Eulipotyphla","Sorex araneus","Species",NA,48,NA,"Finland",65,27,"1966"
"new_RaptorDiets.csv",431,"Mikkola et al 2013","Stomach","Stomach","Strigiformes","Strigidae","Strix","Strix nebulosa",NA,"Mammalia","Eulipotyphla","Sorex isodon","Species",NA,1,NA,"Finland",65,27,"1966"
"new_RaptorDiets.csv",431,"Mikkola et al 2013","Stomach","Stomach","Strigiformes","Strigidae","Strix","Strix nebulosa",NA,"Mammalia","Eulipotyphla","Neomys fodiens","Species",NA,1,NA,"Finland",65,27,"1966"
"new_RaptorDiets.csv",431,"Mikkola et al 2013","Stomach","Stomach","Strigiformes","Strigidae","Strix","Strix nebulosa",NA,"Aves","","Aves","Class",NA,1,NA,"Finland",65,27,"1966"
"new_RaptorDiets.csv",431,"Mikkola et al 2013","Stomach","Stomach","Strigiformes","Strigidae","Strix","Strix nebulosa",NA,"Mammalia","Rodentia","Mus musculus","Species",NA,1,NA,"Finland",65,27,"1966"
"new_RaptorDiets.csv",431,"Mikkola et al 2013","Stomach","Stomach","Strigiformes","Strigidae","Strix","Strix nebulosa",NA,"Mammalia","Rodentia","Clethrionomys glareolus","Species",NA,22,NA,"Finland",65,27,"1966"
"new_RaptorDiets.csv",431,"Mikkola et al 2013","Stomach","Stomach","Strigiformes","Strigidae","Strix","Strix nebulosa",NA,"Mammalia","Rodentia","Myopus schisticolor","Species",NA,1,NA,"Finland",65,27,"1966"
"new_RaptorDiets.csv",431,"Mikkola et al 2013","Stomach","Stomach","Strigiformes","Strigidae","Strix","Strix nebulosa",NA,"Mammalia","Rodentia","Myodes rufocanus","Species",NA,4,NA,"Finland",65,27,"1966"
"new_RaptorDiets.csv",431,"Mikkola et al 2013","Stomach","Stomach","Strigiformes","Strigidae","Strix","Strix nebulosa",NA,"Mammalia","Rodentia","Cricetidae","Family",NA,3,NA,"Finland",65,27,"1966"
"new_RaptorDiets.csv",431,"Mikkola et al 2013","Stomach","Stomach","Strigiformes","Strigidae","Strix","Strix nebulosa",NA,"Mammalia","Rodentia","Microtus agrestis","Species",NA,48,NA,"Finland",65,27,"1966"
"new_RaptorDiets.csv",431,"Mikkola et al 2013","Stomach","Stomach","Strigiformes","Strigidae","Strix","Strix nebulosa",NA,"Mammalia","Rodentia","Microtus oeconomus","Species",NA,27,NA,"Finland",65,27,"1966"
"new_RaptorDiets.csv",431,"Mikkola et al 2013","Stomach","Stomach","Strigiformes","Strigidae","Strix","Strix nebulosa",NA,"Aves","Passeriformes","Turdus pilaris","Species",NA,2,NA,"Finland",65,27,"1966"
"new_RaptorDiets.csv",431,"Mikkola et al 2013","Stomach","Stomach","Strigiformes","Strigidae","Strix","Strix nebulosa",NA,"Amphibia","Anura","Rana temporaria","Species",NA,2,NA,"Finland",65,27,"1966"
"new_RaptorDiets.csv",431,"Mikkola et al 2013","Stomach","Stomach","Strigiformes","Strigidae","Strix","Strix nebulosa",NA,"Mammalia","Rodentia","Arvicola amphibius","Species",NA,4,NA,"Finland",65,27,"1966"
"new_RaptorDiets.csv",431,"Mikkola et al 2013","Stomach","Stomach","Strigiformes","Strigidae","Strix","Strix nebulosa",NA,"Aves","Galliformes","Lagopus lagopus","Species",NA,1,NA,"Finland",65,27,"1966"
"new_RaptorDiets.csv",431,"Mikkola et al 2013","Stomach","Stomach","Strigiformes","Strigidae","Strix","Strix nebulosa",NA,"Mammalia","Lagomorpha","Lepus timidus","Species",NA,1,NA,"Finland",65,27,"1966"
"new_RaptorDiets.csv",432,"Mikkola et al 2013","Stomach","Stomach","Strigiformes","Strigidae","Strix","Strix nebulosa",NA,"Mammalia","Eulipotyphla","Sorex minutissimus","Species",NA,4,NA,"Finland",65,27,"1966"
"new_RaptorDiets.csv",432,"Mikkola et al 2013","Stomach","Stomach","Strigiformes","Strigidae","Strix","Strix nebulosa",NA,"Mammalia","Eulipotyphla","Sorex minutus","Species",NA,5,NA,"Finland",65,27,"1966"
"new_RaptorDiets.csv",432,"Mikkola et al 2013","Stomach","Stomach","Strigiformes","Strigidae","Strix","Strix nebulosa",NA,"Mammalia","Eulipotyphla","Sorex sp","Genus",NA,13,NA,"Finland",65,27,"1966"
"new_RaptorDiets.csv",432,"Mikkola et al 2013","Stomach","Stomach","Strigiformes","Strigidae","Strix","Strix nebulosa",NA,"Mammalia","Eulipotyphla","Sorex araneus","Species",NA,34,NA,"Finland",65,27,"1966"
"new_RaptorDiets.csv",432,"Mikkola et al 2013","Stomach","Stomach","Strigiformes","Strigidae","Strix","Strix nebulosa",NA,"Mammalia","Eulipotyphla","Neomys fodiens","Species",NA,1,NA,"Finland",65,27,"1966"
"new_RaptorDiets.csv",432,"Mikkola et al 2013","Stomach","Stomach","Strigiformes","Strigidae","Strix","Strix nebulosa",NA,"Mammalia","Rodentia","Clethrionomys glareolus","Species",NA,14,NA,"Finland",65,27,"1966"
"new_RaptorDiets.csv",432,"Mikkola et al 2013","Stomach","Stomach","Strigiformes","Strigidae","Strix","Strix nebulosa",NA,"Mammalia","Rodentia","Myopus schisticolor","Species",NA,3,NA,"Finland",65,27,"1966"
"new_RaptorDiets.csv",432,"Mikkola et al 2013","Stomach","Stomach","Strigiformes","Strigidae","Strix","Strix nebulosa",NA,"Mammalia","Rodentia","Cricetidae","Family",NA,6,NA,"Finland",65,27,"1966"
"new_RaptorDiets.csv",432,"Mikkola et al 2013","Stomach","Stomach","Strigiformes","Strigidae","Strix","Strix nebulosa",NA,"Mammalia","Rodentia","Microtus agrestis","Species",NA,38,NA,"Finland",65,27,"1966"
"new_RaptorDiets.csv",432,"Mikkola et al 2013","Stomach","Stomach","Strigiformes","Strigidae","Strix","Strix nebulosa",NA,"Mammalia","Rodentia","Microtus oeconomus","Species",NA,13,NA,"Finland",65,27,"1966"
"new_RaptorDiets.csv",432,"Mikkola et al 2013","Stomach","Stomach","Strigiformes","Strigidae","Strix","Strix nebulosa",NA,"Amphibia","Anura","Rana temporaria","Species",NA,1,NA,"Finland",65,27,"1966"
"new_RaptorDiets.csv",437,"Hoglund and Lansgren 1968 (as presented in Mikkola and Sulkava 1970 British Birds)","Stomach","Stomach","Strigiformes","Strigidae","Strix","Strix nebulosa",NA,"Mammalia","Eulipotyphla","Sorex araneus","Species",NA,5,NA,"Sweden",65,26,"1961.5"
"new_RaptorDiets.csv",437,"Hoglund and Lansgren 1968 (as presented in Mikkola and Sulkava 1970 British Birds)","Stomach","Stomach","Strigiformes","Strigidae","Strix","Strix nebulosa",NA,"Mammalia","Eulipotyphla","Sorex minutus","Species",NA,1,NA,"Sweden",65,26,"1961.5"
"new_RaptorDiets.csv",437,"Hoglund and Lansgren 1968 (as presented in Mikkola and Sulkava 1970 British Birds)","Stomach","Stomach","Strigiformes","Strigidae","Strix","Strix nebulosa",NA,"Mammalia","Rodentia","Microtus agrestis","Species",NA,11,NA,"Sweden",65,26,"1961.5"
"new_RaptorDiets.csv",437,"Hoglund and Lansgren 1968 (as presented in Mikkola and Sulkava 1970 British Birds)","Stomach","Stomach","Strigiformes","Strigidae","Strix","Strix nebulosa",NA,"Mammalia","Rodentia","Microtus oeconomus","Species",NA,4,NA,"Sweden",65,26,"1961.5"
"new_RaptorDiets.csv",437,"Hoglund and Lansgren 1968 (as presented in Mikkola and Sulkava 1970 British Birds)","Stomach","Stomach","Strigiformes","Strigidae","Strix","Strix nebulosa",NA,"Mammalia","Rodentia","Microtus sp","Genus",NA,3,NA,"Sweden",65,26,"1961.5"
"new_RaptorDiets.csv",437,"Hoglund and Lansgren 1968 (as presented in Mikkola and Sulkava 1970 British Birds)","Stomach","Stomach","Strigiformes","Strigidae","Strix","Strix nebulosa",NA,"Mammalia","Rodentia","Myopus schisticolor","Species",NA,1,NA,"Sweden",65,26,"1961.5"
"new_RaptorDiets.csv",437,"Hoglund and Lansgren 1968 (as presented in Mikkola and Sulkava 1970 British Birds)","Stomach","Stomach","Strigiformes","Strigidae","Strix","Strix nebulosa",NA,"Mammalia","Rodentia","Clethrionomys glareolus","Species",NA,1,NA,"Sweden",65,26,"1961.5"
"new_RaptorDiets.csv",437,"Hoglund and Lansgren 1968 (as presented in Mikkola and Sulkava 1970 British Birds)","Stomach","Stomach","Strigiformes","Strigidae","Strix","Strix nebulosa",NA,"Mammalia","Rodentia","Myodes sp","Genus",NA,1,NA,"Sweden",65,26,"1961.5"
"new_RaptorDiets.csv",437,"Hoglund and Lansgren 1968 (as presented in Mikkola and Sulkava 1970 British Birds)","Stomach","Stomach","Strigiformes","Strigidae","Strix","Strix nebulosa",NA,"Mammalia","Rodentia","Arvicola amphibius","Species",NA,1,NA,"Sweden",65,26,"1961.5"
"new_RaptorDiets.csv",438,"Mikkola and Sulkava 1970","Stomach","Stomach","Strigiformes","Strigidae","Strix","Strix nebulosa",NA,"Mammalia","Eulipotyphla","Sorex araneus","Species",NA,31,NA,"Finland",66,21,"1961.5"
"new_RaptorDiets.csv",438,"Mikkola and Sulkava 1970","Stomach","Stomach","Strigiformes","Strigidae","Strix","Strix nebulosa",NA,"Mammalia","Eulipotyphla","Sorex isodon","Species",NA,1,NA,"Finland",66,21,"1961.5"
"new_RaptorDiets.csv",438,"Mikkola and Sulkava 1970","Stomach","Stomach","Strigiformes","Strigidae","Strix","Strix nebulosa",NA,"Mammalia","Eulipotyphla","Sorex minutus","Species",NA,2,NA,"Finland",66,21,"1961.5"
"new_RaptorDiets.csv",438,"Mikkola and Sulkava 1970","Stomach","Stomach","Strigiformes","Strigidae","Strix","Strix nebulosa",NA,"Mammalia","Eulipotyphla","Sorex minutissimus","Species",NA,1,NA,"Finland",66,21,"1961.5"
"new_RaptorDiets.csv",438,"Mikkola and Sulkava 1970","Stomach","Stomach","Strigiformes","Strigidae","Strix","Strix nebulosa",NA,"Mammalia","Rodentia","Microtus agrestis","Species",NA,22,NA,"Finland",66,21,"1961.5"
"new_RaptorDiets.csv",438,"Mikkola and Sulkava 1970","Stomach","Stomach","Strigiformes","Strigidae","Strix","Strix nebulosa",NA,"Mammalia","Rodentia","Clethrionomys glareolus","Species",NA,5,NA,"Finland",66,21,"1961.5"
"new_RaptorDiets.csv",438,"Mikkola and Sulkava 1970","Stomach","Stomach","Strigiformes","Strigidae","Strix","Strix nebulosa",NA,"Mammalia","Rodentia","Myodes rufocanus","Species",NA,4,NA,"Finland",66,21,"1961.5"
"new_RaptorDiets.csv",438,"Mikkola and Sulkava 1970","Stomach","Stomach","Strigiformes","Strigidae","Strix","Strix nebulosa",NA,"Mammalia","Rodentia","Myodes sp","Genus",NA,1,NA,"Finland",66,21,"1961.5"
"new_RaptorDiets.csv",438,"Mikkola and Sulkava 1970","Stomach","Stomach","Strigiformes","Strigidae","Strix","Strix nebulosa",NA,"Aves","Galliformes","Lagopus lagopus","Species",NA,1,NA,"Finland",66,21,"1961.5"
"new_RaptorDiets.csv",479,"Itamies and Mikkola 1972","Stomach","Stomach","Accipitriformes","Acciptridae","Pernis","Pernis apivorus",NA,"Insecta","Hymenoptera","Vespidae","Family",NA,920,NA,"Finland",63.129,24.325,"1965.25"
"new_RaptorDiets.csv",479,"Itamies and Mikkola 1972","Stomach","Stomach","Accipitriformes","Acciptridae","Pernis","Pernis apivorus",NA,"Insecta","Hymenoptera","Formicidae","Family",NA,1,NA,"Finland",63.129,24.325,"1965.25"
"new_RaptorDiets.csv",479,"Itamies and Mikkola 1972","Stomach","Stomach","Accipitriformes","Acciptridae","Pernis","Pernis apivorus",NA,"Insecta","Coleoptera","Coleoptera","Order",NA,12,NA,"Finland",63.129,24.325,"1965.25"
"new_RaptorDiets.csv",479,"Itamies and Mikkola 1972","Stomach","Stomach","Accipitriformes","Acciptridae","Pernis","Pernis apivorus",NA,"Insecta","Diptera","Diptera","Order",NA,4,NA,"Finland",63.129,24.325,"1965.25"
"new_RaptorDiets.csv",789,"Marples 1942","Stomach","Stomach+Pellet+PreyRemains","Strigiformes","Strigidae","Athene","Athene noctua",NA,"Insecta","Lepidoptera","Lepidoptera","Order",NA,1936,NA,"New Zealand",-43.978,170.778,"1939"
"new_RaptorDiets.csv",789,"Marples 1942","Stomach","Stomach+Pellet+PreyRemains","Strigiformes","Strigidae","Athene","Athene noctua",NA,"Insecta","Dermaptera","Dermaptera","Order",NA,821,NA,"New Zealand",-43.978,170.778,"1939"
"new_RaptorDiets.csv",789,"Marples 1942","Stomach","Stomach+Pellet+PreyRemains","Strigiformes","Strigidae","Athene","Athene noctua",NA,"Insecta","Coleoptera","Odontria striata","Species",NA,796,NA,"New Zealand",-43.978,170.778,"1939"
"new_RaptorDiets.csv",789,"Marples 1942","Stomach","Stomach+Pellet+PreyRemains","Strigiformes","Strigidae","Athene","Athene noctua",NA,"Arachnida","Araneae","Araneomorphae","Infraorder",NA,271,NA,"New Zealand",-43.978,170.778,"1939"
"new_RaptorDiets.csv",789,"Marples 1942","Stomach","Stomach+Pellet+PreyRemains","Strigiformes","Strigidae","Athene","Athene noctua",NA,"Insecta","Coleoptera","Carabidae","Family",NA,179,NA,"New Zealand",-43.978,170.778,"1939"
"new_RaptorDiets.csv",789,"Marples 1942","Stomach","Stomach+Pellet+PreyRemains","Strigiformes","Strigidae","Athene","Athene noctua",NA,"Insecta","Lepidoptera","Lepidoptera","Order",NA,95,NA,"New Zealand",-43.978,170.778,"1939"
"new_RaptorDiets.csv",789,"Marples 1942","Stomach","Stomach+Pellet+PreyRemains","Strigiformes","Strigidae","Athene","Athene noctua",NA,"Insecta","Coleoptera","Platyomida sp","Genus",NA,79,NA,"New Zealand",-43.978,170.778,"1939"
"new_RaptorDiets.csv",789,"Marples 1942","Stomach","Stomach+Pellet+PreyRemains","Strigiformes","Strigidae","Athene","Athene noctua",NA,"Arachnida","Opiliones","Opiliones","Order",NA,21,NA,"New Zealand",-43.978,170.778,"1939"
"new_RaptorDiets.csv",789,"Marples 1942","Stomach","Stomach+Pellet+PreyRemains","Strigiformes","Strigidae","Athene","Athene noctua",NA,"Arachnida","Araneae","Arbanitis sp","Genus",NA,131,NA,"New Zealand",-43.978,170.778,"1939"
"new_RaptorDiets.csv",789,"Marples 1942","Stomach","Stomach+Pellet+PreyRemains","Strigiformes","Strigidae","Athene","Athene noctua",NA,"Insecta","Coleoptera","Coleoptera","Order",NA,568,NA,"New Zealand",-43.978,170.778,"1939"
"new_RaptorDiets.csv",789,"Marples 1942","Stomach","Stomach+Pellet+PreyRemains","Strigiformes","Strigidae","Athene","Athene noctua",NA,"Arachnida","Araneae","Araneae","Order",NA,2,NA,"New Zealand",-43.978,170.778,"1939"
"new_RaptorDiets.csv",789,"Marples 1942","Stomach","Stomach+Pellet+PreyRemains","Strigiformes","Strigidae","Athene","Athene noctua",NA,"Insecta","Coleoptera","Elateridae","Family",NA,5,NA,"New Zealand",-43.978,170.778,"1939"
"new_RaptorDiets.csv",789,"Marples 1942","Stomach","Stomach+Pellet+PreyRemains","Strigiformes","Strigidae","Athene","Athene noctua",NA,"Insecta","Coleoptera","Prionoplus reticularis","Species",NA,12,NA,"New Zealand",-43.978,170.778,"1939"
"new_RaptorDiets.csv",789,"Marples 1942","Stomach","Stomach+Pellet+PreyRemains","Strigiformes","Strigidae","Athene","Athene noctua",NA,"Insecta","Orthoptera","Orthoptera","Order",NA,67,NA,"New Zealand",-43.978,170.778,"1939"
"new_RaptorDiets.csv",789,"Marples 1942","Stomach","Stomach+Pellet+PreyRemains","Strigiformes","Strigidae","Athene","Athene noctua",NA,"Insecta","Hemiptera","Cicadoidea","Superfamily",NA,49,NA,"New Zealand",-43.978,170.778,"1939"
"new_RaptorDiets.csv",789,"Marples 1942","Stomach","Stomach+Pellet+PreyRemains","Strigiformes","Strigidae","Athene","Athene noctua",NA,"Clitellata","Opisthopora","Lumbricidae","Family",NA,93,NA,"New Zealand",-43.978,170.778,"1939"
"new_RaptorDiets.csv",789,"Marples 1942","Stomach","Stomach+Pellet+PreyRemains","Strigiformes","Strigidae","Athene","Athene noctua",NA,"","","Myriapoda","Subphylum",NA,7,NA,"New Zealand",-43.978,170.778,"1939"
"new_RaptorDiets.csv",789,"Marples 1942","Stomach","Stomach+Pellet+PreyRemains","Strigiformes","Strigidae","Athene","Athene noctua",NA,"Malacostraca","Isopoda","Oniscidea","Family",NA,5,NA,"New Zealand",-43.978,170.778,"1939"
"new_RaptorDiets.csv",789,"Marples 1942","Stomach","Stomach+Pellet+PreyRemains","Strigiformes","Strigidae","Athene","Athene noctua",NA,"Gastropoda","","Gastropoda","Genus",NA,3,NA,"New Zealand",-43.978,170.778,"1939"
"new_RaptorDiets.csv",789,"Marples 1942","Stomach","Stomach+Pellet+PreyRemains","Strigiformes","Strigidae","Athene","Athene noctua",NA,"Amphibia","Anura","Ranoidea aurea","Species",NA,2,NA,"New Zealand",-43.978,170.778,"1939"
"new_RaptorDiets.csv",789,"Marples 1942","Stomach","Stomach+Pellet+PreyRemains","Strigiformes","Strigidae","Athene","Athene noctua",NA,"Reptilia","Squamata","Hoplodactylus sp","Genus",NA,4,NA,"New Zealand",-43.978,170.778,"1939"
"new_RaptorDiets.csv",789,"Marples 1942","Stomach","Stomach+Pellet+PreyRemains","Strigiformes","Strigidae","Athene","Athene noctua",NA,"Aves","Passeriformes","Anthus novaeseelandiae","Species",NA,4,NA,"New Zealand",-43.978,170.778,"1939"
"new_RaptorDiets.csv",789,"Marples 1942","Stomach","Stomach+Pellet+PreyRemains","Strigiformes","Strigidae","Athene","Athene noctua",NA,"Aves","Passeriformes","Rhipidura fuliginosa","Species",NA,1,NA,"New Zealand",-43.978,170.778,"1939"
"new_RaptorDiets.csv",789,"Marples 1942","Stomach","Stomach+Pellet+PreyRemains","Strigiformes","Strigidae","Athene","Athene noctua",NA,"Aves","Passeriformes","Zosterops lateralis","Species",NA,1,NA,"New Zealand",-43.978,170.778,"1939"
"new_RaptorDiets.csv",789,"Marples 1942","Stomach","Stomach+Pellet+PreyRemains","Strigiformes","Strigidae","Athene","Athene noctua",NA,"Aves","Passeriformes","Chloris chloris","Species",NA,1,NA,"New Zealand",-43.978,170.778,"1939"
"new_RaptorDiets.csv",789,"Marples 1942","Stomach","Stomach+Pellet+PreyRemains","Strigiformes","Strigidae","Athene","Athene noctua",NA,"Aves","Passeriformes","Carduelis carduelis","Species",NA,3,NA,"New Zealand",-43.978,170.778,"1939"
"new_RaptorDiets.csv",789,"Marples 1942","Stomach","Stomach+Pellet+PreyRemains","Strigiformes","Strigidae","Athene","Athene noctua",NA,"Aves","Passeriformes","Passer domesticus","Species",NA,37,NA,"New Zealand",-43.978,170.778,"1939"
"new_RaptorDiets.csv",789,"Marples 1942","Stomach","Stomach+Pellet+PreyRemains","Strigiformes","Strigidae","Athene","Athene noctua",NA,"Aves","Passeriformes","Turdus ericetorum","Species",NA,21,NA,"New Zealand",-43.978,170.778,"1939"
"new_RaptorDiets.csv",789,"Marples 1942","Stomach","Stomach+Pellet+PreyRemains","Strigiformes","Strigidae","Athene","Athene noctua",NA,"Aves","Passeriformes","Turdus merula","Species",NA,7,NA,"New Zealand",-43.978,170.778,"1939"
"new_RaptorDiets.csv",789,"Marples 1942","Stomach","Stomach+Pellet+PreyRemains","Strigiformes","Strigidae","Athene","Athene noctua",NA,"Aves","Passeriformes","Prunella modularis","Species",NA,3,NA,"New Zealand",-43.978,170.778,"1939"
"new_RaptorDiets.csv",789,"Marples 1942","Stomach","Stomach+Pellet+PreyRemains","Strigiformes","Strigidae","Athene","Athene noctua",NA,"Aves","Passeriformes","Alauda arvensis","Species",NA,4,NA,"New Zealand",-43.978,170.778,"1939"
"new_RaptorDiets.csv",789,"Marples 1942","Stomach","Stomach+Pellet+PreyRemains","Strigiformes","Strigidae","Athene","Athene noctua",NA,"Aves","Passeriformes","Sturnus vulgaris","Species",NA,12,NA,"New Zealand",-43.978,170.778,"1939"
"new_RaptorDiets.csv",789,"Marples 1942","Stomach","Stomach+Pellet+PreyRemains","Strigiformes","Strigidae","Athene","Athene noctua",NA,"Mammalia","Rodentia","Mus musculus","Species",NA,16,NA,"New Zealand",-43.978,170.778,"1939"
"new_RaptorDiets.csv",789,"Marples 1942","Stomach","Stomach+Pellet+PreyRemains","Strigiformes","Strigidae","Athene","Athene noctua",NA,"Mammalia","Lagomorpha","Oryctolagus cuniculus","Species",NA,6,NA,"New Zealand",-43.978,170.778,"1939"
"new_RaptorDiets.csv",789,"Marples 1942","Stomach","Stomach+Pellet+PreyRemains","Strigiformes","Strigidae","Athene","Athene noctua",NA,"Aves","","Aves","Class",NA,5,NA,"New Zealand",-43.978,170.778,"1939"
"new_RaptorDiets.csv",794,"Dyche 1904 (as presented in Gloyd 1925 The Wilson Bulletin)","Stomach","Stomach","Accipitriformes","Acciptridae","Aquila","Aquila chrysaetos",NA,"Mammalia","Lagomorpha","Sylvilagus floridanus","Species",NA,11,NA,"USA",38.867,-95.499,"1893"
"new_RaptorDiets.csv",794,"Dyche 1904 (as presented in Gloyd 1925 The Wilson Bulletin)","Stomach","Stomach","Accipitriformes","Acciptridae","Aquila","Aquila chrysaetos",NA,"Mammalia","Lagomorpha","Lepus sp","Genus",NA,7,NA,"USA",38.867,-95.499,"1893"
"new_RaptorDiets.csv",794,"Dyche 1904 (as presented in Gloyd 1925 The Wilson Bulletin)","Stomach","Stomach","Accipitriformes","Acciptridae","Aquila","Aquila chrysaetos",NA,"Mammalia","Rodentia","Cynomys ludovicianus","Species",NA,14,NA,"USA",38.867,-95.499,"1893"
"new_RaptorDiets.csv",794,"Dyche 1904 (as presented in Gloyd 1925 The Wilson Bulletin)","Stomach","Stomach","Accipitriformes","Acciptridae","Aquila","Aquila chrysaetos",NA,"Mammalia","Carnivora","Canis latrans","Species",NA,1,NA,"USA",38.867,-95.499,"1893"
"new_RaptorDiets.csv",794,"Dyche 1904 (as presented in Gloyd 1925 The Wilson Bulletin)","Stomach","Stomach","Accipitriformes","Acciptridae","Aquila","Aquila chrysaetos",NA,"Mammalia","Rodentia","Poliocitellus franklinii","Species",NA,1,NA,"USA",38.867,-95.499,"1893"
"new_RaptorDiets.csv",794,"Dyche 1904 (as presented in Gloyd 1925 The Wilson Bulletin)","Stomach","Stomach","Accipitriformes","Acciptridae","Aquila","Aquila chrysaetos",NA,"Aves","Strigiformes","Asio flammeus","Species",NA,1,NA,"USA",38.867,-95.499,"1893"
"new_RaptorDiets.csv",794,"Dyche 1904 (as presented in Gloyd 1925 The Wilson Bulletin)","Stomach","Stomach","Accipitriformes","Acciptridae","Aquila","Aquila chrysaetos",NA,"Mammalia","Didelphimorphia","Didelphis virginiana","Species",NA,1,NA,"USA",38.867,-95.499,"1893"
"new_RaptorDiets.csv",794,"Dyche 1904 (as presented in Gloyd 1925 The Wilson Bulletin)","Stomach","Stomach","Accipitriformes","Acciptridae","Aquila","Aquila chrysaetos",NA,"Mammalia","Rodentia","Sciurus niger","Species",NA,1,NA,"USA",38.867,-95.499,"1893"
"new_RaptorDiets.csv",794,"Dyche 1904 (as presented in Gloyd 1925 The Wilson Bulletin)","Stomach","Stomach","Accipitriformes","Acciptridae","Aquila","Aquila chrysaetos",NA,"Aves","Accipitriformes","Buteo jamaicensis","Species",NA,1,NA,"USA",38.867,-95.499,"1893"
"new_RaptorDiets.csv",795,"Gloyd 1925","Stomach","Stomach","Accipitriformes","Acciptridae","Aquila","Aquila chrysaetos",NA,"Mammalia","Lagomorpha","Sylvilagus floridanus","Species",NA,2,NA,"USA",38.742,-95.271,"1922.5"
"new_RaptorDiets.csv",795,"Gloyd 1925","Stomach","Stomach","Accipitriformes","Acciptridae","Aquila","Aquila chrysaetos",NA,"Aves","Galliformes","Gallus gallus","Species",NA,1,NA,"USA",38.742,-95.271,"1922.5"
"new_RaptorDiets.csv",796,"McAtee 1935","Stomach","Stomach","Accipitriformes","Acciptridae","Accipiter","Accipiter gentilis",NA,"Aves","Galliformes","Galliformes","Order",NA,115,NA,"USA",NA,NA,"1935"
"new_RaptorDiets.csv",796,"McAtee 1935","Stomach","Stomach","Accipitriformes","Acciptridae","Accipiter","Accipiter gentilis",NA,"Aves","Galliformes","Numididae","Family",NA,1,NA,"USA",NA,NA,"1935"
"new_RaptorDiets.csv",796,"McAtee 1935","Stomach","Stomach","Accipitriformes","Acciptridae","Accipiter","Accipiter gentilis",NA,"Aves","Galliformes","Tetraoninae","Subfamily",NA,31,NA,"USA",NA,NA,"1935"
"new_RaptorDiets.csv",796,"McAtee 1935","Stomach","Stomach","Accipitriformes","Acciptridae","Accipiter","Accipiter gentilis",NA,"Aves","Galliformes","Lagopus sp","Genus",NA,2,NA,"USA",NA,NA,"1935"
"new_RaptorDiets.csv",796,"McAtee 1935","Stomach","Stomach","Accipitriformes","Acciptridae","Accipiter","Accipiter gentilis",NA,"Aves","Galliformes","Odontophoridae","Family",NA,1,NA,"USA",NA,NA,"1935"
"new_RaptorDiets.csv",796,"McAtee 1935","Stomach","Stomach","Accipitriformes","Acciptridae","Accipiter","Accipiter gentilis",NA,"Aves","Galliformes","Phasianus colchicus","Species",NA,5,NA,"USA",NA,NA,"1935"
"new_RaptorDiets.csv",796,"McAtee 1935","Stomach","Stomach","Accipitriformes","Acciptridae","Accipiter","Accipiter gentilis",NA,"Aves","Galliformes","Perdix perdix","Species",NA,1,NA,"USA",NA,NA,"1935"
"new_RaptorDiets.csv",796,"McAtee 1935","Stomach","Stomach","Accipitriformes","Acciptridae","Accipiter","Accipiter gentilis",NA,"Aves","Accipitriformes","Accipiter striatus","Species",NA,1,NA,"USA",NA,NA,"1935"
"new_RaptorDiets.csv",796,"McAtee 1935","Stomach","Stomach","Accipitriformes","Acciptridae","Accipiter","Accipiter gentilis",NA,"Aves","Strigiformes","Megascops asio","Species",NA,1,NA,"USA",NA,NA,"1935"
"new_RaptorDiets.csv",796,"McAtee 1935","Stomach","Stomach","Accipitriformes","Acciptridae","Accipiter","Accipiter gentilis",NA,"Aves","Passeriformes","Corvus brachyrhynchos","Species",NA,1,NA,"USA",NA,NA,"1935"
"new_RaptorDiets.csv",796,"McAtee 1935","Stomach","Stomach","Accipitriformes","Acciptridae","Accipiter","Accipiter gentilis",NA,"Aves","Charadriiformes","Larus argentatus","Species",NA,1,NA,"USA",NA,NA,"1935"
"new_RaptorDiets.csv",796,"McAtee 1935","Stomach","Stomach","Accipitriformes","Acciptridae","Accipiter","Accipiter gentilis",NA,"Aves","Anseriformes","Anas acuta","Species",NA,1,NA,"USA",NA,NA,"1935"
"new_RaptorDiets.csv",796,"McAtee 1935","Stomach","Stomach","Accipitriformes","Acciptridae","Accipiter","Accipiter gentilis",NA,"Aves","Columbiformes","Zenaida macroura","Species",NA,1,NA,"USA",NA,NA,"1935"
"new_RaptorDiets.csv",796,"McAtee 1935","Stomach","Stomach","Accipitriformes","Acciptridae","Accipiter","Accipiter gentilis",NA,"Aves","Passeriformes","Catharus guttatus","Species",NA,1,NA,"USA",NA,NA,"1935"
"new_RaptorDiets.csv",796,"McAtee 1935","Stomach","Stomach","Accipitriformes","Acciptridae","Accipiter","Accipiter gentilis",NA,"Aves","","Aves","Class",NA,7,NA,"USA",NA,NA,"1935"
"new_RaptorDiets.csv",796,"McAtee 1935","Stomach","Stomach","Accipitriformes","Acciptridae","Accipiter","Accipiter gentilis",NA,"Mammalia","Lagomorpha","Sylvilagus sp","Genus",NA,45,NA,"USA",NA,NA,"1935"
"new_RaptorDiets.csv",796,"McAtee 1935","Stomach","Stomach","Accipitriformes","Acciptridae","Accipiter","Accipiter gentilis",NA,"Mammalia","Rodentia","Tamiasciurus hudsonicus","Species",NA,1,NA,"USA",NA,NA,"1935"
"new_RaptorDiets.csv",796,"McAtee 1935","Stomach","Stomach","Accipitriformes","Acciptridae","Accipiter","Accipiter gentilis",NA,"Mammalia","Rodentia","Sciurus sp","Genus",NA,1,NA,"USA",NA,NA,"1935"
"new_RaptorDiets.csv",796,"McAtee 1935","Stomach","Stomach","Accipitriformes","Acciptridae","Accipiter","Accipiter gentilis",NA,"Mammalia","Rodentia","Pteromyini","Tribe",NA,1,NA,"USA",NA,NA,"1935"
"new_RaptorDiets.csv",796,"McAtee 1935","Stomach","Stomach","Accipitriformes","Acciptridae","Accipiter","Accipiter gentilis",NA,"Mammalia","Rodentia","Marmotini","Tribe",NA,1,NA,"USA",NA,NA,"1935"
"new_RaptorDiets.csv",796,"McAtee 1935","Stomach","Stomach","Accipitriformes","Acciptridae","Accipiter","Accipiter gentilis",NA,"Mammalia","Rodentia","Spermophilus sp","Genus",NA,1,NA,"USA",NA,NA,"1935"
"new_RaptorDiets.csv",796,"McAtee 1935","Stomach","Stomach","Accipitriformes","Acciptridae","Accipiter","Accipiter gentilis",NA,"Mammalia","Rodentia","Sciuridae","Family",NA,17,NA,"USA",NA,NA,"1935"
"new_RaptorDiets.csv",796,"McAtee 1935","Stomach","Stomach","Accipitriformes","Acciptridae","Accipiter","Accipiter gentilis",NA,"Mammalia","Rodentia","Peromyscus maniculatus","Species",NA,3,NA,"USA",NA,NA,"1935"
"new_RaptorDiets.csv",796,"McAtee 1935","Stomach","Stomach","Accipitriformes","Acciptridae","Accipiter","Accipiter gentilis",NA,"Mammalia","Rodentia","Microtus pennsylvanicus","Species",NA,2,NA,"USA",NA,NA,"1935"
"new_RaptorDiets.csv",796,"McAtee 1935","Stomach","Stomach","Accipitriformes","Acciptridae","Accipiter","Accipiter gentilis",NA,"Mammalia","Rodentia","Cricetidae","Family",NA,3,NA,"USA",NA,NA,"1935"
"new_RaptorDiets.csv",796,"McAtee 1935","Stomach","Stomach","Accipitriformes","Acciptridae","Accipiter","Accipiter gentilis",NA,"Mammalia","Rodentia","Marmota monax","Species",NA,1,NA,"USA",NA,NA,"1935"
"new_RaptorDiets.csv",796,"McAtee 1935","Stomach","Stomach","Accipitriformes","Acciptridae","Accipiter","Accipiter gentilis",NA,"Mammalia","Rodentia","Ondatra zibethicus","Species",NA,1,NA,"USA",NA,NA,"1935"
"new_RaptorDiets.csv",796,"McAtee 1935","Stomach","Stomach","Accipitriformes","Acciptridae","Accipiter","Accipiter gentilis",NA,"Mammalia","Carnivora","Felis catus","Species",NA,1,NA,"USA",NA,NA,"1935"
"new_RaptorDiets.csv",796,"McAtee 1935","Stomach","Stomach","Accipitriformes","Acciptridae","Accipiter","Accipiter gentilis",NA,"Mammalia","Carnivora","Mustela sp","Genus",NA,1,NA,"USA",NA,NA,"1935"
"new_RaptorDiets.csv",796,"McAtee 1935","Stomach","Stomach","Accipitriformes","Acciptridae","Accipiter","Accipiter gentilis",NA,"Mammalia","Eulipotyphla","Soricidae","Family",NA,1,NA,"USA",NA,NA,"1935"
"new_RaptorDiets.csv",796,"McAtee 1935","Stomach","Stomach","Accipitriformes","Acciptridae","Accipiter","Accipiter gentilis",NA,"Insecta","Orthoptera","Caelifera","Suborder",NA,2,NA,"USA",NA,NA,"1935"
"new_RaptorDiets.csv",796,"McAtee 1935","Stomach","Stomach","Accipitriformes","Acciptridae","Accipiter","Accipiter gentilis",NA,"Insecta","Lepidoptera","Lepidoptera","Order",NA,2,NA,"USA",NA,NA,"1935"
"new_RaptorDiets.csv",797,"McAtee 1935","Stomach","Stomach","Accipitriformes","Acciptridae","Accipiter","Accipiter striatus",NA,"Aves","Galliformes","Galliformes","Order",NA,2,NA,"USA",NA,NA,"1935"
"new_RaptorDiets.csv",797,"McAtee 1935","Stomach","Stomach","Accipitriformes","Acciptridae","Accipiter","Accipiter striatus",NA,"Aves","Galliformes","Odontophoridae","Family",NA,4,NA,"USA",NA,NA,"1935"
"new_RaptorDiets.csv",797,"McAtee 1935","Stomach","Stomach","Accipitriformes","Acciptridae","Accipiter","Accipiter striatus",NA,"Aves","Charadriiformes","Scolopax minor","Species",NA,1,NA,"USA",NA,NA,"1935"
"new_RaptorDiets.csv",797,"McAtee 1935","Stomach","Stomach","Accipitriformes","Acciptridae","Accipiter","Accipiter striatus",NA,"Aves","Passeriformes","Melospiza sp","Genus",NA,82,NA,"USA",NA,NA,"1935"
"new_RaptorDiets.csv",797,"McAtee 1935","Stomach","Stomach","Accipitriformes","Acciptridae","Accipiter","Accipiter striatus",NA,"Aves","Passeriformes","Passer domesticus","Species",NA,45,NA,"USA",NA,NA,"1935"
"new_RaptorDiets.csv",797,"McAtee 1935","Stomach","Stomach","Accipitriformes","Acciptridae","Accipiter","Accipiter striatus",NA,"Aves","Passeriformes","Spizella sp","Genus",NA,45,NA,"USA",NA,NA,"1935"
"new_RaptorDiets.csv",797,"McAtee 1935","Stomach","Stomach","Accipitriformes","Acciptridae","Accipiter","Accipiter striatus",NA,"Aves","Passeriformes","Pipilo erythrophthalmus","Species",NA,38,NA,"USA",NA,NA,"1935"
"new_RaptorDiets.csv",797,"McAtee 1935","Stomach","Stomach","Accipitriformes","Acciptridae","Accipiter","Accipiter striatus",NA,"Aves","Passeriformes","Ammospiza sp","Genus",NA,19,NA,"USA",NA,NA,"1935"
"new_RaptorDiets.csv",797,"McAtee 1935","Stomach","Stomach","Accipitriformes","Acciptridae","Accipiter","Accipiter striatus",NA,"Aves","Passeriformes","Zonotrichia sp","Genus",NA,16,NA,"USA",NA,NA,"1935"
"new_RaptorDiets.csv",797,"McAtee 1935","Stomach","Stomach","Accipitriformes","Acciptridae","Accipiter","Accipiter striatus",NA,"Aves","Piciformes","Junco sp","Genus",NA,16,NA,"USA",NA,NA,"1935"
"new_RaptorDiets.csv",797,"McAtee 1935","Stomach","Stomach","Accipitriformes","Acciptridae","Accipiter","Accipiter striatus",NA,"Aves","Passeriformes","Pooecetes gramineus","Species",NA,15,NA,"USA",NA,NA,"1935"
"new_RaptorDiets.csv",797,"McAtee 1935","Stomach","Stomach","Accipitriformes","Acciptridae","Accipiter","Accipiter striatus",NA,"Aves","Passeriformes","Haemorhous purpureus","Species",NA,14,NA,"USA",NA,NA,"1935"
"new_RaptorDiets.csv",797,"McAtee 1935","Stomach","Stomach","Accipitriformes","Acciptridae","Accipiter","Accipiter striatus",NA,"Aves","Passeriformes","Setophaga sp","Genus",NA,175,NA,"USA",NA,NA,"1935"
"new_RaptorDiets.csv",797,"McAtee 1935","Stomach","Stomach","Accipitriformes","Acciptridae","Accipiter","Accipiter striatus",NA,"Aves","Passeriformes","Seiurus aurocapilla","Species",NA,29,NA,"USA",NA,NA,"1935"
"new_RaptorDiets.csv",797,"McAtee 1935","Stomach","Stomach","Accipitriformes","Acciptridae","Accipiter","Accipiter striatus",NA,"Aves","Passeriformes","Geothlypis sp","Genus",NA,15,NA,"USA",NA,NA,"1935"
"new_RaptorDiets.csv",797,"McAtee 1935","Stomach","Stomach","Accipitriformes","Acciptridae","Accipiter","Accipiter striatus",NA,"Aves","Passeriformes","Wilsonia sp","Genus",NA,10,NA,"USA",NA,NA,"1935"
"new_RaptorDiets.csv",797,"McAtee 1935","Stomach","Stomach","Accipitriformes","Acciptridae","Accipiter","Accipiter striatus",NA,"Aves","Passeriformes","Turdus migratorius","Species",NA,56,NA,"USA",NA,NA,"1935"
"new_RaptorDiets.csv",797,"McAtee 1935","Stomach","Stomach","Accipitriformes","Acciptridae","Accipiter","Accipiter striatus",NA,"Aves","Passeriformes","Sialia sp","Genus",NA,13,NA,"USA",NA,NA,"1935"
"new_RaptorDiets.csv",797,"McAtee 1935","Stomach","Stomach","Accipitriformes","Acciptridae","Accipiter","Accipiter striatus",NA,"Aves","Passeriformes","Hylocichla sp","Genus",NA,47,NA,"USA",NA,NA,"1935"
"new_RaptorDiets.csv",797,"McAtee 1935","Stomach","Stomach","Accipitriformes","Acciptridae","Accipiter","Accipiter striatus",NA,"Aves","Passeriformes","Vireo sp","Genus",NA,44,NA,"USA",NA,NA,"1935"
"new_RaptorDiets.csv",797,"McAtee 1935","Stomach","Stomach","Accipitriformes","Acciptridae","Accipiter","Accipiter striatus",NA,"Aves","Passeriformes","Hirundinidae","Family",NA,29,NA,"USA",NA,NA,"1935"
"new_RaptorDiets.csv",797,"McAtee 1935","Stomach","Stomach","Accipitriformes","Acciptridae","Accipiter","Accipiter striatus",NA,"Aves","Falconiformes","Falco sparverius","Species",NA,1,NA,"USA",NA,NA,"1935"
"new_RaptorDiets.csv",797,"McAtee 1935","Stomach","Stomach","Accipitriformes","Acciptridae","Accipiter","Accipiter striatus",NA,"Aves","Columbiformes","Zenaida macroura","Species",NA,1,NA,"USA",NA,NA,"1935"
"new_RaptorDiets.csv",797,"McAtee 1935","Stomach","Stomach","Accipitriformes","Acciptridae","Accipiter","Accipiter striatus",NA,"Aves","Columbiformes","Patagioenas fasciata","Species",NA,1,NA,"USA",NA,NA,"1935"
"new_RaptorDiets.csv",797,"McAtee 1935","Stomach","Stomach","Accipitriformes","Acciptridae","Accipiter","Accipiter striatus",NA,"Mammalia","Rodentia","Peromyscus maniculatus","Species",NA,16,NA,"USA",NA,NA,"1935"
"new_RaptorDiets.csv",797,"McAtee 1935","Stomach","Stomach","Accipitriformes","Acciptridae","Accipiter","Accipiter striatus",NA,"Mammalia","Rodentia","Microtus pennsylvanicus","Species",NA,8,NA,"USA",NA,NA,"1935"
"new_RaptorDiets.csv",797,"McAtee 1935","Stomach","Stomach","Accipitriformes","Acciptridae","Accipiter","Accipiter striatus",NA,"Mammalia","Rodentia","Mus musculus","Species",NA,1,NA,"USA",NA,NA,"1935"
"new_RaptorDiets.csv",797,"McAtee 1935","Stomach","Stomach","Accipitriformes","Acciptridae","Accipiter","Accipiter striatus",NA,"Mammalia","Chiroptera","Chiroptera","Order",NA,2,NA,"USA",NA,NA,"1935"
"new_RaptorDiets.csv",797,"McAtee 1935","Stomach","Stomach","Accipitriformes","Acciptridae","Accipiter","Accipiter striatus",NA,"Mammalia","Lagomorpha","Sylvilagus sp","Genus",NA,1,NA,"USA",NA,NA,"1935"
"new_RaptorDiets.csv",797,"McAtee 1935","Stomach","Stomach","Accipitriformes","Acciptridae","Accipiter","Accipiter striatus",NA,"Mammalia","Rodentia","Sciuridae","Family",NA,1,NA,"USA",NA,NA,"1935"
"new_RaptorDiets.csv",797,"McAtee 1935","Stomach","Stomach","Accipitriformes","Acciptridae","Accipiter","Accipiter striatus",NA,"Mammalia","Eulipotyphla","Soricidae","Family",NA,1,NA,"USA",NA,NA,"1935"
"new_RaptorDiets.csv",797,"McAtee 1935","Stomach","Stomach","Accipitriformes","Acciptridae","Accipiter","Accipiter striatus",NA,"Insecta","Orthoptera","Caelifera","Suborder",NA,51,NA,"USA",NA,NA,"1935"
"new_RaptorDiets.csv",797,"McAtee 1935","Stomach","Stomach","Accipitriformes","Acciptridae","Accipiter","Accipiter striatus",NA,"Insecta","Lepidoptera","Lepidoptera","Order",NA,1,NA,"USA",NA,NA,"1935"
"new_RaptorDiets.csv",797,"McAtee 1935","Stomach","Stomach","Accipitriformes","Acciptridae","Accipiter","Accipiter striatus",NA,"Insecta","","Insecta","Class",NA,5,NA,"USA",NA,NA,"1935"
"new_RaptorDiets.csv",797,"McAtee 1935","Stomach","Stomach","Accipitriformes","Acciptridae","Accipiter","Accipiter striatus",NA,"Insecta","Odonata","Anisoptera","Infraorder",NA,2,NA,"USA",NA,NA,"1935"
"new_RaptorDiets.csv",798,"McAtee 1935","Stomach","Stomach","Accipitriformes","Acciptridae","Accipiter","Accipiter cooperii",NA,"Aves","Galliformes","Galliformes","Order",NA,32,NA,"USA",NA,NA,"1935"
"new_RaptorDiets.csv",798,"McAtee 1935","Stomach","Stomach","Accipitriformes","Acciptridae","Accipiter","Accipiter cooperii",NA,"Aves","Galliformes","Odontophoridae","Family",NA,12,NA,"USA",NA,NA,"1935"
"new_RaptorDiets.csv",798,"McAtee 1935","Stomach","Stomach","Accipitriformes","Acciptridae","Accipiter","Accipiter cooperii",NA,"Aves","Galliformes","Callipepla californica","Species",NA,1,NA,"USA",NA,NA,"1935"
"new_RaptorDiets.csv",798,"McAtee 1935","Stomach","Stomach","Accipitriformes","Acciptridae","Accipiter","Accipiter cooperii",NA,"Aves","Galliformes","Callipepla gambelii","Species",NA,1,NA,"USA",NA,NA,"1935"
"new_RaptorDiets.csv",798,"McAtee 1935","Stomach","Stomach","Accipitriformes","Acciptridae","Accipiter","Accipiter cooperii",NA,"Aves","Galliformes","Colinus virginianus","Species",NA,1,NA,"USA",NA,NA,"1935"
"new_RaptorDiets.csv",798,"McAtee 1935","Stomach","Stomach","Accipitriformes","Acciptridae","Accipiter","Accipiter cooperii",NA,"Aves","Galliformes","Oreortyx pictus","Species",NA,1,NA,"USA",NA,NA,"1935"
"new_RaptorDiets.csv",798,"McAtee 1935","Stomach","Stomach","Accipitriformes","Acciptridae","Accipiter","Accipiter cooperii",NA,"Aves","Galliformes","Phasianus colchicus","Species",NA,10,NA,"USA",NA,NA,"1935"
"new_RaptorDiets.csv",798,"McAtee 1935","Stomach","Stomach","Accipitriformes","Acciptridae","Accipiter","Accipiter cooperii",NA,"Aves","Galliformes","Tetraoninae","Subfamily",NA,2,NA,"USA",NA,NA,"1935"
"new_RaptorDiets.csv",798,"McAtee 1935","Stomach","Stomach","Accipitriformes","Acciptridae","Accipiter","Accipiter cooperii",NA,"Aves","Galliformes","Bonasa umbellus","Species",NA,1,NA,"USA",NA,NA,"1935"
"new_RaptorDiets.csv",798,"McAtee 1935","Stomach","Stomach","Accipitriformes","Acciptridae","Accipiter","Accipiter cooperii",NA,"Aves","Galliformes","Falcipennis canadensis","Species",NA,1,NA,"USA",NA,NA,"1935"
"new_RaptorDiets.csv",798,"McAtee 1935","Stomach","Stomach","Accipitriformes","Acciptridae","Accipiter","Accipiter cooperii",NA,"Aves","Galliformes","Perdix perdix","Species",NA,1,NA,"USA",NA,NA,"1935"
"new_RaptorDiets.csv",798,"McAtee 1935","Stomach","Stomach","Accipitriformes","Acciptridae","Accipiter","Accipiter cooperii",NA,"Aves","Passeriformes","Melospiza sp","Genus",NA,24,NA,"USA",NA,NA,"1935"
"new_RaptorDiets.csv",798,"McAtee 1935","Stomach","Stomach","Accipitriformes","Acciptridae","Accipiter","Accipiter cooperii",NA,"Aves","Passeriformes","Passer domesticus","Species",NA,17,NA,"USA",NA,NA,"1935"
"new_RaptorDiets.csv",798,"McAtee 1935","Stomach","Stomach","Accipitriformes","Acciptridae","Accipiter","Accipiter cooperii",NA,"Aves","Passeriformes","Passerellidae","Family",NA,39,NA,"USA",NA,NA,"1935"
"new_RaptorDiets.csv",798,"McAtee 1935","Stomach","Stomach","Accipitriformes","Acciptridae","Accipiter","Accipiter cooperii",NA,"Aves","Passeriformes","Pipilo erythrophthalmus","Species",NA,1,NA,"USA",NA,NA,"1935"
"new_RaptorDiets.csv",798,"McAtee 1935","Stomach","Stomach","Accipitriformes","Acciptridae","Accipiter","Accipiter cooperii",NA,"Aves","Piciformes","Junco sp","Genus",NA,1,NA,"USA",NA,NA,"1935"
"new_RaptorDiets.csv",798,"McAtee 1935","Stomach","Stomach","Accipitriformes","Acciptridae","Accipiter","Accipiter cooperii",NA,"Aves","Passeriformes","Spizella sp","Genus",NA,1,NA,"USA",NA,NA,"1935"
"new_RaptorDiets.csv",798,"McAtee 1935","Stomach","Stomach","Accipitriformes","Acciptridae","Accipiter","Accipiter cooperii",NA,"Aves","Passeriformes","Zonotrichia sp","Genus",NA,1,NA,"USA",NA,NA,"1935"
"new_RaptorDiets.csv",798,"McAtee 1935","Stomach","Stomach","Accipitriformes","Acciptridae","Accipiter","Accipiter cooperii",NA,"Aves","Piciformes","Colaptes auratus","Species",NA,7,NA,"USA",NA,NA,"1935"
"new_RaptorDiets.csv",798,"McAtee 1935","Stomach","Stomach","Accipitriformes","Acciptridae","Accipiter","Accipiter cooperii",NA,"Aves","Piciformes","Picidae","Family",NA,4,NA,"USA",NA,NA,"1935"
"new_RaptorDiets.csv",798,"McAtee 1935","Stomach","Stomach","Accipitriformes","Acciptridae","Accipiter","Accipiter cooperii",NA,"Aves","Passeriformes","Icteridae","Family",NA,1,NA,"USA",NA,NA,"1935"
"new_RaptorDiets.csv",798,"McAtee 1935","Stomach","Stomach","Accipitriformes","Acciptridae","Accipiter","Accipiter cooperii",NA,"Aves","Passeriformes","Turdidae","Family",NA,1,NA,"USA",NA,NA,"1935"
"new_RaptorDiets.csv",798,"McAtee 1935","Stomach","Stomach","Accipitriformes","Acciptridae","Accipiter","Accipiter cooperii",NA,"Aves","Passeriformes","Parulidae","Family",NA,1,NA,"USA",NA,NA,"1935"
"new_RaptorDiets.csv",798,"McAtee 1935","Stomach","Stomach","Accipitriformes","Acciptridae","Accipiter","Accipiter cooperii",NA,"Aves","Passeriformes","Vireo sp","Genus",NA,1,NA,"USA",NA,NA,"1935"
"new_RaptorDiets.csv",798,"McAtee 1935","Stomach","Stomach","Accipitriformes","Acciptridae","Accipiter","Accipiter cooperii",NA,"Aves","Pelicaniformes","Ixobrychus exilis","Species",NA,1,NA,"USA",NA,NA,"1935"
"new_RaptorDiets.csv",798,"McAtee 1935","Stomach","Stomach","Accipitriformes","Acciptridae","Accipiter","Accipiter cooperii",NA,"Aves","Strigiformes","Megascops sp","Species",NA,1,NA,"USA",NA,NA,"1935"
"new_RaptorDiets.csv",798,"McAtee 1935","Stomach","Stomach","Accipitriformes","Acciptridae","Accipiter","Accipiter cooperii",NA,"Aves","Falconiformes","Falco columbarius","Species",NA,1,NA,"USA",NA,NA,"1935"
"new_RaptorDiets.csv",798,"McAtee 1935","Stomach","Stomach","Accipitriformes","Acciptridae","Accipiter","Accipiter cooperii",NA,"Aves","Falconiformes","Falco sparverius","Species",NA,1,NA,"USA",NA,NA,"1935"
"new_RaptorDiets.csv",798,"McAtee 1935","Stomach","Stomach","Accipitriformes","Acciptridae","Accipiter","Accipiter cooperii",NA,"Mammalia","Rodentia","Microtus pennsylvanicus","Species",NA,8,NA,"USA",NA,NA,"1935"
"new_RaptorDiets.csv",798,"McAtee 1935","Stomach","Stomach","Accipitriformes","Acciptridae","Accipiter","Accipiter cooperii",NA,"Mammalia","Rodentia","Muroidea","Superfamily",NA,2,NA,"USA",NA,NA,"1935"
"new_RaptorDiets.csv",798,"McAtee 1935","Stomach","Stomach","Accipitriformes","Acciptridae","Accipiter","Accipiter cooperii",NA,"Mammalia","Rodentia","Rattus rattus","Species",NA,1,NA,"USA",NA,NA,"1935"
"new_RaptorDiets.csv",798,"McAtee 1935","Stomach","Stomach","Accipitriformes","Acciptridae","Accipiter","Accipiter cooperii",NA,"Mammalia","Rodentia","Sigmodon sp","Genus",NA,1,NA,"USA",NA,NA,"1935"
"new_RaptorDiets.csv",798,"McAtee 1935","Stomach","Stomach","Accipitriformes","Acciptridae","Accipiter","Accipiter cooperii",NA,"Mammalia","Rodentia","Sciuridae","Family",NA,22,NA,"USA",NA,NA,"1935"
"new_RaptorDiets.csv",798,"McAtee 1935","Stomach","Stomach","Accipitriformes","Acciptridae","Accipiter","Accipiter cooperii",NA,"Mammalia","Lagomorpha","Lagomorpha","Order",NA,4,NA,"USA",NA,NA,"1935"
"new_RaptorDiets.csv",798,"McAtee 1935","Stomach","Stomach","Accipitriformes","Acciptridae","Accipiter","Accipiter cooperii",NA,"Mammalia","Rodentia","Spermophilus sp","Genus",NA,3,NA,"USA",NA,NA,"1935"
"new_RaptorDiets.csv",798,"McAtee 1935","Stomach","Stomach","Accipitriformes","Acciptridae","Accipiter","Accipiter cooperii",NA,"Mammalia","Eulipotyphla","Soricidae","Family",NA,1,NA,"USA",NA,NA,"1935"
"new_RaptorDiets.csv",798,"McAtee 1935","Stomach","Stomach","Accipitriformes","Acciptridae","Accipiter","Accipiter cooperii",NA,"Insecta","Orthoptera","Acrididae","Family",NA,41,NA,"USA",NA,NA,"1935"
"new_RaptorDiets.csv",798,"McAtee 1935","Stomach","Stomach","Accipitriformes","Acciptridae","Accipiter","Accipiter cooperii",NA,"Insecta","Orthoptera","Gryllidae","Family",NA,1,NA,"USA",NA,NA,"1935"
"new_RaptorDiets.csv",798,"McAtee 1935","Stomach","Stomach","Accipitriformes","Acciptridae","Accipiter","Accipiter cooperii",NA,"Insecta","Coleoptera","Coleoptera","Order",NA,1,NA,"USA",NA,NA,"1935"
"new_RaptorDiets.csv",798,"McAtee 1935","Stomach","Stomach","Accipitriformes","Acciptridae","Accipiter","Accipiter cooperii",NA,"Insecta","Odonata","Anisoptera","Infraorder",NA,1,NA,"USA",NA,NA,"1935"
"new_RaptorDiets.csv",798,"McAtee 1935","Stomach","Stomach","Accipitriformes","Acciptridae","Accipiter","Accipiter cooperii",NA,"Insecta","Lepidoptera","Lepidoptera","Order",NA,9,NA,"USA",NA,NA,"1935"
"new_RaptorDiets.csv",799,"McAtee 1935","Stomach","Stomach","Accipitriformes","Acciptridae","Buteo","Buteo jamaicensis",NA,"Aves","Galliformes","Gallus gallus","Species",NA,30,NA,"USA",NA,NA,"1935"
"new_RaptorDiets.csv",799,"McAtee 1935","Stomach","Stomach","Accipitriformes","Acciptridae","Buteo","Buteo jamaicensis",NA,"Aves","Anseriformes","Anas sp","Genus",NA,4,NA,"USA",NA,NA,"1935"
"new_RaptorDiets.csv",799,"McAtee 1935","Stomach","Stomach","Accipitriformes","Acciptridae","Buteo","Buteo jamaicensis",NA,"Aves","Galliformes","Bonasa umbellus","Species",NA,3,NA,"USA",NA,NA,"1935"
"new_RaptorDiets.csv",799,"McAtee 1935","Stomach","Stomach","Accipitriformes","Acciptridae","Buteo","Buteo jamaicensis",NA,"Aves","Galliformes","Tympanuchus phasianellus","Species",NA,1,NA,"USA",NA,NA,"1935"
"new_RaptorDiets.csv",799,"McAtee 1935","Stomach","Stomach","Accipitriformes","Acciptridae","Buteo","Buteo jamaicensis",NA,"Aves","Galliformes","Tympanuchus cupido","Species",NA,1,NA,"USA",NA,NA,"1935"
"new_RaptorDiets.csv",799,"McAtee 1935","Stomach","Stomach","Accipitriformes","Acciptridae","Buteo","Buteo jamaicensis",NA,"Aves","Galliformes","Phasianus colchicus","Species",NA,3,NA,"USA",NA,NA,"1935"
"new_RaptorDiets.csv",799,"McAtee 1935","Stomach","Stomach","Accipitriformes","Acciptridae","Buteo","Buteo jamaicensis",NA,"Aves","Galliformes","Perdix perdix","Species",NA,1,NA,"USA",NA,NA,"1935"
"new_RaptorDiets.csv",799,"McAtee 1935","Stomach","Stomach","Accipitriformes","Acciptridae","Buteo","Buteo jamaicensis",NA,"Aves","Galliformes","Colinus virginianus","Species",NA,2,NA,"USA",NA,NA,"1935"
"new_RaptorDiets.csv",799,"McAtee 1935","Stomach","Stomach","Accipitriformes","Acciptridae","Buteo","Buteo jamaicensis",NA,"Aves","Galliformes","Callipepla squamata","Species",NA,2,NA,"USA",NA,NA,"1935"
"new_RaptorDiets.csv",799,"McAtee 1935","Stomach","Stomach","Accipitriformes","Acciptridae","Buteo","Buteo jamaicensis",NA,"Aves","Passeriformes","Corvus brachyrhynchos","Species",NA,8,NA,"USA",NA,NA,"1935"
"new_RaptorDiets.csv",799,"McAtee 1935","Stomach","Stomach","Accipitriformes","Acciptridae","Buteo","Buteo jamaicensis",NA,"Aves","Strigiformes","Megascops sp","Species",NA,1,NA,"USA",NA,NA,"1935"
"new_RaptorDiets.csv",799,"McAtee 1935","Stomach","Stomach","Accipitriformes","Acciptridae","Buteo","Buteo jamaicensis",NA,"Aves","Passeriformes","Melospiza sp","Genus",NA,15,NA,"USA",NA,NA,"1935"
"new_RaptorDiets.csv",799,"McAtee 1935","Stomach","Stomach","Accipitriformes","Acciptridae","Buteo","Buteo jamaicensis",NA,"Aves","Passeriformes","Sturnella sp","Genus",NA,7,NA,"USA",NA,NA,"1935"
"new_RaptorDiets.csv",799,"McAtee 1935","Stomach","Stomach","Accipitriformes","Acciptridae","Buteo","Buteo jamaicensis",NA,"Aves","Passeriformes","Turdidae","Family",NA,6,NA,"USA",NA,NA,"1935"
"new_RaptorDiets.csv",799,"McAtee 1935","Stomach","Stomach","Accipitriformes","Acciptridae","Buteo","Buteo jamaicensis",NA,"Aves","","Aves","Class",NA,31,NA,"USA",NA,NA,"1935"
"new_RaptorDiets.csv",799,"McAtee 1935","Stomach","Stomach","Accipitriformes","Acciptridae","Buteo","Buteo jamaicensis",NA,"Mammalia","Rodentia","Sciuridae","Family",NA,80,NA,"USA",NA,NA,"1935"
"new_RaptorDiets.csv",799,"McAtee 1935","Stomach","Stomach","Accipitriformes","Acciptridae","Buteo","Buteo jamaicensis",NA,"Mammalia","Lagomorpha","Lagomorpha","Order",NA,64,NA,"USA",NA,NA,"1935"
"new_RaptorDiets.csv",799,"McAtee 1935","Stomach","Stomach","Accipitriformes","Acciptridae","Buteo","Buteo jamaicensis",NA,"Mammalia","Eulipotyphla","Soricidae","Family",NA,80,NA,"USA",NA,NA,"1935"
"new_RaptorDiets.csv",799,"McAtee 1935","Stomach","Stomach","Accipitriformes","Acciptridae","Buteo","Buteo jamaicensis",NA,"Mammalia","Eulipotyphla","Talpidae","Family",NA,7,NA,"USA",NA,NA,"1935"
"new_RaptorDiets.csv",799,"McAtee 1935","Stomach","Stomach","Accipitriformes","Acciptridae","Buteo","Buteo jamaicensis",NA,"Mammalia","Chiroptera","Chiroptera","Order",NA,2,NA,"USA",NA,NA,"1935"
"new_RaptorDiets.csv",799,"McAtee 1935","Stomach","Stomach","Accipitriformes","Acciptridae","Buteo","Buteo jamaicensis",NA,"Mammalia","Carnivora","Mephitis mephitis","Species",NA,1,NA,"USA",NA,NA,"1935"
"new_RaptorDiets.csv",799,"McAtee 1935","Stomach","Stomach","Accipitriformes","Acciptridae","Buteo","Buteo jamaicensis",NA,"Mammalia","Rodentia","Ondatra zibethicus","Species",NA,1,NA,"USA",NA,NA,"1935"
"new_RaptorDiets.csv",799,"McAtee 1935","Stomach","Stomach","Accipitriformes","Acciptridae","Buteo","Buteo jamaicensis",NA,"Mammalia","Rodentia","Microtus pennsylvanicus","Species",NA,228,NA,"USA",NA,NA,"1935"
"new_RaptorDiets.csv",799,"McAtee 1935","Stomach","Stomach","Accipitriformes","Acciptridae","Buteo","Buteo jamaicensis",NA,"Mammalia","Rodentia","Muroidea","Superfamily",NA,129,NA,"USA",NA,NA,"1935"
"new_RaptorDiets.csv",799,"McAtee 1935","Stomach","Stomach","Accipitriformes","Acciptridae","Buteo","Buteo jamaicensis",NA,"Mammalia","Rodentia","Mus musculus","Species",NA,28,NA,"USA",NA,NA,"1935"
"new_RaptorDiets.csv",799,"McAtee 1935","Stomach","Stomach","Accipitriformes","Acciptridae","Buteo","Buteo jamaicensis",NA,"Mammalia","Rodentia","Neotoma sp","Genus",NA,2,NA,"USA",NA,NA,"1935"
"new_RaptorDiets.csv",799,"McAtee 1935","Stomach","Stomach","Accipitriformes","Acciptridae","Buteo","Buteo jamaicensis",NA,"Mammalia","Rodentia","Sigmodon sp","Genus",NA,10,NA,"USA",NA,NA,"1935"
"new_RaptorDiets.csv",799,"McAtee 1935","Stomach","Stomach","Accipitriformes","Acciptridae","Buteo","Buteo jamaicensis",NA,"Mammalia","Rodentia","Rattus rattus","Species",NA,13,NA,"USA",NA,NA,"1935"
"new_RaptorDiets.csv",799,"McAtee 1935","Stomach","Stomach","Accipitriformes","Acciptridae","Buteo","Buteo jamaicensis",NA,"Mammalia","Rodentia","Geomys sp","Genus",NA,13,NA,"USA",NA,NA,"1935"
"new_RaptorDiets.csv",799,"McAtee 1935","Stomach","Stomach","Accipitriformes","Acciptridae","Buteo","Buteo jamaicensis",NA,"Mammalia","Rodentia","Spermophilus sp","Genus",NA,39,NA,"USA",NA,NA,"1935"
"new_RaptorDiets.csv",799,"McAtee 1935","Stomach","Stomach","Accipitriformes","Acciptridae","Buteo","Buteo jamaicensis",NA,"Mammalia","Rodentia","Marmota monax","Species",NA,1,NA,"USA",NA,NA,"1935"
"new_RaptorDiets.csv",799,"McAtee 1935","Stomach","Stomach","Accipitriformes","Acciptridae","Buteo","Buteo jamaicensis",NA,"Mammalia","Rodentia","Erethizon dorsatum","Species",NA,1,NA,"USA",NA,NA,"1935"
"new_RaptorDiets.csv",799,"McAtee 1935","Stomach","Stomach","Accipitriformes","Acciptridae","Buteo","Buteo jamaicensis",NA,"Insecta","Orthoptera","Acrididae","Family",NA,61,NA,"USA",NA,NA,"1935"
"new_RaptorDiets.csv",799,"McAtee 1935","Stomach","Stomach","Accipitriformes","Acciptridae","Buteo","Buteo jamaicensis",NA,"Insecta","Lepidoptera","Lepidoptera","Order",NA,4,NA,"USA",NA,NA,"1935"
"new_RaptorDiets.csv",799,"McAtee 1935","Stomach","Stomach","Accipitriformes","Acciptridae","Buteo","Buteo jamaicensis",NA,"Insecta","","Insecta","Class",NA,41,NA,"USA",NA,NA,"1935"
"new_RaptorDiets.csv",799,"McAtee 1935","Stomach","Stomach","Accipitriformes","Acciptridae","Buteo","Buteo jamaicensis",NA,"Arachnida","Araneae","Araneae","Order",NA,3,NA,"USA",NA,NA,"1935"
"new_RaptorDiets.csv",799,"McAtee 1935","Stomach","Stomach","Accipitriformes","Acciptridae","Buteo","Buteo jamaicensis",NA,"Chilopoda","","Chilopoda","Class",NA,1,NA,"USA",NA,NA,"1935"
"new_RaptorDiets.csv",799,"McAtee 1935","Stomach","Stomach","Accipitriformes","Acciptridae","Buteo","Buteo jamaicensis",NA,"Malacostraca","Decapoda","Astacoidea","Infraorder",NA,12,NA,"USA",NA,NA,"1935"
"new_RaptorDiets.csv",799,"McAtee 1935","Stomach","Stomach","Accipitriformes","Acciptridae","Buteo","Buteo jamaicensis",NA,"Reptilia","Squamata","Serpentes","Suborder",NA,28,NA,"USA",NA,NA,"1935"
"new_RaptorDiets.csv",799,"McAtee 1935","Stomach","Stomach","Accipitriformes","Acciptridae","Buteo","Buteo jamaicensis",NA,"Reptilia","Squamata","Pituophis catenifer","Species",NA,1,NA,"USA",NA,NA,"1935"
"new_RaptorDiets.csv",799,"McAtee 1935","Stomach","Stomach","Accipitriformes","Acciptridae","Buteo","Buteo jamaicensis",NA,"Reptilia","Squamata","Thamnophis sp","Genus",NA,1,NA,"USA",NA,NA,"1935"
"new_RaptorDiets.csv",799,"McAtee 1935","Stomach","Stomach","Accipitriformes","Acciptridae","Buteo","Buteo jamaicensis",NA,"Reptilia","Squamata","Heterodon sp","Genus",NA,1,NA,"USA",NA,NA,"1935"
"new_RaptorDiets.csv",799,"McAtee 1935","Stomach","Stomach","Accipitriformes","Acciptridae","Buteo","Buteo jamaicensis",NA,"Reptilia","Squamata","Heterodon platirhinos","Species",NA,1,NA,"USA",NA,NA,"1935"
"new_RaptorDiets.csv",799,"McAtee 1935","Stomach","Stomach","Accipitriformes","Acciptridae","Buteo","Buteo jamaicensis",NA,"Amphibia","Anura","Anura","Order",NA,13,NA,"USA",NA,NA,"1935"
"new_RaptorDiets.csv",799,"McAtee 1935","Stomach","Stomach","Accipitriformes","Acciptridae","Buteo","Buteo jamaicensis",NA,"Amphibia","Anura","Bufonidae","Family",NA,8,NA,"USA",NA,NA,"1935"
"new_RaptorDiets.csv",799,"McAtee 1935","Stomach","Stomach","Accipitriformes","Acciptridae","Buteo","Buteo jamaicensis",NA,"Reptilia","Squamata","Squamata","Order",NA,4,NA,"USA",NA,NA,"1935"
"new_RaptorDiets.csv",799,"McAtee 1935","Stomach","Stomach","Accipitriformes","Acciptridae","Buteo","Buteo jamaicensis",NA,"Reptilia","Testudines","Chelonia sp","Order",NA,1,NA,"USA",NA,NA,"1935"
"new_RaptorDiets.csv",799,"McAtee 1935","Stomach","Stomach","Accipitriformes","Acciptridae","Buteo","Buteo jamaicensis",NA,"Amphibia","Urodela","Urodela","Order",NA,1,NA,"USA",NA,NA,"1935"
"new_RaptorDiets.csv",800,"McAtee 1935","Stomach","Stomach","Accipitriformes","Acciptridae","Buteo","Buteo lineatus",NA,"Aves","Galliformes","Gallus gallus","Species",NA,8,NA,"USA",NA,NA,"1935"
"new_RaptorDiets.csv",800,"McAtee 1935","Stomach","Stomach","Accipitriformes","Acciptridae","Buteo","Buteo lineatus",NA,"Aves","Galliformes","Phasianus colchicus","Species",NA,4,NA,"USA",NA,NA,"1935"
"new_RaptorDiets.csv",800,"McAtee 1935","Stomach","Stomach","Accipitriformes","Acciptridae","Buteo","Buteo lineatus",NA,"Aves","Charadriiformes","Scolopax minor","Species",NA,1,NA,"USA",NA,NA,"1935"
"new_RaptorDiets.csv",800,"McAtee 1935","Stomach","Stomach","Accipitriformes","Acciptridae","Buteo","Buteo lineatus",NA,"Aves","Columbiformes","Zenaida macroura","Species",NA,1,NA,"USA",NA,NA,"1935"
"new_RaptorDiets.csv",800,"McAtee 1935","Stomach","Stomach","Accipitriformes","Acciptridae","Buteo","Buteo lineatus",NA,"Aves","Gruiformes","Porzana carolina","Species",NA,1,NA,"USA",NA,NA,"1935"
"new_RaptorDiets.csv",800,"McAtee 1935","Stomach","Stomach","Accipitriformes","Acciptridae","Buteo","Buteo lineatus",NA,"Aves","Galliformes","Odontophoridae","Family",NA,1,NA,"USA",NA,NA,"1935"
"new_RaptorDiets.csv",800,"McAtee 1935","Stomach","Stomach","Accipitriformes","Acciptridae","Buteo","Buteo lineatus",NA,"Aves","Passeriformes","Corvus brachyrhynchos","Species",NA,1,NA,"USA",NA,NA,"1935"
"new_RaptorDiets.csv",800,"McAtee 1935","Stomach","Stomach","Accipitriformes","Acciptridae","Buteo","Buteo lineatus",NA,"Aves","Strigiformes","Megascops sp","Species",NA,1,NA,"USA",NA,NA,"1935"
"new_RaptorDiets.csv",800,"McAtee 1935","Stomach","Stomach","Accipitriformes","Acciptridae","Buteo","Buteo lineatus",NA,"Aves","Falconiformes","Falco sparverius","Species",NA,1,NA,"USA",NA,NA,"1935"
"new_RaptorDiets.csv",800,"McAtee 1935","Stomach","Stomach","Accipitriformes","Acciptridae","Buteo","Buteo lineatus",NA,"Aves","","Aves","Class",NA,24,NA,"USA",NA,NA,"1935"
"new_RaptorDiets.csv",800,"McAtee 1935","Stomach","Stomach","Accipitriformes","Acciptridae","Buteo","Buteo lineatus",NA,"Aves","Passeriformes","Icteridae","Family",NA,1,NA,"USA",NA,NA,"1935"
"new_RaptorDiets.csv",800,"McAtee 1935","Stomach","Stomach","Accipitriformes","Acciptridae","Buteo","Buteo lineatus",NA,"Aves","Passeriformes","Sturnella sp","Genus",NA,1,NA,"USA",NA,NA,"1935"
"new_RaptorDiets.csv",800,"McAtee 1935","Stomach","Stomach","Accipitriformes","Acciptridae","Buteo","Buteo lineatus",NA,"Aves","Passeriformes","Passerellidae","Family",NA,1,NA,"USA",NA,NA,"1935"
"new_RaptorDiets.csv",800,"McAtee 1935","Stomach","Stomach","Accipitriformes","Acciptridae","Buteo","Buteo lineatus",NA,"Aves","Passeriformes","Troglodytes hiemalis","Species",NA,1,NA,"USA",NA,NA,"1935"
"new_RaptorDiets.csv",800,"McAtee 1935","Stomach","Stomach","Accipitriformes","Acciptridae","Buteo","Buteo lineatus",NA,"Mammalia","Lagomorpha","Lagomorpha","Order",NA,4,NA,"USA",NA,NA,"1935"
"new_RaptorDiets.csv",800,"McAtee 1935","Stomach","Stomach","Accipitriformes","Acciptridae","Buteo","Buteo lineatus",NA,"Mammalia","Rodentia","Sciuridae","Family",NA,7,NA,"USA",NA,NA,"1935"
"new_RaptorDiets.csv",800,"McAtee 1935","Stomach","Stomach","Accipitriformes","Acciptridae","Buteo","Buteo lineatus",NA,"Mammalia","Rodentia","Tamiasciurus hudsonicus","Species",NA,1,NA,"USA",NA,NA,"1935"
"new_RaptorDiets.csv",800,"McAtee 1935","Stomach","Stomach","Accipitriformes","Acciptridae","Buteo","Buteo lineatus",NA,"Mammalia","Rodentia","Marmotini","Tribe",NA,1,NA,"USA",NA,NA,"1935"
"new_RaptorDiets.csv",800,"McAtee 1935","Stomach","Stomach","Accipitriformes","Acciptridae","Buteo","Buteo lineatus",NA,"Mammalia","Carnivora","Mephitis mephitis","Species",NA,1,NA,"USA",NA,NA,"1935"
"new_RaptorDiets.csv",800,"McAtee 1935","Stomach","Stomach","Accipitriformes","Acciptridae","Buteo","Buteo lineatus",NA,"Mammalia","Rodentia","Ondatra zibethicus","Species",NA,1,NA,"USA",NA,NA,"1935"
"new_RaptorDiets.csv",800,"McAtee 1935","Stomach","Stomach","Accipitriformes","Acciptridae","Buteo","Buteo lineatus",NA,"Mammalia","Didelphimorphia","Didelphis virginiana","Species",NA,1,NA,"USA",NA,NA,"1935"
"new_RaptorDiets.csv",800,"McAtee 1935","Stomach","Stomach","Accipitriformes","Acciptridae","Buteo","Buteo lineatus",NA,"Mammalia","Eulipotyphla","Soricidae","Family",NA,48,NA,"USA",NA,NA,"1935"
"new_RaptorDiets.csv",800,"McAtee 1935","Stomach","Stomach","Accipitriformes","Acciptridae","Buteo","Buteo lineatus",NA,"Mammalia","Eulipotyphla","Talpidae","Family",NA,8,NA,"USA",NA,NA,"1935"
"new_RaptorDiets.csv",800,"McAtee 1935","Stomach","Stomach","Accipitriformes","Acciptridae","Buteo","Buteo lineatus",NA,"Mammalia","Rodentia","Rattus rattus","Species",NA,1,NA,"USA",NA,NA,"1935"
"new_RaptorDiets.csv",800,"McAtee 1935","Stomach","Stomach","Accipitriformes","Acciptridae","Buteo","Buteo lineatus",NA,"Mammalia","Rodentia","Microtus pennsylvanicus","Species",NA,89,NA,"USA",NA,NA,"1935"
"new_RaptorDiets.csv",800,"McAtee 1935","Stomach","Stomach","Accipitriformes","Acciptridae","Buteo","Buteo lineatus",NA,"Mammalia","Rodentia","Mus musculus","Species",NA,10,NA,"USA",NA,NA,"1935"
"new_RaptorDiets.csv",800,"McAtee 1935","Stomach","Stomach","Accipitriformes","Acciptridae","Buteo","Buteo lineatus",NA,"Mammalia","Rodentia","Peromyscus leucopus","Species",NA,1,NA,"USA",NA,NA,"1935"
"new_RaptorDiets.csv",800,"McAtee 1935","Stomach","Stomach","Accipitriformes","Acciptridae","Buteo","Buteo lineatus",NA,"Mammalia","Rodentia","Muroidea","Superfamily",NA,48,NA,"USA",NA,NA,"1935"
"new_RaptorDiets.csv",800,"McAtee 1935","Stomach","Stomach","Accipitriformes","Acciptridae","Buteo","Buteo lineatus",NA,"Mammalia","Rodentia","Oryzomys palustris","Species",NA,4,NA,"USA",NA,NA,"1935"
"new_RaptorDiets.csv",800,"McAtee 1935","Stomach","Stomach","Accipitriformes","Acciptridae","Buteo","Buteo lineatus",NA,"Amphibia","Anura","Anura","Order",NA,61,NA,"USA",NA,NA,"1935"
"new_RaptorDiets.csv",800,"McAtee 1935","Stomach","Stomach","Accipitriformes","Acciptridae","Buteo","Buteo lineatus",NA,"Amphibia","Anura","Bufonidae","Family",NA,19,NA,"USA",NA,NA,"1935"
"new_RaptorDiets.csv",800,"McAtee 1935","Stomach","Stomach","Accipitriformes","Acciptridae","Buteo","Buteo lineatus",NA,"Amphibia","Urodela","Urodela","Order",NA,7,NA,"USA",NA,NA,"1935"
"new_RaptorDiets.csv",800,"McAtee 1935","Stomach","Stomach","Accipitriformes","Acciptridae","Buteo","Buteo lineatus",NA,"Amphibia","Anura","Lithobates catesbeianus","Species",NA,1,NA,"USA",NA,NA,"1935"
"new_RaptorDiets.csv",801,"McAtee 1935","Stomach","Stomach","Accipitriformes","Acciptridae","Buteo","Buteo platypterus",NA,"Aves","Galliformes","Bonasa umbellus","Species",NA,1,NA,"USA",NA,NA,"1935"
"new_RaptorDiets.csv",801,"McAtee 1935","Stomach","Stomach","Accipitriformes","Acciptridae","Buteo","Buteo platypterus",NA,"Aves","","Aves","Class",NA,13,NA,"USA",NA,NA,"1935"
"new_RaptorDiets.csv",801,"McAtee 1935","Stomach","Stomach","Accipitriformes","Acciptridae","Buteo","Buteo platypterus",NA,"Mammalia","Lagomorpha","Lagomorpha","Order",NA,2,NA,"USA",NA,NA,"1935"
"new_RaptorDiets.csv",801,"McAtee 1935","Stomach","Stomach","Accipitriformes","Acciptridae","Buteo","Buteo platypterus",NA,"Mammalia","Rodentia","Sciuridae","Family",NA,2,NA,"USA",NA,NA,"1935"
"new_RaptorDiets.csv",801,"McAtee 1935","Stomach","Stomach","Accipitriformes","Acciptridae","Buteo","Buteo platypterus",NA,"Mammalia","Rodentia","Marmotini","Tribe",NA,5,NA,"USA",NA,NA,"1935"
"new_RaptorDiets.csv",801,"McAtee 1935","Stomach","Stomach","Accipitriformes","Acciptridae","Buteo","Buteo platypterus",NA,"Mammalia","Chiroptera","Chiroptera","Order",NA,1,NA,"USA",NA,NA,"1935"
"new_RaptorDiets.csv",801,"McAtee 1935","Stomach","Stomach","Accipitriformes","Acciptridae","Buteo","Buteo platypterus",NA,"Mammalia","Eulipotyphla","Talpidae","Family",NA,1,NA,"USA",NA,NA,"1935"
"new_RaptorDiets.csv",801,"McAtee 1935","Stomach","Stomach","Accipitriformes","Acciptridae","Buteo","Buteo platypterus",NA,"Mammalia","Carnivora","Mustela sp","Genus",NA,1,NA,"USA",NA,NA,"1935"
"new_RaptorDiets.csv",801,"McAtee 1935","Stomach","Stomach","Accipitriformes","Acciptridae","Buteo","Buteo platypterus",NA,"Mammalia","Eulipotyphla","Soricidae","Family",NA,27,NA,"USA",NA,NA,"1935"
"new_RaptorDiets.csv",801,"McAtee 1935","Stomach","Stomach","Accipitriformes","Acciptridae","Buteo","Buteo platypterus",NA,"Mammalia","Rodentia","Microtus sp","Genus",NA,14,NA,"USA",NA,NA,"1935"
"new_RaptorDiets.csv",801,"McAtee 1935","Stomach","Stomach","Accipitriformes","Acciptridae","Buteo","Buteo platypterus",NA,"Mammalia","Rodentia","Muroidea","Superfamily",NA,10,NA,"USA",NA,NA,"1935"
"new_RaptorDiets.csv",801,"McAtee 1935","Stomach","Stomach","Accipitriformes","Acciptridae","Buteo","Buteo platypterus",NA,"Mammalia","Rodentia","Rattus rattus","Species",NA,1,NA,"USA",NA,NA,"1935"
"new_RaptorDiets.csv",801,"McAtee 1935","Stomach","Stomach","Accipitriformes","Acciptridae","Buteo","Buteo platypterus",NA,"Reptilia","Squamata","Serpentes","Suborder",NA,26,NA,"USA",NA,NA,"1935"
"new_RaptorDiets.csv",801,"McAtee 1935","Stomach","Stomach","Accipitriformes","Acciptridae","Buteo","Buteo platypterus",NA,"Reptilia","Squamata","Thamnophis sp","Genus",NA,1,NA,"USA",NA,NA,"1935"
"new_RaptorDiets.csv",801,"McAtee 1935","Stomach","Stomach","Accipitriformes","Acciptridae","Buteo","Buteo platypterus",NA,"Reptilia","Squamata","Coluber constrictor","Species",NA,1,NA,"USA",NA,NA,"1935"
"new_RaptorDiets.csv",801,"McAtee 1935","Stomach","Stomach","Accipitriformes","Acciptridae","Buteo","Buteo platypterus",NA,"Reptilia","Squamata","Opheodrys vernalis","Species",NA,1,NA,"USA",NA,NA,"1935"
"new_RaptorDiets.csv",801,"McAtee 1935","Stomach","Stomach","Accipitriformes","Acciptridae","Buteo","Buteo platypterus",NA,"Reptilia","Squamata","Storeria occipitomaculata","Species",NA,1,NA,"USA",NA,NA,"1935"
"new_RaptorDiets.csv",801,"McAtee 1935","Stomach","Stomach","Accipitriformes","Acciptridae","Buteo","Buteo platypterus",NA,"Reptilia","Squamata","Pseudonaja textilis","Species",NA,1,NA,"USA",NA,NA,"1935"
"new_RaptorDiets.csv",801,"McAtee 1935","Stomach","Stomach","Accipitriformes","Acciptridae","Buteo","Buteo platypterus",NA,"Amphibia","Anura","Anura","Order",NA,25,NA,"USA",NA,NA,"1935"
"new_RaptorDiets.csv",801,"McAtee 1935","Stomach","Stomach","Accipitriformes","Acciptridae","Buteo","Buteo platypterus",NA,"Reptilia","Squamata","Squamata","Order",NA,8,NA,"USA",NA,NA,"1935"
"new_RaptorDiets.csv",801,"McAtee 1935","Stomach","Stomach","Accipitriformes","Acciptridae","Buteo","Buteo platypterus",NA,"Reptilia","Testudines","Chelonia sp","Order",NA,1,NA,"USA",NA,NA,"1935"
"new_RaptorDiets.csv",801,"McAtee 1935","Stomach","Stomach","Accipitriformes","Acciptridae","Buteo","Buteo platypterus",NA,"Amphibia","Anura","Bufonidae","Family",NA,21,NA,"USA",NA,NA,"1935"
"new_RaptorDiets.csv",801,"McAtee 1935","Stomach","Stomach","Accipitriformes","Acciptridae","Buteo","Buteo platypterus",NA,"Insecta","Orthoptera","Acrididae","Family",NA,73,NA,"USA",NA,NA,"1935"
"new_RaptorDiets.csv",801,"McAtee 1935","Stomach","Stomach","Accipitriformes","Acciptridae","Buteo","Buteo platypterus",NA,"Insecta","Orthoptera","Gryllidae","Family",NA,26,NA,"USA",NA,NA,"1935"
"new_RaptorDiets.csv",801,"McAtee 1935","Stomach","Stomach","Accipitriformes","Acciptridae","Buteo","Buteo platypterus",NA,"Insecta","Hemiptera","Cicadoidea","Superfamily",NA,8,NA,"USA",NA,NA,"1935"
"new_RaptorDiets.csv",801,"McAtee 1935","Stomach","Stomach","Accipitriformes","Acciptridae","Buteo","Buteo platypterus",NA,"Insecta","Lepidoptera","Citheronia regalis","Species",NA,1,NA,"USA",NA,NA,"1935"
"new_RaptorDiets.csv",801,"McAtee 1935","Stomach","Stomach","Accipitriformes","Acciptridae","Buteo","Buteo platypterus",NA,"Insecta","Lepidoptera","Sphingidae","Family",NA,1,NA,"USA",NA,NA,"1935"
"new_RaptorDiets.csv",801,"McAtee 1935","Stomach","Stomach","Accipitriformes","Acciptridae","Buteo","Buteo platypterus",NA,"Insecta","Lepidoptera","Noctuidae","Family",NA,1,NA,"USA",NA,NA,"1935"
"new_RaptorDiets.csv",801,"McAtee 1935","Stomach","Stomach","Accipitriformes","Acciptridae","Buteo","Buteo platypterus",NA,"Insecta","Lepidoptera","Lepidoptera","Order",NA,29,NA,"USA",NA,NA,"1935"
"new_RaptorDiets.csv",801,"McAtee 1935","Stomach","Stomach","Accipitriformes","Acciptridae","Buteo","Buteo platypterus",NA,"Insecta","","Insecta","Class",NA,60,NA,"USA",NA,NA,"1935"
"new_RaptorDiets.csv",801,"McAtee 1935","Stomach","Stomach","Accipitriformes","Acciptridae","Buteo","Buteo platypterus",NA,"Arachnida","Araneae","Araneae","Order",NA,7,NA,"USA",NA,NA,"1935"
"new_RaptorDiets.csv",801,"McAtee 1935","Stomach","Stomach","Accipitriformes","Acciptridae","Buteo","Buteo platypterus",NA,"Chilopoda","","Chilopoda","Class",NA,2,NA,"USA",NA,NA,"1935"
"new_RaptorDiets.csv",801,"McAtee 1935","Stomach","Stomach","Accipitriformes","Acciptridae","Buteo","Buteo platypterus",NA,"Malacostraca","Decapoda","Astacoidea","Infraorder",NA,5,NA,"USA",NA,NA,"1935"
"new_RaptorDiets.csv",801,"McAtee 1935","Stomach","Stomach","Accipitriformes","Acciptridae","Buteo","Buteo platypterus",NA,"Clitellata","Opisthopora","Lumbricidae","Family",NA,1,NA,"USA",NA,NA,"1935"
"new_RaptorDiets.csv",802,"McAtee 1935","Stomach","Stomach","Accipitriformes","Acciptridae","Buteo","Buteo swainsoni",NA,"Aves","Galliformes","Phasianidae","Family",NA,1,NA,"USA",NA,NA,"1935"
"new_RaptorDiets.csv",802,"McAtee 1935","Stomach","Stomach","Accipitriformes","Acciptridae","Buteo","Buteo swainsoni",NA,"Aves","","Aves","Class",NA,9,NA,"USA",NA,NA,"1935"
"new_RaptorDiets.csv",802,"McAtee 1935","Stomach","Stomach","Accipitriformes","Acciptridae","Buteo","Buteo swainsoni",NA,"Mammalia","Rodentia","Spermophilus sp","Genus",NA,65,NA,"USA",NA,NA,"1935"
"new_RaptorDiets.csv",802,"McAtee 1935","Stomach","Stomach","Accipitriformes","Acciptridae","Buteo","Buteo swainsoni",NA,"Mammalia","Rodentia","Geomyidae","Family",NA,10,NA,"USA",NA,NA,"1935"
"new_RaptorDiets.csv",802,"McAtee 1935","Stomach","Stomach","Accipitriformes","Acciptridae","Buteo","Buteo swainsoni",NA,"Mammalia","Rodentia","Microtus pennsylvanicus","Species",NA,10,NA,"USA",NA,NA,"1935"
"new_RaptorDiets.csv",802,"McAtee 1935","Stomach","Stomach","Accipitriformes","Acciptridae","Buteo","Buteo swainsoni",NA,"Mammalia","Rodentia","Muroidea","Superfamily",NA,2,NA,"USA",NA,NA,"1935"
"new_RaptorDiets.csv",802,"McAtee 1935","Stomach","Stomach","Accipitriformes","Acciptridae","Buteo","Buteo swainsoni",NA,"Mammalia","Lagomorpha","Lagomorpha","Order",NA,3,NA,"USA",NA,NA,"1935"
"new_RaptorDiets.csv",802,"McAtee 1935","Stomach","Stomach","Accipitriformes","Acciptridae","Buteo","Buteo swainsoni",NA,"Mammalia","Eulipotyphla","Soricidae","Family",NA,1,NA,"USA",NA,NA,"1935"
"new_RaptorDiets.csv",802,"McAtee 1935","Stomach","Stomach","Accipitriformes","Acciptridae","Buteo","Buteo swainsoni",NA,"Mammalia","Rodentia","Dipodomys sp","Genus",NA,1,NA,"USA",NA,NA,"1935"
"new_RaptorDiets.csv",802,"McAtee 1935","Stomach","Stomach","Accipitriformes","Acciptridae","Buteo","Buteo swainsoni",NA,"Reptilia","Squamata","Serpentes","Suborder",NA,5,NA,"USA",NA,NA,"1935"
"new_RaptorDiets.csv",802,"McAtee 1935","Stomach","Stomach","Accipitriformes","Acciptridae","Buteo","Buteo swainsoni",NA,"Reptilia","Squamata","Squamata","Order",NA,4,NA,"USA",NA,NA,"1935"
"new_RaptorDiets.csv",802,"McAtee 1935","Stomach","Stomach","Accipitriformes","Acciptridae","Buteo","Buteo swainsoni",NA,"Reptilia","Testudines","Chelydra serpentina","Species",NA,1,NA,"USA",NA,NA,"1935"
"new_RaptorDiets.csv",802,"McAtee 1935","Stomach","Stomach","Accipitriformes","Acciptridae","Buteo","Buteo swainsoni",NA,"Amphibia","Anura","Bufonidae","Family",NA,5,NA,"USA",NA,NA,"1935"
"new_RaptorDiets.csv",802,"McAtee 1935","Stomach","Stomach","Accipitriformes","Acciptridae","Buteo","Buteo swainsoni",NA,"Amphibia","Anura","Anura","Order",NA,1,NA,"USA",NA,NA,"1935"
"new_RaptorDiets.csv",802,"McAtee 1935","Stomach","Stomach","Accipitriformes","Acciptridae","Buteo","Buteo swainsoni",NA,"Reptilia","Squamata","Phrynosoma sp","Genus",NA,1,NA,"USA",NA,NA,"1935"
"new_RaptorDiets.csv",802,"McAtee 1935","Stomach","Stomach","Accipitriformes","Acciptridae","Buteo","Buteo swainsoni",NA,"Reptilia","Squamata","Heterodon sp","Genus",NA,1,NA,"USA",NA,NA,"1935"
"new_RaptorDiets.csv",802,"McAtee 1935","Stomach","Stomach","Accipitriformes","Acciptridae","Buteo","Buteo swainsoni",NA,"Reptilia","Squamata","Thamnophis sp","Genus",NA,1,NA,"USA",NA,NA,"1935"
"new_RaptorDiets.csv",802,"McAtee 1935","Stomach","Stomach","Accipitriformes","Acciptridae","Buteo","Buteo swainsoni",NA,"Reptilia","Squamata","Pituophis catenifer","Species",NA,1,NA,"USA",NA,NA,"1935"
"new_RaptorDiets.csv",802,"McAtee 1935","Stomach","Stomach","Accipitriformes","Acciptridae","Buteo","Buteo swainsoni",NA,"Reptilia","Squamata","Masticophis lateralis","Species",NA,1,NA,"USA",NA,NA,"1935"
"new_RaptorDiets.csv",802,"McAtee 1935","Stomach","Stomach","Accipitriformes","Acciptridae","Buteo","Buteo swainsoni",NA,"Insecta","Orthoptera","Acrididae","Family",NA,223,NA,"USA",NA,NA,"1935"
"new_RaptorDiets.csv",802,"McAtee 1935","Stomach","Stomach","Accipitriformes","Acciptridae","Buteo","Buteo swainsoni",NA,"Insecta","Orthoptera","Anabrus simplex","Species",NA,42,NA,"USA",NA,NA,"1935"
"new_RaptorDiets.csv",802,"McAtee 1935","Stomach","Stomach","Accipitriformes","Acciptridae","Buteo","Buteo swainsoni",NA,"Insecta","Orthoptera","Gryllidae","Family",NA,126,NA,"USA",NA,NA,"1935"
"new_RaptorDiets.csv",802,"McAtee 1935","Stomach","Stomach","Accipitriformes","Acciptridae","Buteo","Buteo swainsoni",NA,"Insecta","Lepidoptera","Lepidoptera","Order",NA,8,NA,"USA",NA,NA,"1935"
"new_RaptorDiets.csv",802,"McAtee 1935","Stomach","Stomach","Accipitriformes","Acciptridae","Buteo","Buteo swainsoni",NA,"Insecta","Coleoptera","Coleoptera","Order",NA,1,NA,"USA",NA,NA,"1935"
"new_RaptorDiets.csv",802,"McAtee 1935","Stomach","Stomach","Accipitriformes","Acciptridae","Buteo","Buteo swainsoni",NA,"Insecta","Odonata","Anisoptera","Infraorder",NA,1,NA,"USA",NA,NA,"1935"
"new_RaptorDiets.csv",802,"McAtee 1935","Stomach","Stomach","Accipitriformes","Acciptridae","Buteo","Buteo swainsoni",NA,"Insecta","","Insecta","Class",NA,15,NA,"USA",NA,NA,"1935"
"new_RaptorDiets.csv",802,"McAtee 1935","Stomach","Stomach","Accipitriformes","Acciptridae","Buteo","Buteo swainsoni",NA,"Arachnida","Araneae","Araneae","Order",NA,3,NA,"USA",NA,NA,"1935"
"new_RaptorDiets.csv",802,"McAtee 1935","Stomach","Stomach","Accipitriformes","Acciptridae","Buteo","Buteo swainsoni",NA,"Chilopoda","","Chilopoda","Class",NA,1,NA,"USA",NA,NA,"1935"
"new_RaptorDiets.csv",803,"McAtee 1935","Stomach","Stomach","Accipitriformes","Acciptridae","Buteo","Buteo lagopus",NA,"Aves","Podicipediformes","Podilymbus podiceps","Species",NA,1,NA,"USA",NA,NA,"1935"
"new_RaptorDiets.csv",803,"McAtee 1935","Stomach","Stomach","Accipitriformes","Acciptridae","Buteo","Buteo lagopus",NA,"Aves","Anseriformes","Oxyura jamaicensis","Species",NA,1,NA,"USA",NA,NA,"1935"
"new_RaptorDiets.csv",803,"McAtee 1935","Stomach","Stomach","Accipitriformes","Acciptridae","Buteo","Buteo lagopus",NA,"Aves","","Aves","Class",NA,2,NA,"USA",NA,NA,"1935"
"new_RaptorDiets.csv",803,"McAtee 1935","Stomach","Stomach","Accipitriformes","Acciptridae","Buteo","Buteo lagopus",NA,"Mammalia","Rodentia","Microtus pinetorum","Species",NA,1,NA,"USA",NA,NA,"1935"
"new_RaptorDiets.csv",803,"McAtee 1935","Stomach","Stomach","Accipitriformes","Acciptridae","Buteo","Buteo lagopus",NA,"Mammalia","Rodentia","Microtus pennsylvanicus","Species",NA,8,NA,"USA",NA,NA,"1935"
"new_RaptorDiets.csv",803,"McAtee 1935","Stomach","Stomach","Accipitriformes","Acciptridae","Buteo","Buteo lagopus",NA,"Mammalia","Rodentia","Microtus sp","Genus",NA,49,NA,"USA",NA,NA,"1935"
"new_RaptorDiets.csv",803,"McAtee 1935","Stomach","Stomach","Accipitriformes","Acciptridae","Buteo","Buteo lagopus",NA,"Mammalia","Rodentia","Mus musculus","Species",NA,5,NA,"USA",NA,NA,"1935"
"new_RaptorDiets.csv",803,"McAtee 1935","Stomach","Stomach","Accipitriformes","Acciptridae","Buteo","Buteo lagopus",NA,"Mammalia","Rodentia","Cricetidae","Family",NA,20,NA,"USA",NA,NA,"1935"
"new_RaptorDiets.csv",803,"McAtee 1935","Stomach","Stomach","Accipitriformes","Acciptridae","Buteo","Buteo lagopus",NA,"Mammalia","Rodentia","Lemmini","Tribe",NA,4,NA,"USA",NA,NA,"1935"
"new_RaptorDiets.csv",803,"McAtee 1935","Stomach","Stomach","Accipitriformes","Acciptridae","Buteo","Buteo lagopus",NA,"Mammalia","Rodentia","Peromyscus sp","Genus",NA,1,NA,"USA",NA,NA,"1935"
"new_RaptorDiets.csv",803,"McAtee 1935","Stomach","Stomach","Accipitriformes","Acciptridae","Buteo","Buteo lagopus",NA,"Mammalia","Rodentia","Chaetodipus penicillatus","Species",NA,15,NA,"USA",NA,NA,"1935"
"new_RaptorDiets.csv",803,"McAtee 1935","Stomach","Stomach","Accipitriformes","Acciptridae","Buteo","Buteo lagopus",NA,"Mammalia","Rodentia","Rattus norvegicus","Species",NA,4,NA,"USA",NA,NA,"1935"
"new_RaptorDiets.csv",803,"McAtee 1935","Stomach","Stomach","Accipitriformes","Acciptridae","Buteo","Buteo lagopus",NA,"Mammalia","Lagomorpha","Lagomorpha","Order",NA,9,NA,"USA",NA,NA,"1935"
"new_RaptorDiets.csv",803,"McAtee 1935","Stomach","Stomach","Accipitriformes","Acciptridae","Buteo","Buteo lagopus",NA,"Mammalia","Rodentia","Spermophilus sp","Genus",NA,5,NA,"USA",NA,NA,"1935"
"new_RaptorDiets.csv",803,"McAtee 1935","Stomach","Stomach","Accipitriformes","Acciptridae","Buteo","Buteo lagopus",NA,"Mammalia","Rodentia","Geomyidae","Family",NA,3,NA,"USA",NA,NA,"1935"
"new_RaptorDiets.csv",803,"McAtee 1935","Stomach","Stomach","Accipitriformes","Acciptridae","Buteo","Buteo lagopus",NA,"Mammalia","Rodentia","Cynomys sp","Genus",NA,1,NA,"USA",NA,NA,"1935"
"new_RaptorDiets.csv",803,"McAtee 1935","Stomach","Stomach","Accipitriformes","Acciptridae","Buteo","Buteo lagopus",NA,"Mammalia","Eulipotyphla","Talpidae","Family",NA,1,NA,"USA",NA,NA,"1935"
"new_RaptorDiets.csv",803,"McAtee 1935","Stomach","Stomach","Accipitriformes","Acciptridae","Buteo","Buteo lagopus",NA,"Mammalia","Carnivora","Mustela sp","Genus",NA,1,NA,"USA",NA,NA,"1935"
"new_RaptorDiets.csv",803,"McAtee 1935","Stomach","Stomach","Accipitriformes","Acciptridae","Buteo","Buteo lagopus",NA,"Mammalia","Eulipotyphla","Soricidae","Family",NA,11,NA,"USA",NA,NA,"1935"
"new_RaptorDiets.csv",803,"McAtee 1935","Stomach","Stomach","Accipitriformes","Acciptridae","Buteo","Buteo lagopus",NA,"Reptilia","Squamata","Squamata","Order",NA,1,NA,"USA",NA,NA,"1935"
"new_RaptorDiets.csv",803,"McAtee 1935","Stomach","Stomach","Accipitriformes","Acciptridae","Buteo","Buteo lagopus",NA,"Amphibia","Anura","Bufonidae","Family",NA,1,NA,"USA",NA,NA,"1935"
"new_RaptorDiets.csv",803,"McAtee 1935","Stomach","Stomach","Accipitriformes","Acciptridae","Buteo","Buteo lagopus",NA,"Osteichthyes","","Osteichthyes","Superclass",NA,1,NA,"USA",NA,NA,"1935"
"new_RaptorDiets.csv",803,"McAtee 1935","Stomach","Stomach","Accipitriformes","Acciptridae","Buteo","Buteo lagopus",NA,"Insecta","Orthoptera","Acrididae","Family",NA,3,NA,"USA",NA,NA,"1935"
"new_RaptorDiets.csv",803,"McAtee 1935","Stomach","Stomach","Accipitriformes","Acciptridae","Buteo","Buteo lagopus",NA,"Insecta","","Insecta","Class",NA,3,NA,"USA",NA,NA,"1935"
"new_RaptorDiets.csv",803,"McAtee 1935","Stomach","Stomach","Accipitriformes","Acciptridae","Buteo","Buteo lagopus",NA,"Insecta","Hymenoptera","Bombus sp","Genus",NA,1,NA,"USA",NA,NA,"1935"
"new_RaptorDiets.csv",803,"McAtee 1935","Stomach","Stomach","Accipitriformes","Acciptridae","Buteo","Buteo lagopus",NA,"Insecta","Lepidoptera","Lepidoptera","Order",NA,1,NA,"USA",NA,NA,"1935"
"new_RaptorDiets.csv",803,"McAtee 1935","Stomach","Stomach","Accipitriformes","Acciptridae","Buteo","Buteo lagopus",NA,"Malacostraca","Decapoda","Astacoidea","Infraorder",NA,1,NA,"USA",NA,NA,"1935"
"new_RaptorDiets.csv",804,"McAtee 1935","Stomach","Stomach","Accipitriformes","Acciptridae","Buteo","Buteo regalis",NA,"Aves","Galliformes","Tympanuchus phasianellus","Species",NA,1,NA,"USA",NA,NA,"1935"
"new_RaptorDiets.csv",804,"McAtee 1935","Stomach","Stomach","Accipitriformes","Acciptridae","Buteo","Buteo regalis",NA,"Aves","Passeriformes","Passerculus sandwichensis","Species",NA,1,NA,"USA",NA,NA,"1935"
"new_RaptorDiets.csv",804,"McAtee 1935","Stomach","Stomach","Accipitriformes","Acciptridae","Buteo","Buteo regalis",NA,"Mammalia","Lagomorpha","Lagomorpha","Order",NA,8,NA,"USA",NA,NA,"1935"
"new_RaptorDiets.csv",804,"McAtee 1935","Stomach","Stomach","Accipitriformes","Acciptridae","Buteo","Buteo regalis",NA,"Mammalia","Rodentia","Spermophilus sp","Genus",NA,4,NA,"USA",NA,NA,"1935"
"new_RaptorDiets.csv",804,"McAtee 1935","Stomach","Stomach","Accipitriformes","Acciptridae","Buteo","Buteo regalis",NA,"Mammalia","Rodentia","Microtus pennsylvanicus","Species",NA,11,NA,"USA",NA,NA,"1935"
"new_RaptorDiets.csv",804,"McAtee 1935","Stomach","Stomach","Accipitriformes","Acciptridae","Buteo","Buteo regalis",NA,"Mammalia","Rodentia","Muroidea","Superfamily",NA,1,NA,"USA",NA,NA,"1935"
"new_RaptorDiets.csv",804,"McAtee 1935","Stomach","Stomach","Accipitriformes","Acciptridae","Buteo","Buteo regalis",NA,"Insecta","Orthoptera","Stenopelmatus sp","Genus",NA,1,NA,"USA",NA,NA,"1935"
"new_RaptorDiets.csv",805,"McAtee 1935","Stomach","Stomach","Accipitriformes","Acciptridae","Aquila","Aquila chrysaetos",NA,"Mammalia","Lagomorpha","Lagomorpha","Order",NA,14,NA,"USA",NA,NA,"1935"
"new_RaptorDiets.csv",805,"McAtee 1935","Stomach","Stomach","Accipitriformes","Acciptridae","Aquila","Aquila chrysaetos",NA,"Aves","Anseriformes","Anas acuta","Species",NA,2,NA,"USA",NA,NA,"1935"
"new_RaptorDiets.csv",805,"McAtee 1935","Stomach","Stomach","Accipitriformes","Acciptridae","Aquila","Aquila chrysaetos",NA,"Mammalia","Rodentia","Sciurus carolinensis","Species",NA,2,NA,"USA",NA,NA,"1935"
"new_RaptorDiets.csv",805,"McAtee 1935","Stomach","Stomach","Accipitriformes","Acciptridae","Aquila","Aquila chrysaetos",NA,"Mammalia","Rodentia","Marmota monax","Species",NA,2,NA,"USA",NA,NA,"1935"
"new_RaptorDiets.csv",805,"McAtee 1935","Stomach","Stomach","Accipitriformes","Acciptridae","Aquila","Aquila chrysaetos",NA,"Mammalia","Rodentia","Spermophilus sp","Genus",NA,1,NA,"USA",NA,NA,"1935"
"new_RaptorDiets.csv",805,"McAtee 1935","Stomach","Stomach","Accipitriformes","Acciptridae","Aquila","Aquila chrysaetos",NA,"Aves","Galliformes","Gallus gallus","Species",NA,1,NA,"USA",NA,NA,"1935"
"new_RaptorDiets.csv",805,"McAtee 1935","Stomach","Stomach","Accipitriformes","Acciptridae","Aquila","Aquila chrysaetos",NA,"Aves","Passeriformes","Ixoreus naevius","Species",NA,1,NA,"USA",NA,NA,"1935"
"new_RaptorDiets.csv",806,"McAtee 1935","Stomach","Stomach","Accipitriformes","Acciptridae","Haliaeetus","Haliaeetus leucocephalus",NA,"Osteichthyes","","Osteichthyes","Superclass",NA,22,NA,"USA",NA,NA,"1935"
"new_RaptorDiets.csv",806,"McAtee 1935","Stomach","Stomach","Accipitriformes","Acciptridae","Haliaeetus","Haliaeetus leucocephalus",NA,"Actinopterygii","Salmoniformes","Oncorhynchus sp","Genus",NA,1,NA,"USA",NA,NA,"1935"
"new_RaptorDiets.csv",806,"McAtee 1935","Stomach","Stomach","Accipitriformes","Acciptridae","Haliaeetus","Haliaeetus leucocephalus",NA,"Actinopterygii","Gadiformes","Gadus sp","Genus",NA,1,NA,"USA",NA,NA,"1935"
"new_RaptorDiets.csv",806,"McAtee 1935","Stomach","Stomach","Accipitriformes","Acciptridae","Haliaeetus","Haliaeetus leucocephalus",NA,"Actinopterygii","Perciformes","Lepomis auritus","Species",NA,1,NA,"USA",NA,NA,"1935"
"new_RaptorDiets.csv",806,"McAtee 1935","Stomach","Stomach","Accipitriformes","Acciptridae","Haliaeetus","Haliaeetus leucocephalus",NA,"Actinopterygii","Perciformes","Perca sp","Genus",NA,1,NA,"USA",NA,NA,"1935"
"new_RaptorDiets.csv",806,"McAtee 1935","Stomach","Stomach","Accipitriformes","Acciptridae","Haliaeetus","Haliaeetus leucocephalus",NA,"Actinopterygii","Pleuronectiformes","Paralichthys sp","Genus",NA,1,NA,"USA",NA,NA,"1935"
"new_RaptorDiets.csv",806,"McAtee 1935","Stomach","Stomach","Accipitriformes","Acciptridae","Haliaeetus","Haliaeetus leucocephalus",NA,"Actinopterygii","Anguilliformes","Anguilliformes","Order",NA,1,NA,"USA",NA,NA,"1935"
"new_RaptorDiets.csv",806,"McAtee 1935","Stomach","Stomach","Accipitriformes","Acciptridae","Haliaeetus","Haliaeetus leucocephalus",NA,"Actinopterygii","Scorpaeniformes","Cottoidea","Superfamily",NA,1,NA,"USA",NA,NA,"1935"
"new_RaptorDiets.csv",806,"McAtee 1935","Stomach","Stomach","Accipitriformes","Acciptridae","Haliaeetus","Haliaeetus leucocephalus",NA,"Malacostraca","Decapoda","Brachyura","Infraorder",NA,1,NA,"USA",NA,NA,"1935"
"new_RaptorDiets.csv",806,"McAtee 1935","Stomach","Stomach","Accipitriformes","Acciptridae","Haliaeetus","Haliaeetus leucocephalus",NA,"Gastropoda","","Gastropoda","Genus",NA,1,NA,"USA",NA,NA,"1935"
"new_RaptorDiets.csv",806,"McAtee 1935","Stomach","Stomach","Accipitriformes","Acciptridae","Haliaeetus","Haliaeetus leucocephalus",NA,"Aves","Charadriiformes","Chroicocephalus philadelphia","Species",NA,1,NA,"USA",NA,NA,"1935"
"new_RaptorDiets.csv",806,"McAtee 1935","Stomach","Stomach","Accipitriformes","Acciptridae","Haliaeetus","Haliaeetus leucocephalus",NA,"Aves","Anseriformes","Bucephala sp","Genus",NA,1,NA,"USA",NA,NA,"1935"
"new_RaptorDiets.csv",806,"McAtee 1935","Stomach","Stomach","Accipitriformes","Acciptridae","Haliaeetus","Haliaeetus leucocephalus",NA,"Aves","Anseriformes","Melanitta perspicillata","Species",NA,1,NA,"USA",NA,NA,"1935"
"new_RaptorDiets.csv",806,"McAtee 1935","Stomach","Stomach","Accipitriformes","Acciptridae","Haliaeetus","Haliaeetus leucocephalus",NA,"Aves","Anseriformes","Anatidae","Family",NA,3,NA,"USA",NA,NA,"1935"
"new_RaptorDiets.csv",806,"McAtee 1935","Stomach","Stomach","Accipitriformes","Acciptridae","Haliaeetus","Haliaeetus leucocephalus",NA,"Aves","Galliformes","Galliformes","Order",NA,1,NA,"USA",NA,NA,"1935"
"new_RaptorDiets.csv",807,"McAtee 1935","Stomach","Stomach","Accipitriformes","Acciptridae","Circus","Circus hudsonius",NA,"Aves","Galliformes","Galliformes","Order",NA,20,NA,"USA",NA,NA,"1935"
"new_RaptorDiets.csv",807,"McAtee 1935","Stomach","Stomach","Accipitriformes","Acciptridae","Circus","Circus hudsonius",NA,"Aves","Galliformes","Perdix perdix","Species",NA,1,NA,"USA",NA,NA,"1935"
"new_RaptorDiets.csv",807,"McAtee 1935","Stomach","Stomach","Accipitriformes","Acciptridae","Circus","Circus hudsonius",NA,"Aves","Galliformes","Tympanuchus phasianellus","Species",NA,1,NA,"USA",NA,NA,"1935"
"new_RaptorDiets.csv",807,"McAtee 1935","Stomach","Stomach","Accipitriformes","Acciptridae","Circus","Circus hudsonius",NA,"Aves","Galliformes","Callipepla californica","Species",NA,1,NA,"USA",NA,NA,"1935"
"new_RaptorDiets.csv",807,"McAtee 1935","Stomach","Stomach","Accipitriformes","Acciptridae","Circus","Circus hudsonius",NA,"Aves","Galliformes","Tympanuchus cupido","Species",NA,3,NA,"USA",NA,NA,"1935"
"new_RaptorDiets.csv",807,"McAtee 1935","Stomach","Stomach","Accipitriformes","Acciptridae","Circus","Circus hudsonius",NA,"Aves","Galliformes","Bonasa umbellus","Species",NA,4,NA,"USA",NA,NA,"1935"
"new_RaptorDiets.csv",807,"McAtee 1935","Stomach","Stomach","Accipitriformes","Acciptridae","Circus","Circus hudsonius",NA,"Aves","Galliformes","Colinus virginianus","Species",NA,4,NA,"USA",NA,NA,"1935"
"new_RaptorDiets.csv",807,"McAtee 1935","Stomach","Stomach","Accipitriformes","Acciptridae","Circus","Circus hudsonius",NA,"Aves","Galliformes","Phasianus colchicus","Species",NA,37,NA,"USA",NA,NA,"1935"
"new_RaptorDiets.csv",807,"McAtee 1935","Stomach","Stomach","Accipitriformes","Acciptridae","Circus","Circus hudsonius",NA,"Aves","Anseriformes","Anas acuta","Species",NA,2,NA,"USA",NA,NA,"1935"
"new_RaptorDiets.csv",807,"McAtee 1935","Stomach","Stomach","Accipitriformes","Acciptridae","Circus","Circus hudsonius",NA,"Aves","Anseriformes","Anatidae","Family",NA,2,NA,"USA",NA,NA,"1935"
"new_RaptorDiets.csv",807,"McAtee 1935","Stomach","Stomach","Accipitriformes","Acciptridae","Circus","Circus hudsonius",NA,"Aves","Gruiformes","Rallidae","Family",NA,4,NA,"USA",NA,NA,"1935"
"new_RaptorDiets.csv",807,"McAtee 1935","Stomach","Stomach","Accipitriformes","Acciptridae","Circus","Circus hudsonius",NA,"Aves","Charadriiformes","Lymnocryptes minimus","Species",NA,5,NA,"USA",NA,NA,"1935"
"new_RaptorDiets.csv",807,"McAtee 1935","Stomach","Stomach","Accipitriformes","Acciptridae","Circus","Circus hudsonius",NA,"Aves","Charadriiformes","Scolopax minor","Species",NA,1,NA,"USA",NA,NA,"1935"
"new_RaptorDiets.csv",807,"McAtee 1935","Stomach","Stomach","Accipitriformes","Acciptridae","Circus","Circus hudsonius",NA,"Aves","Charadriiformes","Scolopacidae","Family",NA,1,NA,"USA",NA,NA,"1935"
"new_RaptorDiets.csv",807,"McAtee 1935","Stomach","Stomach","Accipitriformes","Acciptridae","Circus","Circus hudsonius",NA,"Aves","Passeriformes","Melospiza sp","Genus",NA,62,NA,"USA",NA,NA,"1935"
"new_RaptorDiets.csv",807,"McAtee 1935","Stomach","Stomach","Accipitriformes","Acciptridae","Circus","Circus hudsonius",NA,"Aves","Passeriformes","Pipilo erythrophthalmus","Species",NA,27,NA,"USA",NA,NA,"1935"
"new_RaptorDiets.csv",807,"McAtee 1935","Stomach","Stomach","Accipitriformes","Acciptridae","Circus","Circus hudsonius",NA,"Aves","Passeriformes","Spizella sp","Genus",NA,26,NA,"USA",NA,NA,"1935"
"new_RaptorDiets.csv",807,"McAtee 1935","Stomach","Stomach","Accipitriformes","Acciptridae","Circus","Circus hudsonius",NA,"Aves","Passeriformes","Ammospiza sp","Genus",NA,26,NA,"USA",NA,NA,"1935"
"new_RaptorDiets.csv",807,"McAtee 1935","Stomach","Stomach","Accipitriformes","Acciptridae","Circus","Circus hudsonius",NA,"Aves","Passeriformes","Sturnella sp","Genus",NA,12,NA,"USA",NA,NA,"1935"
"new_RaptorDiets.csv",807,"McAtee 1935","Stomach","Stomach","Accipitriformes","Acciptridae","Circus","Circus hudsonius",NA,"Aves","Passeriformes","Dolichonyx oryzivorus","Species",NA,9,NA,"USA",NA,NA,"1935"
"new_RaptorDiets.csv",807,"McAtee 1935","Stomach","Stomach","Accipitriformes","Acciptridae","Circus","Circus hudsonius",NA,"Aves","Passeriformes","Turdus migratorius","Species",NA,18,NA,"USA",NA,NA,"1935"
"new_RaptorDiets.csv",807,"McAtee 1935","Stomach","Stomach","Accipitriformes","Acciptridae","Circus","Circus hudsonius",NA,"Aves","","Aves","Class",NA,85,NA,"USA",NA,NA,"1935"
"new_RaptorDiets.csv",807,"McAtee 1935","Stomach","Stomach","Accipitriformes","Acciptridae","Circus","Circus hudsonius",NA,"Aves","Strigiformes","Asio flammeus","Species",NA,1,NA,"USA",NA,NA,"1935"
"new_RaptorDiets.csv",807,"McAtee 1935","Stomach","Stomach","Accipitriformes","Acciptridae","Circus","Circus hudsonius",NA,"Aves","Strigiformes","Megascops sp","Species",NA,4,NA,"USA",NA,NA,"1935"
"new_RaptorDiets.csv",807,"McAtee 1935","Stomach","Stomach","Accipitriformes","Acciptridae","Circus","Circus hudsonius",NA,"Aves","Accipitriformes","Accipiter striatus","Species",NA,1,NA,"USA",NA,NA,"1935"
"new_RaptorDiets.csv",807,"McAtee 1935","Stomach","Stomach","Accipitriformes","Acciptridae","Circus","Circus hudsonius",NA,"Aves","Falconiformes","Falco columbarius","Species",NA,1,NA,"USA",NA,NA,"1935"
"new_RaptorDiets.csv",807,"McAtee 1935","Stomach","Stomach","Accipitriformes","Acciptridae","Circus","Circus hudsonius",NA,"Aves","Falconiformes","Falco sparverius","Species",NA,1,NA,"USA",NA,NA,"1935"
"new_RaptorDiets.csv",807,"McAtee 1935","Stomach","Stomach","Accipitriformes","Acciptridae","Circus","Circus hudsonius",NA,"Aves","Accipitriformes","Accipitriformes","Order",NA,2,NA,"USA",NA,NA,"1935"
"new_RaptorDiets.csv",807,"McAtee 1935","Stomach","Stomach","Accipitriformes","Acciptridae","Circus","Circus hudsonius",NA,"Aves","Pelicaniformes","Ixobrychus exilis","Species",NA,1,NA,"USA",NA,NA,"1935"
"new_RaptorDiets.csv",807,"McAtee 1935","Stomach","Stomach","Accipitriformes","Acciptridae","Circus","Circus hudsonius",NA,"Aves","Caprimulgiformes","Chordeiles minor","Species",NA,1,NA,"USA",NA,NA,"1935"
"new_RaptorDiets.csv",807,"McAtee 1935","Stomach","Stomach","Accipitriformes","Acciptridae","Circus","Circus hudsonius",NA,"Aves","Caprimulgiformes","Antrostomus vociferus","Species",NA,1,NA,"USA",NA,NA,"1935"
"new_RaptorDiets.csv",807,"McAtee 1935","Stomach","Stomach","Accipitriformes","Acciptridae","Circus","Circus hudsonius",NA,"Mammalia","Lagomorpha","Lagomorpha","Order",NA,62,NA,"USA",NA,NA,"1935"
"new_RaptorDiets.csv",807,"McAtee 1935","Stomach","Stomach","Accipitriformes","Acciptridae","Circus","Circus hudsonius",NA,"Mammalia","Rodentia","Microtus pennsylvanicus","Species",NA,177,NA,"USA",NA,NA,"1935"
"new_RaptorDiets.csv",807,"McAtee 1935","Stomach","Stomach","Accipitriformes","Acciptridae","Circus","Circus hudsonius",NA,"Mammalia","Rodentia","Mus musculus","Species",NA,5,NA,"USA",NA,NA,"1935"
"new_RaptorDiets.csv",807,"McAtee 1935","Stomach","Stomach","Accipitriformes","Acciptridae","Circus","Circus hudsonius",NA,"Mammalia","Rodentia","Muroidea","Superfamily",NA,31,NA,"USA",NA,NA,"1935"
"new_RaptorDiets.csv",807,"McAtee 1935","Stomach","Stomach","Accipitriformes","Acciptridae","Circus","Circus hudsonius",NA,"Mammalia","Rodentia","Peromyscus maniculatus","Species",NA,1,NA,"USA",NA,NA,"1935"
"new_RaptorDiets.csv",807,"McAtee 1935","Stomach","Stomach","Accipitriformes","Acciptridae","Circus","Circus hudsonius",NA,"Mammalia","Rodentia","Zapodinae","Subfamily",NA,1,NA,"USA",NA,NA,"1935"
"new_RaptorDiets.csv",807,"McAtee 1935","Stomach","Stomach","Accipitriformes","Acciptridae","Circus","Circus hudsonius",NA,"Mammalia","Rodentia","Rattus rattus","Species",NA,12,NA,"USA",NA,NA,"1935"
"new_RaptorDiets.csv",807,"McAtee 1935","Stomach","Stomach","Accipitriformes","Acciptridae","Circus","Circus hudsonius",NA,"Mammalia","Rodentia","Sigmodon sp","Genus",NA,4,NA,"USA",NA,NA,"1935"
"new_RaptorDiets.csv",807,"McAtee 1935","Stomach","Stomach","Accipitriformes","Acciptridae","Circus","Circus hudsonius",NA,"Mammalia","Rodentia","Neotoma sp","Genus",NA,2,NA,"USA",NA,NA,"1935"
"new_RaptorDiets.csv",807,"McAtee 1935","Stomach","Stomach","Accipitriformes","Acciptridae","Circus","Circus hudsonius",NA,"Mammalia","Rodentia","Spermophilus sp","Genus",NA,19,NA,"USA",NA,NA,"1935"
"new_RaptorDiets.csv",807,"McAtee 1935","Stomach","Stomach","Accipitriformes","Acciptridae","Circus","Circus hudsonius",NA,"Mammalia","Rodentia","Geomyidae","Family",NA,2,NA,"USA",NA,NA,"1935"
"new_RaptorDiets.csv",807,"McAtee 1935","Stomach","Stomach","Accipitriformes","Acciptridae","Circus","Circus hudsonius",NA,"Mammalia","Rodentia","Sciuridae","Family",NA,6,NA,"USA",NA,NA,"1935"
"new_RaptorDiets.csv",807,"McAtee 1935","Stomach","Stomach","Accipitriformes","Acciptridae","Circus","Circus hudsonius",NA,"Mammalia","Rodentia","Ondatra zibethicus","Species",NA,2,NA,"USA",NA,NA,"1935"
"new_RaptorDiets.csv",807,"McAtee 1935","Stomach","Stomach","Accipitriformes","Acciptridae","Circus","Circus hudsonius",NA,"Mammalia","Carnivora","Mephitidae","Family",NA,1,NA,"USA",NA,NA,"1935"
"new_RaptorDiets.csv",807,"McAtee 1935","Stomach","Stomach","Accipitriformes","Acciptridae","Circus","Circus hudsonius",NA,"Mammalia","Eulipotyphla","Soricidae","Family",NA,12,NA,"USA",NA,NA,"1935"
"new_RaptorDiets.csv",807,"McAtee 1935","Stomach","Stomach","Accipitriformes","Acciptridae","Circus","Circus hudsonius",NA,"Reptilia","Squamata","Thamnophis sp","Genus",NA,1,NA,"USA",NA,NA,"1935"
"new_RaptorDiets.csv",807,"McAtee 1935","Stomach","Stomach","Accipitriformes","Acciptridae","Circus","Circus hudsonius",NA,"Reptilia","Squamata","Coluber constrictor","Species",NA,1,NA,"USA",NA,NA,"1935"
"new_RaptorDiets.csv",807,"McAtee 1935","Stomach","Stomach","Accipitriformes","Acciptridae","Circus","Circus hudsonius",NA,"Reptilia","Squamata","Serpentes","Suborder",NA,11,NA,"USA",NA,NA,"1935"
"new_RaptorDiets.csv",807,"McAtee 1935","Stomach","Stomach","Accipitriformes","Acciptridae","Circus","Circus hudsonius",NA,"Amphibia","Anura","Anura","Order",NA,15,NA,"USA",NA,NA,"1935"
"new_RaptorDiets.csv",807,"McAtee 1935","Stomach","Stomach","Accipitriformes","Acciptridae","Circus","Circus hudsonius",NA,"Osteichthyes","","Osteichthyes","Superclass",NA,1,NA,"USA",NA,NA,"1935"
"new_RaptorDiets.csv",807,"McAtee 1935","Stomach","Stomach","Accipitriformes","Acciptridae","Circus","Circus hudsonius",NA,"Malacostraca","Decapoda","Astacoidea","Infraorder",NA,1,NA,"USA",NA,NA,"1935"
"new_RaptorDiets.csv",807,"McAtee 1935","Stomach","Stomach","Accipitriformes","Acciptridae","Circus","Circus hudsonius",NA,"Insecta","Orthoptera","Acrididae","Family",NA,15,NA,"USA",NA,NA,"1935"
"new_RaptorDiets.csv",807,"McAtee 1935","Stomach","Stomach","Accipitriformes","Acciptridae","Circus","Circus hudsonius",NA,"Insecta","Orthoptera","Gryllidae","Family",NA,1,NA,"USA",NA,NA,"1935"
"new_RaptorDiets.csv",807,"McAtee 1935","Stomach","Stomach","Accipitriformes","Acciptridae","Circus","Circus hudsonius",NA,"Insecta","Odonata","Anisoptera","Infraorder",NA,1,NA,"USA",NA,NA,"1935"
"new_RaptorDiets.csv",807,"McAtee 1935","Stomach","Stomach","Accipitriformes","Acciptridae","Circus","Circus hudsonius",NA,"Insecta","","Insecta","Class",NA,22,NA,"USA",NA,NA,"1935"
"new_RaptorDiets.csv",808,"McAtee 1935","Stomach","Stomach","Accipitriformes","Pandionidae","Pandion","Pandion haliaetus",NA,"Actinopterygii","Cypriniformes","Catostomus sp","Genus",NA,10,NA,"USA",NA,NA,"1935"
"new_RaptorDiets.csv",808,"McAtee 1935","Stomach","Stomach","Accipitriformes","Pandionidae","Pandion","Pandion haliaetus",NA,"Actinopterygii","Perciformes","Perca flavescens","Species",NA,5,NA,"USA",NA,NA,"1935"
"new_RaptorDiets.csv",808,"McAtee 1935","Stomach","Stomach","Accipitriformes","Pandionidae","Pandion","Pandion haliaetus",NA,"Actinopterygii","Cypriniformes","Carassius auratus","Species",NA,2,NA,"USA",NA,NA,"1935"
"new_RaptorDiets.csv",808,"McAtee 1935","Stomach","Stomach","Accipitriformes","Pandionidae","Pandion","Pandion haliaetus",NA,"Actinopterygii","Perciformes","Lepomis auritus","Species",NA,1,NA,"USA",NA,NA,"1935"
"new_RaptorDiets.csv",808,"McAtee 1935","Stomach","Stomach","Accipitriformes","Pandionidae","Pandion","Pandion haliaetus",NA,"Actinopterygii","Perciformes","Pomoxis sp","Genus",NA,1,NA,"USA",NA,NA,"1935"
"new_RaptorDiets.csv",808,"McAtee 1935","Stomach","Stomach","Accipitriformes","Pandionidae","Pandion","Pandion haliaetus",NA,"Actinopterygii","Siluriformes","Siluriformes","Order",NA,1,NA,"USA",NA,NA,"1935"
"new_RaptorDiets.csv",808,"McAtee 1935","Stomach","Stomach","Accipitriformes","Pandionidae","Pandion","Pandion haliaetus",NA,"Actinopterygii","Clupeiformes","Brevoortia sp","Genus",NA,5,NA,"USA",NA,NA,"1935"
"new_RaptorDiets.csv",808,"McAtee 1935","Stomach","Stomach","Accipitriformes","Pandionidae","Pandion","Pandion haliaetus",NA,"Actinopterygii","Gadiformes","Microgadus sp","Genus",NA,1,NA,"USA",NA,NA,"1935"
"new_RaptorDiets.csv",808,"McAtee 1935","Stomach","Stomach","Accipitriformes","Pandionidae","Pandion","Pandion haliaetus",NA,"Actinopterygii","Pleuronectiformes","Pleuronectiformes","Order",NA,1,NA,"USA",NA,NA,"1935"
"new_RaptorDiets.csv",808,"McAtee 1935","Stomach","Stomach","Accipitriformes","Pandionidae","Pandion","Pandion haliaetus",NA,"Actinopterygii","Tetraodontiformes","Balistidae","Family",NA,1,NA,"USA",NA,NA,"1935"
"new_RaptorDiets.csv",808,"McAtee 1935","Stomach","Stomach","Accipitriformes","Pandionidae","Pandion","Pandion haliaetus",NA,"Osteichthyes","","Osteichthyes","Superclass",NA,11,NA,"USA",NA,NA,"1935"
"new_RaptorDiets.csv",809,"McAtee 1935","Stomach","Stomach","Falconiformes","Falconidae","Falco","Falco mexicanus",NA,"Aves","Anseriformes","Lophodytes cucullatus","Species",NA,1,NA,"USA",NA,NA,"1935"
"new_RaptorDiets.csv",809,"McAtee 1935","Stomach","Stomach","Falconiformes","Falconidae","Falco","Falco mexicanus",NA,"Aves","Galliformes","Tympanuchus cupido","Species",NA,1,NA,"USA",NA,NA,"1935"
"new_RaptorDiets.csv",809,"McAtee 1935","Stomach","Stomach","Falconiformes","Falconidae","Falco","Falco mexicanus",NA,"Aves","Galliformes","Callipepla gambelii","Species",NA,2,NA,"USA",NA,NA,"1935"
"new_RaptorDiets.csv",809,"McAtee 1935","Stomach","Stomach","Falconiformes","Falconidae","Falco","Falco mexicanus",NA,"Aves","Columbiformes","Columba livia","Species",NA,1,NA,"USA",NA,NA,"1935"
"new_RaptorDiets.csv",809,"McAtee 1935","Stomach","Stomach","Falconiformes","Falconidae","Falco","Falco mexicanus",NA,"Aves","Columbiformes","Zenaida macroura","Species",NA,1,NA,"USA",NA,NA,"1935"
"new_RaptorDiets.csv",809,"McAtee 1935","Stomach","Stomach","Falconiformes","Falconidae","Falco","Falco mexicanus",NA,"Aves","Passeriformes","Toxostoma crissale","Species",NA,1,NA,"USA",NA,NA,"1935"
"new_RaptorDiets.csv",809,"McAtee 1935","Stomach","Stomach","Falconiformes","Falconidae","Falco","Falco mexicanus",NA,"Aves","Passeriformes","Eremophila alpestris","Species",NA,2,NA,"USA",NA,NA,"1935"
"new_RaptorDiets.csv",809,"McAtee 1935","Stomach","Stomach","Falconiformes","Falconidae","Falco","Falco mexicanus",NA,"Aves","Passeriformes","Passerculus sandwichensis","Species",NA,1,NA,"USA",NA,NA,"1935"
"new_RaptorDiets.csv",809,"McAtee 1935","Stomach","Stomach","Falconiformes","Falconidae","Falco","Falco mexicanus",NA,"Mammalia","Rodentia","Spermophilus sp","Genus",NA,4,NA,"USA",NA,NA,"1935"
"new_RaptorDiets.csv",809,"McAtee 1935","Stomach","Stomach","Falconiformes","Falconidae","Falco","Falco mexicanus",NA,"Mammalia","Rodentia","Cynomys sp","Genus",NA,1,NA,"USA",NA,NA,"1935"
"new_RaptorDiets.csv",809,"McAtee 1935","Stomach","Stomach","Falconiformes","Falconidae","Falco","Falco mexicanus",NA,"Mammalia","Rodentia","Microtus pennsylvanicus","Species",NA,4,NA,"USA",NA,NA,"1935"
"new_RaptorDiets.csv",809,"McAtee 1935","Stomach","Stomach","Falconiformes","Falconidae","Falco","Falco mexicanus",NA,"Mammalia","Rodentia","Peromyscus maniculatus","Species",NA,1,NA,"USA",NA,NA,"1935"
"new_RaptorDiets.csv",809,"McAtee 1935","Stomach","Stomach","Falconiformes","Falconidae","Falco","Falco mexicanus",NA,"Insecta","Orthoptera","Acrididae","Family",NA,16,NA,"USA",NA,NA,"1935"
"new_RaptorDiets.csv",810,"McAtee 1935","Stomach","Stomach","Falconiformes","Falconidae","Falco","Falco peregrinus",NA,"Aves","Anseriformes","Anas acuta","Species",NA,2,NA,"USA",NA,NA,"1935"
"new_RaptorDiets.csv",810,"McAtee 1935","Stomach","Stomach","Falconiformes","Falconidae","Falco","Falco peregrinus",NA,"Aves","Anseriformes","Spatula cyanoptera","Species",NA,1,NA,"USA",NA,NA,"1935"
"new_RaptorDiets.csv",810,"McAtee 1935","Stomach","Stomach","Falconiformes","Falconidae","Falco","Falco peregrinus",NA,"Aves","Anseriformes","Anatidae","Family",NA,6,NA,"USA",NA,NA,"1935"
"new_RaptorDiets.csv",810,"McAtee 1935","Stomach","Stomach","Falconiformes","Falconidae","Falco","Falco peregrinus",NA,"Aves","Galliformes","Gallus gallus","Species",NA,3,NA,"USA",NA,NA,"1935"
"new_RaptorDiets.csv",810,"McAtee 1935","Stomach","Stomach","Falconiformes","Falconidae","Falco","Falco peregrinus",NA,"Aves","Galliformes","Callipepla gambelii","Species",NA,1,NA,"USA",NA,NA,"1935"
"new_RaptorDiets.csv",810,"McAtee 1935","Stomach","Stomach","Falconiformes","Falconidae","Falco","Falco peregrinus",NA,"Aves","Columbiformes","Zenaida macroura","Species",NA,2,NA,"USA",NA,NA,"1935"
"new_RaptorDiets.csv",810,"McAtee 1935","Stomach","Stomach","Falconiformes","Falconidae","Falco","Falco peregrinus",NA,"Aves","Charadriiformes","Charadrius vociferus","Species",NA,1,NA,"USA",NA,NA,"1935"
"new_RaptorDiets.csv",810,"McAtee 1935","Stomach","Stomach","Falconiformes","Falconidae","Falco","Falco peregrinus",NA,"Aves","Charadriiformes","Charadrius nivosus","Species",NA,1,NA,"USA",NA,NA,"1935"
"new_RaptorDiets.csv",810,"McAtee 1935","Stomach","Stomach","Falconiformes","Falconidae","Falco","Falco peregrinus",NA,"Aves","Charadriiformes","Bartramia longicauda","Species",NA,1,NA,"USA",NA,NA,"1935"
"new_RaptorDiets.csv",810,"McAtee 1935","Stomach","Stomach","Falconiformes","Falconidae","Falco","Falco peregrinus",NA,"Aves","Charadriiformes","Tringa solitaria","Species",NA,1,NA,"USA",NA,NA,"1935"
"new_RaptorDiets.csv",810,"McAtee 1935","Stomach","Stomach","Falconiformes","Falconidae","Falco","Falco peregrinus",NA,"Aves","Charadriiformes","Calidris minutilla","Species",NA,1,NA,"USA",NA,NA,"1935"
"new_RaptorDiets.csv",810,"McAtee 1935","Stomach","Stomach","Falconiformes","Falconidae","Falco","Falco peregrinus",NA,"Aves","Charadriiformes","Tringa sp","Genus",NA,1,NA,"USA",NA,NA,"1935"
"new_RaptorDiets.csv",810,"McAtee 1935","Stomach","Stomach","Falconiformes","Falconidae","Falco","Falco peregrinus",NA,"Aves","Charadriiformes","Recurvirostra sp","Genus",NA,1,NA,"USA",NA,NA,"1935"
"new_RaptorDiets.csv",810,"McAtee 1935","Stomach","Stomach","Falconiformes","Falconidae","Falco","Falco peregrinus",NA,"Aves","Passeriformes","Pheucticus ludovicianus","Species",NA,4,NA,"USA",NA,NA,"1935"
"new_RaptorDiets.csv",810,"McAtee 1935","Stomach","Stomach","Falconiformes","Falconidae","Falco","Falco peregrinus",NA,"Aves","Passeriformes","Acanthis sp","Genus",NA,1,NA,"USA",NA,NA,"1935"
"new_RaptorDiets.csv",810,"McAtee 1935","Stomach","Stomach","Falconiformes","Falconidae","Falco","Falco peregrinus",NA,"Aves","Passeriformes","Chondestes grammacus","Species",NA,1,NA,"USA",NA,NA,"1935"
"new_RaptorDiets.csv",810,"McAtee 1935","Stomach","Stomach","Falconiformes","Falconidae","Falco","Falco peregrinus",NA,"Aves","Passeriformes","Passerculus sandwichensis","Species",NA,1,NA,"USA",NA,NA,"1935"
"new_RaptorDiets.csv",810,"McAtee 1935","Stomach","Stomach","Falconiformes","Falconidae","Falco","Falco peregrinus",NA,"Aves","Passeriformes","Melospiza melodia","Species",NA,1,NA,"USA",NA,NA,"1935"
"new_RaptorDiets.csv",810,"McAtee 1935","Stomach","Stomach","Falconiformes","Falconidae","Falco","Falco peregrinus",NA,"Aves","Passeriformes","Spizella passerina","Species",NA,1,NA,"USA",NA,NA,"1935"
"new_RaptorDiets.csv",810,"McAtee 1935","Stomach","Stomach","Falconiformes","Falconidae","Falco","Falco peregrinus",NA,"Aves","Passeriformes","Sturnella sp","Genus",NA,7,NA,"USA",NA,NA,"1935"
"new_RaptorDiets.csv",810,"McAtee 1935","Stomach","Stomach","Falconiformes","Falconidae","Falco","Falco peregrinus",NA,"Aves","Piciformes","Colaptes sp","Genus",NA,5,NA,"USA",NA,NA,"1935"
"new_RaptorDiets.csv",810,"McAtee 1935","Stomach","Stomach","Falconiformes","Falconidae","Falco","Falco peregrinus",NA,"Aves","Charadriiformes","Chlidonias niger","Species",NA,1,NA,"USA",NA,NA,"1935"
"new_RaptorDiets.csv",810,"McAtee 1935","Stomach","Stomach","Falconiformes","Falconidae","Falco","Falco peregrinus",NA,"Aves","Caprimulgiformes","Chordeiles minor","Species",NA,1,NA,"USA",NA,NA,"1935"
"new_RaptorDiets.csv",810,"McAtee 1935","Stomach","Stomach","Falconiformes","Falconidae","Falco","Falco peregrinus",NA,"Aves","","Aves","Class",NA,9,NA,"USA",NA,NA,"1935"
"new_RaptorDiets.csv",810,"McAtee 1935","Stomach","Stomach","Falconiformes","Falconidae","Falco","Falco peregrinus",NA,"Insecta","Coleoptera","Carabidae","Family",NA,1,NA,"USA",NA,NA,"1935"
"new_RaptorDiets.csv",810,"McAtee 1935","Stomach","Stomach","Falconiformes","Falconidae","Falco","Falco peregrinus",NA,"Mammalia","Rodentia","Muroidea","Superfamily",NA,1,NA,"USA",NA,NA,"1935"
"new_RaptorDiets.csv",810,"McAtee 1935","Stomach","Stomach","Falconiformes","Falconidae","Falco","Falco peregrinus",NA,"Insecta","Coleoptera","Cerambycidae","Family",NA,1,NA,"USA",NA,NA,"1935"
"new_RaptorDiets.csv",810,"McAtee 1935","Stomach","Stomach","Falconiformes","Falconidae","Falco","Falco peregrinus",NA,"Insecta","Orthoptera","Acrididae","Family",NA,1,NA,"USA",NA,NA,"1935"
"new_RaptorDiets.csv",810,"McAtee 1935","Stomach","Stomach","Falconiformes","Falconidae","Falco","Falco peregrinus",NA,"Insecta","Orthoptera","Gryllidae","Family",NA,1,NA,"USA",NA,NA,"1935"
"new_RaptorDiets.csv",810,"McAtee 1935","Stomach","Stomach","Falconiformes","Falconidae","Falco","Falco peregrinus",NA,"Insecta","Lepidoptera","Lepidoptera","Order",NA,1,NA,"USA",NA,NA,"1935"
"new_RaptorDiets.csv",810,"McAtee 1935","Stomach","Stomach","Falconiformes","Falconidae","Falco","Falco peregrinus",NA,"Insecta","Odonata","Anisoptera","Infraorder",NA,3,NA,"USA",NA,NA,"1935"
"new_RaptorDiets.csv",811,"McAtee 1935","Stomach","Stomach","Falconiformes","Falconidae","Falco","Falco columbarius",NA,"Aves","Galliformes","Gallus gallus","Species",NA,1,NA,"USA",NA,NA,"1935"
"new_RaptorDiets.csv",811,"McAtee 1935","Stomach","Stomach","Falconiformes","Falconidae","Falco","Falco columbarius",NA,"Aves","Columbiformes","Columba livia","Species",NA,1,NA,"USA",NA,NA,"1935"
"new_RaptorDiets.csv",811,"McAtee 1935","Stomach","Stomach","Falconiformes","Falconidae","Falco","Falco columbarius",NA,"Aves","Charadriiformes","Scolopax minor","Species",NA,1,NA,"USA",NA,NA,"1935"
"new_RaptorDiets.csv",811,"McAtee 1935","Stomach","Stomach","Falconiformes","Falconidae","Falco","Falco columbarius",NA,"Aves","Columbiformes","Zenaida macroura","Species",NA,1,NA,"USA",NA,NA,"1935"
"new_RaptorDiets.csv",811,"McAtee 1935","Stomach","Stomach","Falconiformes","Falconidae","Falco","Falco columbarius",NA,"Aves","Passeriformes","Setophaga sp","Genus",NA,119,NA,"USA",NA,NA,"1935"
"new_RaptorDiets.csv",811,"McAtee 1935","Stomach","Stomach","Falconiformes","Falconidae","Falco","Falco columbarius",NA,"Aves","Passeriformes","Parulidae","Family",NA,19,NA,"USA",NA,NA,"1935"
"new_RaptorDiets.csv",811,"McAtee 1935","Stomach","Stomach","Falconiformes","Falconidae","Falco","Falco columbarius",NA,"Aves","Passeriformes","Seiurus sp","Genus",NA,9,NA,"USA",NA,NA,"1935"
"new_RaptorDiets.csv",811,"McAtee 1935","Stomach","Stomach","Falconiformes","Falconidae","Falco","Falco columbarius",NA,"Aves","Passeriformes","Wilsonia sp","Genus",NA,9,NA,"USA",NA,NA,"1935"
"new_RaptorDiets.csv",811,"McAtee 1935","Stomach","Stomach","Falconiformes","Falconidae","Falco","Falco columbarius",NA,"Aves","Passeriformes","Geothlypis sp","Genus",NA,6,NA,"USA",NA,NA,"1935"
"new_RaptorDiets.csv",811,"McAtee 1935","Stomach","Stomach","Falconiformes","Falconidae","Falco","Falco columbarius",NA,"Aves","Passeriformes","Passerellidae","Family",NA,17,NA,"USA",NA,NA,"1935"
"new_RaptorDiets.csv",811,"McAtee 1935","Stomach","Stomach","Falconiformes","Falconidae","Falco","Falco columbarius",NA,"Aves","Passeriformes","Melospiza sp","Genus",NA,73,NA,"USA",NA,NA,"1935"
"new_RaptorDiets.csv",811,"McAtee 1935","Stomach","Stomach","Falconiformes","Falconidae","Falco","Falco columbarius",NA,"Aves","Passeriformes","Spizella sp","Genus",NA,38,NA,"USA",NA,NA,"1935"
"new_RaptorDiets.csv",811,"McAtee 1935","Stomach","Stomach","Falconiformes","Falconidae","Falco","Falco columbarius",NA,"Aves","Passeriformes","Passer domesticus","Species",NA,29,NA,"USA",NA,NA,"1935"
"new_RaptorDiets.csv",811,"McAtee 1935","Stomach","Stomach","Falconiformes","Falconidae","Falco","Falco columbarius",NA,"Aves","Passeriformes","Haemorhous purpureus","Species",NA,13,NA,"USA",NA,NA,"1935"
"new_RaptorDiets.csv",811,"McAtee 1935","Stomach","Stomach","Falconiformes","Falconidae","Falco","Falco columbarius",NA,"Aves","Piciformes","Junco sp","Genus",NA,8,NA,"USA",NA,NA,"1935"
"new_RaptorDiets.csv",811,"McAtee 1935","Stomach","Stomach","Falconiformes","Falconidae","Falco","Falco columbarius",NA,"Aves","Passeriformes","Turdidae","Family",NA,55,NA,"USA",NA,NA,"1935"
"new_RaptorDiets.csv",811,"McAtee 1935","Stomach","Stomach","Falconiformes","Falconidae","Falco","Falco columbarius",NA,"Aves","Passeriformes","Turdus migratorius","Species",NA,19,NA,"USA",NA,NA,"1935"
"new_RaptorDiets.csv",811,"McAtee 1935","Stomach","Stomach","Falconiformes","Falconidae","Falco","Falco columbarius",NA,"Aves","Passeriformes","Sialia sp","Genus",NA,6,NA,"USA",NA,NA,"1935"
"new_RaptorDiets.csv",811,"McAtee 1935","Stomach","Stomach","Falconiformes","Falconidae","Falco","Falco columbarius",NA,"Aves","Apodiformes","Chaetura pelagica","Species",NA,13,NA,"USA",NA,NA,"1935"
"new_RaptorDiets.csv",811,"McAtee 1935","Stomach","Stomach","Falconiformes","Falconidae","Falco","Falco columbarius",NA,"Aves","Passeriformes","Tachycineta bicolor","Species",NA,14,NA,"USA",NA,NA,"1935"
"new_RaptorDiets.csv",811,"McAtee 1935","Stomach","Stomach","Falconiformes","Falconidae","Falco","Falco columbarius",NA,"Aves","Passeriformes","Hirundo rustica","Species",NA,15,NA,"USA",NA,NA,"1935"
"new_RaptorDiets.csv",811,"McAtee 1935","Stomach","Stomach","Falconiformes","Falconidae","Falco","Falco columbarius",NA,"Aves","Passeriformes","Bombycilla cedrorum","Species",NA,28,NA,"USA",NA,NA,"1935"
"new_RaptorDiets.csv",811,"McAtee 1935","Stomach","Stomach","Falconiformes","Falconidae","Falco","Falco columbarius",NA,"Aves","Passeriformes","Sitta canadensis","Species",NA,28,NA,"USA",NA,NA,"1935"
"new_RaptorDiets.csv",811,"McAtee 1935","Stomach","Stomach","Falconiformes","Falconidae","Falco","Falco columbarius",NA,"Aves","Passeriformes","Vireo sp","Genus",NA,40,NA,"USA",NA,NA,"1935"
"new_RaptorDiets.csv",811,"McAtee 1935","Stomach","Stomach","Falconiformes","Falconidae","Falco","Falco columbarius",NA,"Aves","","Aves","Class",NA,10,NA,"USA",NA,NA,"1935"
"new_RaptorDiets.csv",811,"McAtee 1935","Stomach","Stomach","Falconiformes","Falconidae","Falco","Falco columbarius",NA,"Aves","Passeriformes","Sturnella sp","Genus",NA,1,NA,"USA",NA,NA,"1935"
"new_RaptorDiets.csv",811,"McAtee 1935","Stomach","Stomach","Falconiformes","Falconidae","Falco","Falco columbarius",NA,"Aves","Piciformes","Colaptes sp","Genus",NA,1,NA,"USA",NA,NA,"1935"
"new_RaptorDiets.csv",811,"McAtee 1935","Stomach","Stomach","Falconiformes","Falconidae","Falco","Falco columbarius",NA,"Aves","Passeriformes","Polioptila caerulea","Species",NA,1,NA,"USA",NA,NA,"1935"
"new_RaptorDiets.csv",811,"McAtee 1935","Stomach","Stomach","Falconiformes","Falconidae","Falco","Falco columbarius",NA,"Aves","Passeriformes","Regulus calendula","Species",NA,1,NA,"USA",NA,NA,"1935"
"new_RaptorDiets.csv",811,"McAtee 1935","Stomach","Stomach","Falconiformes","Falconidae","Falco","Falco columbarius",NA,"Insecta","Odonata","Anisoptera","Infraorder",NA,864,NA,"USA",NA,NA,"1935"
"new_RaptorDiets.csv",811,"McAtee 1935","Stomach","Stomach","Falconiformes","Falconidae","Falco","Falco columbarius",NA,"Insecta","Lepidoptera","Lepidoptera","Order",NA,97,NA,"USA",NA,NA,"1935"
"new_RaptorDiets.csv",811,"McAtee 1935","Stomach","Stomach","Falconiformes","Falconidae","Falco","Falco columbarius",NA,"Insecta","Orthoptera","Gryllidae","Family",NA,65,NA,"USA",NA,NA,"1935"
"new_RaptorDiets.csv",811,"McAtee 1935","Stomach","Stomach","Falconiformes","Falconidae","Falco","Falco columbarius",NA,"Insecta","Orthoptera","Acrididae","Family",NA,64,NA,"USA",NA,NA,"1935"
"new_RaptorDiets.csv",811,"McAtee 1935","Stomach","Stomach","Falconiformes","Falconidae","Falco","Falco columbarius",NA,"Insecta","Orthoptera","Gryllotalpidae","Family",NA,1,NA,"USA",NA,NA,"1935"
"new_RaptorDiets.csv",811,"McAtee 1935","Stomach","Stomach","Falconiformes","Falconidae","Falco","Falco columbarius",NA,"Insecta","Orthoptera","Tettigoniidae","Family",NA,1,NA,"USA",NA,NA,"1935"
"new_RaptorDiets.csv",811,"McAtee 1935","Stomach","Stomach","Falconiformes","Falconidae","Falco","Falco columbarius",NA,"Insecta","Hemiptera","Cicadoidea","Superfamily",NA,1,NA,"USA",NA,NA,"1935"
"new_RaptorDiets.csv",811,"McAtee 1935","Stomach","Stomach","Falconiformes","Falconidae","Falco","Falco columbarius",NA,"Insecta","Coleoptera","Scarabaeidae","Family",NA,1,NA,"USA",NA,NA,"1935"
"new_RaptorDiets.csv",811,"McAtee 1935","Stomach","Stomach","Falconiformes","Falconidae","Falco","Falco columbarius",NA,"Insecta","Coleoptera","Rutelinae","Family",NA,1,NA,"USA",NA,NA,"1935"
"new_RaptorDiets.csv",811,"McAtee 1935","Stomach","Stomach","Falconiformes","Falconidae","Falco","Falco columbarius",NA,"Insecta","Coleoptera","Cerambycidae","Family",NA,1,NA,"USA",NA,NA,"1935"
"new_RaptorDiets.csv",811,"McAtee 1935","Stomach","Stomach","Falconiformes","Falconidae","Falco","Falco columbarius",NA,"Insecta","Hemiptera","Belostomatidae","Family",NA,1,NA,"USA",NA,NA,"1935"
"new_RaptorDiets.csv",811,"McAtee 1935","Stomach","Stomach","Falconiformes","Falconidae","Falco","Falco columbarius",NA,"Arachnida","Scorpiones","Scorpiones","Order",NA,1,NA,"USA",NA,NA,"1935"
"new_RaptorDiets.csv",811,"McAtee 1935","Stomach","Stomach","Falconiformes","Falconidae","Falco","Falco columbarius",NA,"Malacostraca","Decapoda","Astacoidea","Infraorder",NA,3,NA,"USA",NA,NA,"1935"
"new_RaptorDiets.csv",811,"McAtee 1935","Stomach","Stomach","Falconiformes","Falconidae","Falco","Falco columbarius",NA,"Arachnida","Araneae","Araneae","Order",NA,2,NA,"USA",NA,NA,"1935"
"new_RaptorDiets.csv",811,"McAtee 1935","Stomach","Stomach","Falconiformes","Falconidae","Falco","Falco columbarius",NA,"Amphibia","Anura","Bufonidae","Family",NA,3,NA,"USA",NA,NA,"1935"
"new_RaptorDiets.csv",811,"McAtee 1935","Stomach","Stomach","Falconiformes","Falconidae","Falco","Falco columbarius",NA,"Reptilia","Squamata","Thamnophis sp","Genus",NA,4,NA,"USA",NA,NA,"1935"
"new_RaptorDiets.csv",811,"McAtee 1935","Stomach","Stomach","Falconiformes","Falconidae","Falco","Falco columbarius",NA,"Mammalia","Rodentia","Rodentia","Order",NA,1,NA,"USA",NA,NA,"1935"
"new_RaptorDiets.csv",811,"McAtee 1935","Stomach","Stomach","Falconiformes","Falconidae","Falco","Falco columbarius",NA,"Mammalia","Chiroptera","Chiroptera","Order",NA,7,NA,"USA",NA,NA,"1935"
"new_RaptorDiets.csv",811,"McAtee 1935","Stomach","Stomach","Falconiformes","Falconidae","Falco","Falco columbarius",NA,"Mammalia","Rodentia","Microtus pennsylvanicus","Species",NA,5,NA,"USA",NA,NA,"1935"
"new_RaptorDiets.csv",811,"McAtee 1935","Stomach","Stomach","Falconiformes","Falconidae","Falco","Falco columbarius",NA,"Mammalia","Rodentia","Peromyscus maniculatus","Species",NA,2,NA,"USA",NA,NA,"1935"
"new_RaptorDiets.csv",811,"McAtee 1935","Stomach","Stomach","Falconiformes","Falconidae","Falco","Falco columbarius",NA,"Mammalia","Eulipotyphla","Soricidae","Family",NA,3,NA,"USA",NA,NA,"1935"
"new_RaptorDiets.csv",811,"McAtee 1935","Stomach","Stomach","Falconiformes","Falconidae","Falco","Falco columbarius",NA,"Mammalia","Rodentia","Mus musculus","Species",NA,1,NA,"USA",NA,NA,"1935"
"new_RaptorDiets.csv",811,"McAtee 1935","Stomach","Stomach","Falconiformes","Falconidae","Falco","Falco columbarius",NA,"Mammalia","Rodentia","Myodes sp","Genus",NA,1,NA,"USA",NA,NA,"1935"
"new_RaptorDiets.csv",811,"McAtee 1935","Stomach","Stomach","Falconiformes","Falconidae","Falco","Falco columbarius",NA,"Mammalia","Rodentia","Spermophilus sp","Genus",NA,1,NA,"USA",NA,NA,"1935"
"new_RaptorDiets.csv",812,"McAtee 1935","Stomach","Stomach","Falconiformes","Falconidae","Falco","Falco sparverius",NA,"Insecta","Orthoptera","Acrididae","Family",NA,463,NA,"USA",NA,NA,"1935"
"new_RaptorDiets.csv",812,"McAtee 1935","Stomach","Stomach","Falconiformes","Falconidae","Falco","Falco sparverius",NA,"Insecta","Orthoptera","Gryllidae","Family",NA,324,NA,"USA",NA,NA,"1935"
"new_RaptorDiets.csv",812,"McAtee 1935","Stomach","Stomach","Falconiformes","Falconidae","Falco","Falco sparverius",NA,"Insecta","Orthoptera","Tettigoniidae","Family",NA,183,NA,"USA",NA,NA,"1935"
"new_RaptorDiets.csv",812,"McAtee 1935","Stomach","Stomach","Falconiformes","Falconidae","Falco","Falco sparverius",NA,"Insecta","Mantodea","Mantodea","Order",NA,6,NA,"USA",NA,NA,"1935"
"new_RaptorDiets.csv",812,"McAtee 1935","Stomach","Stomach","Falconiformes","Falconidae","Falco","Falco sparverius",NA,"Insecta","Coleoptera","Coleoptera","Order",NA,201,NA,"USA",NA,NA,"1935"
"new_RaptorDiets.csv",812,"McAtee 1935","Stomach","Stomach","Falconiformes","Falconidae","Falco","Falco sparverius",NA,"Insecta","Coleoptera","Cicindelinae","Subfamily",NA,1,NA,"USA",NA,NA,"1935"
"new_RaptorDiets.csv",812,"McAtee 1935","Stomach","Stomach","Falconiformes","Falconidae","Falco","Falco sparverius",NA,"Insecta","Coleoptera","Carabidae","Family",NA,1,NA,"USA",NA,NA,"1935"
"new_RaptorDiets.csv",812,"McAtee 1935","Stomach","Stomach","Falconiformes","Falconidae","Falco","Falco sparverius",NA,"Insecta","Coleoptera","Silphidae","Family",NA,1,NA,"USA",NA,NA,"1935"
"new_RaptorDiets.csv",812,"McAtee 1935","Stomach","Stomach","Falconiformes","Falconidae","Falco","Falco sparverius",NA,"Insecta","Coleoptera","Cerambycidae","Family",NA,1,NA,"USA",NA,NA,"1935"
"new_RaptorDiets.csv",812,"McAtee 1935","Stomach","Stomach","Falconiformes","Falconidae","Falco","Falco sparverius",NA,"Insecta","Coleoptera","Scarabaeinae","Family",NA,1,NA,"USA",NA,NA,"1935"
"new_RaptorDiets.csv",812,"McAtee 1935","Stomach","Stomach","Falconiformes","Falconidae","Falco","Falco sparverius",NA,"Insecta","Coleoptera","Rutelinae","Family",NA,1,NA,"USA",NA,NA,"1935"
"new_RaptorDiets.csv",812,"McAtee 1935","Stomach","Stomach","Falconiformes","Falconidae","Falco","Falco sparverius",NA,"Insecta","Lepidoptera","Lepidoptera","Order",NA,295,NA,"USA",NA,NA,"1935"
"new_RaptorDiets.csv",812,"McAtee 1935","Stomach","Stomach","Falconiformes","Falconidae","Falco","Falco sparverius",NA,"Insecta","Odonata","Anisoptera","Infraorder",NA,42,NA,"USA",NA,NA,"1935"
"new_RaptorDiets.csv",812,"McAtee 1935","Stomach","Stomach","Falconiformes","Falconidae","Falco","Falco sparverius",NA,"Insecta","Hemiptera","Cicadoidea","Superfamily",NA,16,NA,"USA",NA,NA,"1935"
"new_RaptorDiets.csv",812,"McAtee 1935","Stomach","Stomach","Falconiformes","Falconidae","Falco","Falco sparverius",NA,"Arachnida","Araneae","Araneae","Order",NA,153,NA,"USA",NA,NA,"1935"
"new_RaptorDiets.csv",812,"McAtee 1935","Stomach","Stomach","Falconiformes","Falconidae","Falco","Falco sparverius",NA,"Chilopoda","","Chilopoda","Class",NA,7,NA,"USA",NA,NA,"1935"
"new_RaptorDiets.csv",812,"McAtee 1935","Stomach","Stomach","Falconiformes","Falconidae","Falco","Falco sparverius",NA,"Arachnida","Scorpiones","Scorpiones","Order",NA,3,NA,"USA",NA,NA,"1935"
"new_RaptorDiets.csv",812,"McAtee 1935","Stomach","Stomach","Falconiformes","Falconidae","Falco","Falco sparverius",NA,"Clitellata","Opisthopora","Lumbricidae","Family",NA,1,NA,"USA",NA,NA,"1935"
"new_RaptorDiets.csv",812,"McAtee 1935","Stomach","Stomach","Falconiformes","Falconidae","Falco","Falco sparverius",NA,"Mammalia","","Mammalia","Class",NA,19,NA,"USA",NA,NA,"1935"
"new_RaptorDiets.csv",812,"McAtee 1935","Stomach","Stomach","Falconiformes","Falconidae","Falco","Falco sparverius",NA,"Mammalia","Rodentia","Microtus pennsylvanicus","Species",NA,82,NA,"USA",NA,NA,"1935"
"new_RaptorDiets.csv",812,"McAtee 1935","Stomach","Stomach","Falconiformes","Falconidae","Falco","Falco sparverius",NA,"Mammalia","Rodentia","Peromyscus leucopus","Species",NA,36,NA,"USA",NA,NA,"1935"
"new_RaptorDiets.csv",812,"McAtee 1935","Stomach","Stomach","Falconiformes","Falconidae","Falco","Falco sparverius",NA,"Mammalia","Rodentia","Mus musculus","Species",NA,23,NA,"USA",NA,NA,"1935"
"new_RaptorDiets.csv",812,"McAtee 1935","Stomach","Stomach","Falconiformes","Falconidae","Falco","Falco sparverius",NA,"Mammalia","Rodentia","Perognathinae","Subfamily",NA,3,NA,"USA",NA,NA,"1935"
"new_RaptorDiets.csv",812,"McAtee 1935","Stomach","Stomach","Falconiformes","Falconidae","Falco","Falco sparverius",NA,"Mammalia","Rodentia","Spermophilus sp","Genus",NA,6,NA,"USA",NA,NA,"1935"
"new_RaptorDiets.csv",812,"McAtee 1935","Stomach","Stomach","Falconiformes","Falconidae","Falco","Falco sparverius",NA,"Mammalia","Rodentia","Marmotini","Tribe",NA,3,NA,"USA",NA,NA,"1935"
"new_RaptorDiets.csv",812,"McAtee 1935","Stomach","Stomach","Falconiformes","Falconidae","Falco","Falco sparverius",NA,"Mammalia","Lagomorpha","Lagomorpha","Order",NA,1,NA,"USA",NA,NA,"1935"
"new_RaptorDiets.csv",812,"McAtee 1935","Stomach","Stomach","Falconiformes","Falconidae","Falco","Falco sparverius",NA,"Mammalia","Rodentia","Sigmodon sp","Genus",NA,1,NA,"USA",NA,NA,"1935"
"new_RaptorDiets.csv",812,"McAtee 1935","Stomach","Stomach","Falconiformes","Falconidae","Falco","Falco sparverius",NA,"Mammalia","Rodentia","Neotoma sp","Genus",NA,1,NA,"USA",NA,NA,"1935"
"new_RaptorDiets.csv",812,"McAtee 1935","Stomach","Stomach","Falconiformes","Falconidae","Falco","Falco sparverius",NA,"Mammalia","Rodentia","Geomyidae","Family",NA,1,NA,"USA",NA,NA,"1935"
"new_RaptorDiets.csv",812,"McAtee 1935","Stomach","Stomach","Falconiformes","Falconidae","Falco","Falco sparverius",NA,"Mammalia","Rodentia","Myodes sp","Genus",NA,1,NA,"USA",NA,NA,"1935"
"new_RaptorDiets.csv",812,"McAtee 1935","Stomach","Stomach","Falconiformes","Falconidae","Falco","Falco sparverius",NA,"Mammalia","Eulipotyphla","Soricidae","Family",NA,14,NA,"USA",NA,NA,"1935"
"new_RaptorDiets.csv",812,"McAtee 1935","Stomach","Stomach","Falconiformes","Falconidae","Falco","Falco sparverius",NA,"Mammalia","Chiroptera","Chiroptera","Order",NA,1,NA,"USA",NA,NA,"1935"
"new_RaptorDiets.csv",812,"McAtee 1935","Stomach","Stomach","Falconiformes","Falconidae","Falco","Falco sparverius",NA,"Aves","Passeriformes","Melospiza sp","Genus",NA,13,NA,"USA",NA,NA,"1935"
"new_RaptorDiets.csv",812,"McAtee 1935","Stomach","Stomach","Falconiformes","Falconidae","Falco","Falco sparverius",NA,"Aves","Passeriformes","Spizella sp","Genus",NA,13,NA,"USA",NA,NA,"1935"
"new_RaptorDiets.csv",812,"McAtee 1935","Stomach","Stomach","Falconiformes","Falconidae","Falco","Falco sparverius",NA,"Aves","Passeriformes","Parulidae","Family",NA,5,NA,"USA",NA,NA,"1935"
"new_RaptorDiets.csv",812,"McAtee 1935","Stomach","Stomach","Falconiformes","Falconidae","Falco","Falco sparverius",NA,"Aves","Passeriformes","Sturnella sp","Genus",NA,3,NA,"USA",NA,NA,"1935"
"new_RaptorDiets.csv",812,"McAtee 1935","Stomach","Stomach","Falconiformes","Falconidae","Falco","Falco sparverius",NA,"Aves","Columbiformes","Columbina passerina","Species",NA,1,NA,"USA",NA,NA,"1935"
"new_RaptorDiets.csv",812,"McAtee 1935","Stomach","Stomach","Falconiformes","Falconidae","Falco","Falco sparverius",NA,"Aves","Galliformes","Odontophoridae","Family",NA,1,NA,"USA",NA,NA,"1935"
"new_RaptorDiets.csv",812,"McAtee 1935","Stomach","Stomach","Falconiformes","Falconidae","Falco","Falco sparverius",NA,"Aves","Passeriformes","Troglodytes hiemalis","Species",NA,1,NA,"USA",NA,NA,"1935"
"new_RaptorDiets.csv",812,"McAtee 1935","Stomach","Stomach","Falconiformes","Falconidae","Falco","Falco sparverius",NA,"Aves","Passeriformes","Psaltriparus minimus","Species",NA,1,NA,"USA",NA,NA,"1935"
"new_RaptorDiets.csv",812,"McAtee 1935","Stomach","Stomach","Falconiformes","Falconidae","Falco","Falco sparverius",NA,"Reptilia","Squamata","Sceloporus sp","Genus",NA,14,NA,"USA",NA,NA,"1935"
"new_RaptorDiets.csv",812,"McAtee 1935","Stomach","Stomach","Falconiformes","Falconidae","Falco","Falco sparverius",NA,"Reptilia","Squamata","Anolis sp","Genus",NA,11,NA,"USA",NA,NA,"1935"
"new_RaptorDiets.csv",812,"McAtee 1935","Stomach","Stomach","Falconiformes","Falconidae","Falco","Falco sparverius",NA,"Reptilia","Squamata","Phrynosoma sp","Genus",NA,5,NA,"USA",NA,NA,"1935"
"new_RaptorDiets.csv",812,"McAtee 1935","Stomach","Stomach","Falconiformes","Falconidae","Falco","Falco sparverius",NA,"Reptilia","Squamata","Serpentes","Suborder",NA,2,NA,"USA",NA,NA,"1935"
"new_RaptorDiets.csv",812,"McAtee 1935","Stomach","Stomach","Falconiformes","Falconidae","Falco","Falco sparverius",NA,"Reptilia","Squamata","Thamnophis sp","Genus",NA,10,NA,"USA",NA,NA,"1935"
"new_RaptorDiets.csv",812,"McAtee 1935","Stomach","Stomach","Falconiformes","Falconidae","Falco","Falco sparverius",NA,"Reptilia","Squamata","Storeria sp","Genus",NA,6,NA,"USA",NA,NA,"1935"
"new_RaptorDiets.csv",812,"McAtee 1935","Stomach","Stomach","Falconiformes","Falconidae","Falco","Falco sparverius",NA,"Reptilia","Squamata","Opheodrys vernalis","Species",NA,1,NA,"USA",NA,NA,"1935"
"new_RaptorDiets.csv",812,"McAtee 1935","Stomach","Stomach","Falconiformes","Falconidae","Falco","Falco sparverius",NA,"Reptilia","Squamata","Coluber constrictor","Species",NA,1,NA,"USA",NA,NA,"1935"
"new_RaptorDiets.csv",812,"McAtee 1935","Stomach","Stomach","Falconiformes","Falconidae","Falco","Falco sparverius",NA,"Reptilia","Squamata","Sonora semiannulata","Species",NA,1,NA,"USA",NA,NA,"1935"
"new_RaptorDiets.csv",812,"McAtee 1935","Stomach","Stomach","Falconiformes","Falconidae","Falco","Falco sparverius",NA,"Amphibia","Anura","Anura","Order",NA,4,NA,"USA",NA,NA,"1935"
"new_RaptorDiets.csv",812,"McAtee 1935","Stomach","Stomach","Falconiformes","Falconidae","Falco","Falco sparverius",NA,"Amphibia","Anura","Bufonidae","Family",NA,1,NA,"USA",NA,NA,"1935"
"new_RaptorDiets.csv",949,"Cahn and Kemp 1930","Stomach","Stomach","Strigiformes","Strigidae","Bubo","Bubo scandiacus",NA,"Mammalia","Rodentia","Peromyscus leucopus","Species",NA,3,NA,"USA",40.279,-89.324,"1926.5"
"new_RaptorDiets.csv",949,"Cahn and Kemp 1930","Stomach","Stomach","Strigiformes","Strigidae","Bubo","Bubo scandiacus",NA,"Mammalia","Eulipotyphla","Blarina brevicauda","Species",NA,1,NA,"USA",40.279,-89.324,"1926.5"
"new_RaptorDiets.csv",949,"Cahn and Kemp 1930","Stomach","Stomach","Strigiformes","Strigidae","Bubo","Bubo scandiacus",NA,"Aves","Passeriformes","Junco hyemalis","Species",NA,1,NA,"USA",40.279,-89.324,"1926.5"
"new_RaptorDiets.csv",1001,"Errington 1933b","Stomach","Stomach+PreyRemains","Accipitriformes","Acciptridae","Circus","Circus hudsonius",NA,"Mammalia","Lagomorpha","Sylvilagus floridanus","Species",NA,2,NA,"USA",43.055,-89.42,"1930"
"new_RaptorDiets.csv",1001,"Errington 1933b","Stomach","Stomach+PreyRemains","Accipitriformes","Acciptridae","Circus","Circus hudsonius",NA,"Mammalia","Rodentia","Ictidomys tridecemlineatus","Species",NA,9,NA,"USA",43.055,-89.42,"1930"
"new_RaptorDiets.csv",1001,"Errington 1933b","Stomach","Stomach+PreyRemains","Accipitriformes","Acciptridae","Circus","Circus hudsonius",NA,"Mammalia","Rodentia","Microtus sp","Genus",NA,9,NA,"USA",43.055,-89.42,"1930"
"new_RaptorDiets.csv",1001,"Errington 1933b","Stomach","Stomach+PreyRemains","Accipitriformes","Acciptridae","Circus","Circus hudsonius",NA,"Aves","Passeriformes","Sturnella sp","Genus",NA,1,NA,"USA",43.055,-89.42,"1930"
"new_RaptorDiets.csv",1001,"Errington 1933b","Stomach","Stomach+PreyRemains","Accipitriformes","Acciptridae","Circus","Circus hudsonius",NA,"Mammalia","Rodentia","Tamias sp","Genus",NA,1,NA,"USA",43.055,-89.42,"1930"
"new_RaptorDiets.csv",1001,"Errington 1933b","Stomach","Stomach+PreyRemains","Accipitriformes","Acciptridae","Circus","Circus hudsonius",NA,"Aves","","Aves","Class",NA,1,NA,"USA",43.055,-89.42,"1930"
"new_RaptorDiets.csv",1002,"Errington 1933b","Stomach","Stomach+Pellet+PreyRemains","Accipitriformes","Acciptridae","Circus","Circus hudsonius",NA,"Mammalia","Rodentia","Ictidomys tridecemlineatus","Species",NA,11,NA,"USA",43.055,-89.42,"1930"
"new_RaptorDiets.csv",1002,"Errington 1933b","Stomach","Stomach+Pellet+PreyRemains","Accipitriformes","Acciptridae","Circus","Circus hudsonius",NA,"Mammalia","Lagomorpha","Sylvilagus floridanus","Species",NA,2,NA,"USA",43.055,-89.42,"1930"
"new_RaptorDiets.csv",1002,"Errington 1933b","Stomach","Stomach+Pellet+PreyRemains","Accipitriformes","Acciptridae","Circus","Circus hudsonius",NA,"Mammalia","Rodentia","Microtus sp","Genus",NA,5,NA,"USA",43.055,-89.42,"1930"
"new_RaptorDiets.csv",1002,"Errington 1933b","Stomach","Stomach+Pellet+PreyRemains","Accipitriformes","Acciptridae","Circus","Circus hudsonius",NA,"Mammalia","Rodentia","Zapus sp","Genus",NA,1,NA,"USA",43.055,-89.42,"1930"
"new_RaptorDiets.csv",1002,"Errington 1933b","Stomach","Stomach+Pellet+PreyRemains","Accipitriformes","Acciptridae","Circus","Circus hudsonius",NA,"Aves","Passeriformes","Agelaius phoeniceus","Species",NA,1,NA,"USA",43.055,-89.42,"1930"
"new_RaptorDiets.csv",1002,"Errington 1933b","Stomach","Stomach+Pellet+PreyRemains","Accipitriformes","Acciptridae","Circus","Circus hudsonius",NA,"Aves","Passeriformes","Sturnella sp","Genus",NA,1,NA,"USA",43.055,-89.42,"1930"
"new_RaptorDiets.csv",1002,"Errington 1933b","Stomach","Stomach+Pellet+PreyRemains","Accipitriformes","Acciptridae","Circus","Circus hudsonius",NA,"Aves","Passeriformes","Troglodytes aedon","Species",NA,1,NA,"USA",43.055,-89.42,"1930"
"new_RaptorDiets.csv",1002,"Errington 1933b","Stomach","Stomach+Pellet+PreyRemains","Accipitriformes","Acciptridae","Circus","Circus hudsonius",NA,"Aves","","Aves","Class",NA,1,NA,"USA",43.055,-89.42,"1930"
"new_RaptorDiets.csv",1004,"Errington 1933b","Stomach","Stomach","Accipitriformes","Acciptridae","Circus","Circus hudsonius",NA,"Mammalia","Lagomorpha","Sylvilagus floridanus","Species",NA,6,NA,"USA",43.055,-89.42,"1931"
"new_RaptorDiets.csv",1004,"Errington 1933b","Stomach","Stomach","Accipitriformes","Acciptridae","Circus","Circus hudsonius",NA,"Mammalia","Rodentia","Ictidomys tridecemlineatus","Species",NA,9,NA,"USA",43.055,-89.42,"1931"
"new_RaptorDiets.csv",1004,"Errington 1933b","Stomach","Stomach","Accipitriformes","Acciptridae","Circus","Circus hudsonius",NA,"Mammalia","Rodentia","Microtus sp","Genus",NA,3,NA,"USA",43.055,-89.42,"1931"
"new_RaptorDiets.csv",1004,"Errington 1933b","Stomach","Stomach","Accipitriformes","Acciptridae","Circus","Circus hudsonius",NA,"Aves","Passeriformes","Sturnella sp","Genus",NA,2,NA,"USA",43.055,-89.42,"1931"
"new_RaptorDiets.csv",1004,"Errington 1933b","Stomach","Stomach","Accipitriformes","Acciptridae","Circus","Circus hudsonius",NA,"Aves","Passeriformes","Agelaius phoeniceus","Species",NA,1,NA,"USA",43.055,-89.42,"1931"
"new_RaptorDiets.csv",1004,"Errington 1933b","Stomach","Stomach","Accipitriformes","Acciptridae","Circus","Circus hudsonius",NA,"Mammalia","Eulipotyphla","Blarina sp","Genus",NA,1,NA,"USA",43.055,-89.42,"1931"
"new_RaptorDiets.csv",1008,"Errington 1933b","Stomach","Stomach+Follow","Accipitriformes","Acciptridae","Circus","Circus hudsonius",NA,"Mammalia","Rodentia","Ictidomys tridecemlineatus","Species",NA,21,NA,"USA",43.328,-89.638,"1931"
"new_RaptorDiets.csv",1008,"Errington 1933b","Stomach","Stomach+Follow","Accipitriformes","Acciptridae","Circus","Circus hudsonius",NA,"Mammalia","Lagomorpha","Sylvilagus floridanus","Species",NA,3,NA,"USA",43.328,-89.638,"1931"
"new_RaptorDiets.csv",1008,"Errington 1933b","Stomach","Stomach+Follow","Accipitriformes","Acciptridae","Circus","Circus hudsonius",NA,"Mammalia","Rodentia","Microtus sp","Genus",NA,1,NA,"USA",43.328,-89.638,"1931"
"new_RaptorDiets.csv",1008,"Errington 1933b","Stomach","Stomach+Follow","Accipitriformes","Acciptridae","Circus","Circus hudsonius",NA,"Aves","Passeriformes","Sturnella sp","Genus",NA,1,NA,"USA",43.328,-89.638,"1931"
"new_RaptorDiets.csv",1008,"Errington 1933b","Stomach","Stomach+Follow","Accipitriformes","Acciptridae","Circus","Circus hudsonius",NA,"Aves","Piciformes","Colaptes auratus","Species",NA,1,NA,"USA",43.328,-89.638,"1931"
"new_RaptorDiets.csv",1008,"Errington 1933b","Stomach","Stomach+Follow","Accipitriformes","Acciptridae","Circus","Circus hudsonius",NA,"Aves","","Aves","Class",NA,4,NA,"USA",43.328,-89.638,"1931"
"new_RaptorDiets.csv",1008,"Errington 1933b","Stomach","Stomach+Follow","Accipitriformes","Acciptridae","Circus","Circus hudsonius",NA,"Amphibia","Anura","Anura","Order",NA,1,NA,"USA",43.328,-89.638,"1931"
"new_RaptorDiets.csv",1009,"Errington 1933b","Stomach","Stomach","Accipitriformes","Acciptridae","Circus","Circus hudsonius",NA,"Mammalia","Lagomorpha","Sylvilagus floridanus","Species",NA,3,NA,"USA",43.328,-89.638,"1931"
"new_RaptorDiets.csv",1009,"Errington 1933b","Stomach","Stomach","Accipitriformes","Acciptridae","Circus","Circus hudsonius",NA,"Mammalia","Rodentia","Ictidomys tridecemlineatus","Species",NA,10,NA,"USA",43.328,-89.638,"1931"
"new_RaptorDiets.csv",1009,"Errington 1933b","Stomach","Stomach","Accipitriformes","Acciptridae","Circus","Circus hudsonius",NA,"Mammalia","Rodentia","Tamias sp","Genus",NA,1,NA,"USA",43.328,-89.638,"1931"
"new_RaptorDiets.csv",1009,"Errington 1933b","Stomach","Stomach","Accipitriformes","Acciptridae","Circus","Circus hudsonius",NA,"Mammalia","Rodentia","Microtus sp","Genus",NA,6,NA,"USA",43.328,-89.638,"1931"
"new_RaptorDiets.csv",1009,"Errington 1933b","Stomach","Stomach","Accipitriformes","Acciptridae","Circus","Circus hudsonius",NA,"Mammalia","Rodentia","Peromyscus sp","Genus",NA,1,NA,"USA",43.328,-89.638,"1931"
"new_RaptorDiets.csv",1009,"Errington 1933b","Stomach","Stomach","Accipitriformes","Acciptridae","Circus","Circus hudsonius",NA,"Aves","Passeriformes","Sialia sp","Genus",NA,1,NA,"USA",43.328,-89.638,"1931"
"new_RaptorDiets.csv",1009,"Errington 1933b","Stomach","Stomach","Accipitriformes","Acciptridae","Circus","Circus hudsonius",NA,"Aves","","Aves","Class",NA,1,NA,"USA",43.328,-89.638,"1931"
"new_RaptorDiets.csv",1010,"Errington 1933b","Stomach","Stomach+PreyRemains","Accipitriformes","Acciptridae","Circus","Circus hudsonius",NA,"Mammalia","Rodentia","Microtus sp","Genus",NA,1,NA,"USA",43.038,-89.29,"1930"
"new_RaptorDiets.csv",1010,"Errington 1933b","Stomach","Stomach+PreyRemains","Accipitriformes","Acciptridae","Circus","Circus hudsonius",NA,"Mammalia","Rodentia","Ictidomys tridecemlineatus","Species",NA,3,NA,"USA",43.038,-89.29,"1930"
"new_RaptorDiets.csv",1010,"Errington 1933b","Stomach","Stomach+PreyRemains","Accipitriformes","Acciptridae","Circus","Circus hudsonius",NA,"Amphibia","Anura","Anura","Order",NA,5,NA,"USA",43.038,-89.29,"1930"
"new_RaptorDiets.csv",1011,"Errington 1933b","Stomach","Stomach+PreyRemains+Follow","Accipitriformes","Acciptridae","Circus","Circus hudsonius",NA,"Mammalia","Lagomorpha","Sylvilagus floridanus","Species",NA,2,NA,"USA",43.328,-89.638,"1930"
"new_RaptorDiets.csv",1011,"Errington 1933b","Stomach","Stomach+PreyRemains+Follow","Accipitriformes","Acciptridae","Circus","Circus hudsonius",NA,"Mammalia","Rodentia","Ictidomys tridecemlineatus","Species",NA,1,NA,"USA",43.328,-89.638,"1930"
"new_RaptorDiets.csv",1011,"Errington 1933b","Stomach","Stomach+PreyRemains+Follow","Accipitriformes","Acciptridae","Circus","Circus hudsonius",NA,"Mammalia","Rodentia","Microtus sp","Genus",NA,14,NA,"USA",43.328,-89.638,"1930"
"new_RaptorDiets.csv",1011,"Errington 1933b","Stomach","Stomach+PreyRemains+Follow","Accipitriformes","Acciptridae","Circus","Circus hudsonius",NA,"Aves","Passeriformes","Agelaius phoeniceus","Species",NA,1,NA,"USA",43.328,-89.638,"1930"
"new_RaptorDiets.csv",1011,"Errington 1933b","Stomach","Stomach+PreyRemains+Follow","Accipitriformes","Acciptridae","Circus","Circus hudsonius",NA,"Amphibia","Anura","Anura","Order",NA,1,NA,"USA",43.328,-89.638,"1930"
"new_RaptorDiets.csv",1012,"Errington 1933b","Stomach","Stomach+Pellet+PreyRemains","Accipitriformes","Acciptridae","Accipiter","Accipiter cooperii",NA,"Mammalia","Rodentia","Ictidomys tridecemlineatus","Species",NA,3,NA,"USA",43.011,-89.537,"1930"
"new_RaptorDiets.csv",1012,"Errington 1933b","Stomach","Stomach+Pellet+PreyRemains","Accipitriformes","Acciptridae","Accipiter","Accipiter cooperii",NA,"Aves","Passeriformes","Turdus migratorius","Species",NA,2,NA,"USA",43.011,-89.537,"1930"
"new_RaptorDiets.csv",1012,"Errington 1933b","Stomach","Stomach+Pellet+PreyRemains","Accipitriformes","Acciptridae","Accipiter","Accipiter cooperii",NA,"Aves","Piciformes","Colaptes auratus","Species",NA,9,NA,"USA",43.011,-89.537,"1930"
"new_RaptorDiets.csv",1012,"Errington 1933b","Stomach","Stomach+Pellet+PreyRemains","Accipitriformes","Acciptridae","Accipiter","Accipiter cooperii",NA,"Aves","","Aves","Class",NA,6,NA,"USA",43.011,-89.537,"1930"
"new_RaptorDiets.csv",1012,"Errington 1933b","Stomach","Stomach+Pellet+PreyRemains","Accipitriformes","Acciptridae","Accipiter","Accipiter cooperii",NA,"Aves","Galliformes","Gallus gallus","Species",NA,1,NA,"USA",43.011,-89.537,"1930"
"new_RaptorDiets.csv",1012,"Errington 1933b","Stomach","Stomach+Pellet+PreyRemains","Accipitriformes","Acciptridae","Accipiter","Accipiter cooperii",NA,"Aves","Passeriformes","Setophaga pensylvanica","Species",NA,1,NA,"USA",43.011,-89.537,"1930"
"new_RaptorDiets.csv",1012,"Errington 1933b","Stomach","Stomach+Pellet+PreyRemains","Accipitriformes","Acciptridae","Accipiter","Accipiter cooperii",NA,"Aves","Passeriformes","Sturnella sp","Genus",NA,1,NA,"USA",43.011,-89.537,"1930"
"new_RaptorDiets.csv",1013,"Errington 1933b","Stomach","Stomach+PreyRemains","Accipitriformes","Acciptridae","Accipiter","Accipiter cooperii",NA,"Mammalia","Rodentia","Ictidomys tridecemlineatus","Species",NA,4,NA,"USA",43.067,-89.654,"1931"
"new_RaptorDiets.csv",1013,"Errington 1933b","Stomach","Stomach+PreyRemains","Accipitriformes","Acciptridae","Accipiter","Accipiter cooperii",NA,"Aves","Piciformes","Melanerpes erythrocephalus","Species",NA,4,NA,"USA",43.067,-89.654,"1931"
"new_RaptorDiets.csv",1013,"Errington 1933b","Stomach","Stomach+PreyRemains","Accipitriformes","Acciptridae","Accipiter","Accipiter cooperii",NA,"Aves","","Aves","Class",NA,4,NA,"USA",43.067,-89.654,"1931"
"new_RaptorDiets.csv",1013,"Errington 1933b","Stomach","Stomach+PreyRemains","Accipitriformes","Acciptridae","Accipiter","Accipiter cooperii",NA,"Aves","Passeriformes","Turdus migratorius","Species",NA,1,NA,"USA",43.067,-89.654,"1931"
"new_RaptorDiets.csv",1013,"Errington 1933b","Stomach","Stomach+PreyRemains","Accipitriformes","Acciptridae","Accipiter","Accipiter cooperii",NA,"Aves","Passeriformes","Melospiza melodia","Species",NA,1,NA,"USA",43.067,-89.654,"1931"
"new_RaptorDiets.csv",1013,"Errington 1933b","Stomach","Stomach+PreyRemains","Accipitriformes","Acciptridae","Accipiter","Accipiter cooperii",NA,"Aves","Passeriformes","Cyanocitta cristata","Species",NA,3,NA,"USA",43.067,-89.654,"1931"
"new_RaptorDiets.csv",1013,"Errington 1933b","Stomach","Stomach+PreyRemains","Accipitriformes","Acciptridae","Accipiter","Accipiter cooperii",NA,"Aves","Piciformes","Colaptes auratus","Species",NA,5,NA,"USA",43.067,-89.654,"1931"
"new_RaptorDiets.csv",1013,"Errington 1933b","Stomach","Stomach+PreyRemains","Accipitriformes","Acciptridae","Accipiter","Accipiter cooperii",NA,"Aves","Galliformes","Bonasa umbellus","Species",NA,3,NA,"USA",43.067,-89.654,"1931"
"new_RaptorDiets.csv",1014,"Errington 1933b","Stomach","Stomach+PreyRemains","Accipitriformes","Acciptridae","Accipiter","Accipiter cooperii",NA,"Mammalia","Rodentia","Ictidomys tridecemlineatus","Species",NA,1,NA,"USA",43.067,-89.654,"1931"
"new_RaptorDiets.csv",1014,"Errington 1933b","Stomach","Stomach+PreyRemains","Accipitriformes","Acciptridae","Accipiter","Accipiter cooperii",NA,"Aves","Piciformes","Colaptes auratus","Species",NA,1,NA,"USA",43.067,-89.654,"1931"
"new_RaptorDiets.csv",1014,"Errington 1933b","Stomach","Stomach+PreyRemains","Accipitriformes","Acciptridae","Accipiter","Accipiter cooperii",NA,"Aves","Piciformes","Melanerpes erythrocephalus","Species",NA,3,NA,"USA",43.067,-89.654,"1931"
"new_RaptorDiets.csv",1014,"Errington 1933b","Stomach","Stomach+PreyRemains","Accipitriformes","Acciptridae","Accipiter","Accipiter cooperii",NA,"Aves","","Aves","Class",NA,3,NA,"USA",43.067,-89.654,"1931"
"new_RaptorDiets.csv",1018,"Errington 1933b","Stomach","Stomach+PreyRemains","Accipitriformes","Acciptridae","Buteo","Buteo jamaicensis",NA,"Mammalia","Rodentia","Microtus sp","Genus",NA,2,NA,"USA",43.295,-89.633,"1930"
"new_RaptorDiets.csv",1018,"Errington 1933b","Stomach","Stomach+PreyRemains","Accipitriformes","Acciptridae","Buteo","Buteo jamaicensis",NA,"Mammalia","Lagomorpha","Sylvilagus floridanus","Species",NA,3,NA,"USA",43.295,-89.633,"1930"
"new_RaptorDiets.csv",1018,"Errington 1933b","Stomach","Stomach+PreyRemains","Accipitriformes","Acciptridae","Buteo","Buteo jamaicensis",NA,"Mammalia","Rodentia","Sciurus sp","Genus",NA,2,NA,"USA",43.295,-89.633,"1930"
"new_RaptorDiets.csv",1018,"Errington 1933b","Stomach","Stomach+PreyRemains","Accipitriformes","Acciptridae","Buteo","Buteo jamaicensis",NA,"Mammalia","Rodentia","Ictidomys tridecemlineatus","Species",NA,2,NA,"USA",43.295,-89.633,"1930"
"new_RaptorDiets.csv",1018,"Errington 1933b","Stomach","Stomach+PreyRemains","Accipitriformes","Acciptridae","Buteo","Buteo jamaicensis",NA,"Aves","Columbiformes","Columba livia","Species",NA,1,NA,"USA",43.295,-89.633,"1930"
"new_RaptorDiets.csv",1018,"Errington 1933b","Stomach","Stomach+PreyRemains","Accipitriformes","Acciptridae","Buteo","Buteo jamaicensis",NA,"Reptilia","Squamata","Pituophis catenifer","Species",NA,1,NA,"USA",43.295,-89.633,"1930"
"new_RaptorDiets.csv",1018,"Errington 1933b","Stomach","Stomach+PreyRemains","Accipitriformes","Acciptridae","Buteo","Buteo jamaicensis",NA,"Amphibia","Anura","Anura","Order",NA,1,NA,"USA",43.295,-89.633,"1930"
"new_RaptorDiets.csv",1019,"Errington 1933b","Stomach","Stomach+PreyRemains","Accipitriformes","Acciptridae","Buteo","Buteo jamaicensis",NA,"Aves","Galliformes","Gallus gallus","Species",NA,4,NA,"USA",43.011,-89.537,"1930"
"new_RaptorDiets.csv",1019,"Errington 1933b","Stomach","Stomach+PreyRemains","Accipitriformes","Acciptridae","Buteo","Buteo jamaicensis",NA,"Mammalia","Lagomorpha","Sylvilagus floridanus","Species",NA,1,NA,"USA",43.011,-89.537,"1930"
"new_RaptorDiets.csv",1019,"Errington 1933b","Stomach","Stomach+PreyRemains","Accipitriformes","Acciptridae","Buteo","Buteo jamaicensis",NA,"Mammalia","Rodentia","Ictidomys tridecemlineatus","Species",NA,17,NA,"USA",43.011,-89.537,"1930"
"new_RaptorDiets.csv",1019,"Errington 1933b","Stomach","Stomach+PreyRemains","Accipitriformes","Acciptridae","Buteo","Buteo jamaicensis",NA,"Mammalia","Rodentia","Microtus sp","Genus",NA,8,NA,"USA",43.011,-89.537,"1930"
"new_RaptorDiets.csv",1019,"Errington 1933b","Stomach","Stomach+PreyRemains","Accipitriformes","Acciptridae","Buteo","Buteo jamaicensis",NA,"Aves","Passeriformes","Eremophila alpestris","Species",NA,1,NA,"USA",43.011,-89.537,"1930"
"new_RaptorDiets.csv",1019,"Errington 1933b","Stomach","Stomach+PreyRemains","Accipitriformes","Acciptridae","Buteo","Buteo jamaicensis",NA,"Aves","Gruiformes","Gallinula chloropus","Species",NA,1,NA,"USA",43.011,-89.537,"1930"
"new_RaptorDiets.csv",1019,"Errington 1933b","Stomach","Stomach+PreyRemains","Accipitriformes","Acciptridae","Buteo","Buteo jamaicensis",NA,"Reptilia","Squamata","Thamnophis sp","Genus",NA,3,NA,"USA",43.011,-89.537,"1930"
"new_RaptorDiets.csv",1021,"Errington 1933b","Stomach","Stomach+PreyRemains","Accipitriformes","Acciptridae","Buteo","Buteo jamaicensis",NA,"Aves","Galliformes","Gallus gallus","Species",NA,7,NA,"USA",43.111,-89.506,"1931"
"new_RaptorDiets.csv",1021,"Errington 1933b","Stomach","Stomach+PreyRemains","Accipitriformes","Acciptridae","Buteo","Buteo jamaicensis",NA,"Mammalia","Rodentia","Tamias sp","Genus",NA,1,NA,"USA",43.111,-89.506,"1931"
"new_RaptorDiets.csv",1021,"Errington 1933b","Stomach","Stomach+PreyRemains","Accipitriformes","Acciptridae","Buteo","Buteo jamaicensis",NA,"Mammalia","Lagomorpha","Sylvilagus floridanus","Species",NA,1,NA,"USA",43.111,-89.506,"1931"
"new_RaptorDiets.csv",1021,"Errington 1933b","Stomach","Stomach+PreyRemains","Accipitriformes","Acciptridae","Buteo","Buteo jamaicensis",NA,"Mammalia","Rodentia","Ictidomys tridecemlineatus","Species",NA,2,NA,"USA",43.111,-89.506,"1931"
"new_RaptorDiets.csv",1021,"Errington 1933b","Stomach","Stomach+PreyRemains","Accipitriformes","Acciptridae","Buteo","Buteo jamaicensis",NA,"Mammalia","Rodentia","Peromyscus sp","Genus",NA,1,NA,"USA",43.111,-89.506,"1931"
"new_RaptorDiets.csv",1022,"Errington 1933b","Stomach","Stomach+Pellet","Accipitriformes","Acciptridae","Buteo","Buteo jamaicensis",NA,"Mammalia","Rodentia","Sciurus sp","Genus",NA,6,NA,"USA",43.111,-89.506,"1931"
"new_RaptorDiets.csv",1022,"Errington 1933b","Stomach","Stomach+Pellet","Accipitriformes","Acciptridae","Buteo","Buteo jamaicensis",NA,"Mammalia","Rodentia","Ictidomys tridecemlineatus","Species",NA,5,NA,"USA",43.111,-89.506,"1931"
"new_RaptorDiets.csv",1022,"Errington 1933b","Stomach","Stomach+Pellet","Accipitriformes","Acciptridae","Buteo","Buteo jamaicensis",NA,"Aves","Galliformes","Gallus gallus","Species",NA,3,NA,"USA",43.111,-89.506,"1931"
"new_RaptorDiets.csv",1022,"Errington 1933b","Stomach","Stomach+Pellet","Accipitriformes","Acciptridae","Buteo","Buteo jamaicensis",NA,"Mammalia","Lagomorpha","Sylvilagus floridanus","Species",NA,2,NA,"USA",43.111,-89.506,"1931"
"new_RaptorDiets.csv",1022,"Errington 1933b","Stomach","Stomach+Pellet","Accipitriformes","Acciptridae","Buteo","Buteo jamaicensis",NA,"Mammalia","Rodentia","Microtus sp","Genus",NA,4,NA,"USA",43.111,-89.506,"1931"
"new_RaptorDiets.csv",1023,"Errington 1933b","Stomach","Stomach+Pellet","Accipitriformes","Acciptridae","Buteo","Buteo jamaicensis",NA,"Mammalia","Rodentia","Microtus sp","Genus",NA,24,NA,"USA",43.539,-89.759,"1930"
"new_RaptorDiets.csv",1023,"Errington 1933b","Stomach","Stomach+Pellet","Accipitriformes","Acciptridae","Buteo","Buteo jamaicensis",NA,"Mammalia","Rodentia","Peromyscus sp","Genus",NA,3,NA,"USA",43.539,-89.759,"1930"
"new_RaptorDiets.csv",1023,"Errington 1933b","Stomach","Stomach+Pellet","Accipitriformes","Acciptridae","Buteo","Buteo jamaicensis",NA,"Mammalia","Rodentia","Mus musculus","Species",NA,1,NA,"USA",43.539,-89.759,"1930"
"new_RaptorDiets.csv",1023,"Errington 1933b","Stomach","Stomach+Pellet","Accipitriformes","Acciptridae","Buteo","Buteo jamaicensis",NA,"Mammalia","Eulipotyphla","Sorex sp","Genus",NA,1,NA,"USA",43.539,-89.759,"1930"
"new_RaptorDiets.csv",1023,"Errington 1933b","Stomach","Stomach+Pellet","Accipitriformes","Acciptridae","Buteo","Buteo jamaicensis",NA,"Aves","Galliformes","Gallus gallus","Species",NA,2,NA,"USA",43.539,-89.759,"1930"
"new_RaptorDiets.csv",1023,"Errington 1933b","Stomach","Stomach+Pellet","Accipitriformes","Acciptridae","Buteo","Buteo jamaicensis",NA,"Mammalia","Eulipotyphla","Blarina sp","Genus",NA,5,NA,"USA",43.539,-89.759,"1930"
"new_RaptorDiets.csv",1023,"Errington 1933b","Stomach","Stomach+Pellet","Accipitriformes","Acciptridae","Buteo","Buteo jamaicensis",NA,"Mammalia","Carnivora","Mustelidae","Family",NA,1,NA,"USA",43.539,-89.759,"1930"
"new_RaptorDiets.csv",1037,"Fitch 1974","Stomach","Stomach+Pellet+PreyRemains+Follow","Accipitriformes","Acciptridae","Buteo","Buteo platypterus",NA,"Aves","Passeriformes","Cardinalis cardinalis","Species",NA,7,NA,"USA",39.039,-95.201,"1956.333"
"new_RaptorDiets.csv",1037,"Fitch 1974","Stomach","Stomach+Pellet+PreyRemains+Follow","Accipitriformes","Acciptridae","Buteo","Buteo platypterus",NA,"Aves","Cuculiformes","Coccyzus americanus","Species",NA,6,NA,"USA",39.039,-95.201,"1956.333"
"new_RaptorDiets.csv",1037,"Fitch 1974","Stomach","Stomach+Pellet+PreyRemains+Follow","Accipitriformes","Acciptridae","Buteo","Buteo platypterus",NA,"Aves","Passeriformes","Oporornis formosus","Species",NA,2,NA,"USA",39.039,-95.201,"1956.333"
"new_RaptorDiets.csv",1037,"Fitch 1974","Stomach","Stomach+Pellet+PreyRemains+Follow","Accipitriformes","Acciptridae","Buteo","Buteo platypterus",NA,"Aves","Passeriformes","Molothrus ater","Species",NA,2,NA,"USA",39.039,-95.201,"1956.333"
"new_RaptorDiets.csv",1037,"Fitch 1974","Stomach","Stomach+Pellet+PreyRemains+Follow","Accipitriformes","Acciptridae","Buteo","Buteo platypterus",NA,"Aves","Passeriformes","Baeolophus bicolor","Species",NA,1,NA,"USA",39.039,-95.201,"1956.333"
"new_RaptorDiets.csv",1037,"Fitch 1974","Stomach","Stomach+Pellet+PreyRemains+Follow","Accipitriformes","Acciptridae","Buteo","Buteo platypterus",NA,"Aves","","Aves","Class",NA,17,NA,"USA",39.039,-95.201,"1956.333"
"new_RaptorDiets.csv",1037,"Fitch 1974","Stomach","Stomach+Pellet+PreyRemains+Follow","Accipitriformes","Acciptridae","Buteo","Buteo platypterus",NA,"Reptilia","Squamata","Diadophis punctatus","Species",NA,13,NA,"USA",39.039,-95.201,"1956.333"
"new_RaptorDiets.csv",1037,"Fitch 1974","Stomach","Stomach+Pellet+PreyRemains+Follow","Accipitriformes","Acciptridae","Buteo","Buteo platypterus",NA,"Mammalia","Rodentia","Microtus ochrogaster","Species",NA,9,NA,"USA",39.039,-95.201,"1956.333"
"new_RaptorDiets.csv",1037,"Fitch 1974","Stomach","Stomach+Pellet+PreyRemains+Follow","Accipitriformes","Acciptridae","Buteo","Buteo platypterus",NA,"Mammalia","Eulipotyphla","Soricidae","Family",NA,9,NA,"USA",39.039,-95.201,"1956.333"
"new_RaptorDiets.csv",1037,"Fitch 1974","Stomach","Stomach+Pellet+PreyRemains+Follow","Accipitriformes","Acciptridae","Buteo","Buteo platypterus",NA,"Mammalia","Lagomorpha","Sylvilagus floridanus","Species",NA,7,NA,"USA",39.039,-95.201,"1956.333"
"new_RaptorDiets.csv",1037,"Fitch 1974","Stomach","Stomach+Pellet+PreyRemains+Follow","Accipitriformes","Acciptridae","Buteo","Buteo platypterus",NA,"Reptilia","Squamata","Coluber constrictor","Species",NA,7,NA,"USA",39.039,-95.201,"1956.333"
"new_RaptorDiets.csv",1037,"Fitch 1974","Stomach","Stomach+Pellet+PreyRemains+Follow","Accipitriformes","Acciptridae","Buteo","Buteo platypterus",NA,"Reptilia","Squamata","Plestiodon obsoletus","Species",NA,6,NA,"USA",39.039,-95.201,"1956.333"
"new_RaptorDiets.csv",1037,"Fitch 1974","Stomach","Stomach+Pellet+PreyRemains+Follow","Accipitriformes","Acciptridae","Buteo","Buteo platypterus",NA,"Insecta","Coleoptera","Coleoptera","Order",NA,6,NA,"USA",39.039,-95.201,"1956.333"
"new_RaptorDiets.csv",1037,"Fitch 1974","Stomach","Stomach+Pellet+PreyRemains+Follow","Accipitriformes","Acciptridae","Buteo","Buteo platypterus",NA,"Mammalia","Eulipotyphla","Talpidae","Family",NA,3,NA,"USA",39.039,-95.201,"1956.333"
"new_RaptorDiets.csv",1037,"Fitch 1974","Stomach","Stomach+Pellet+PreyRemains+Follow","Accipitriformes","Acciptridae","Buteo","Buteo platypterus",NA,"Reptilia","Squamata","Ophisaurus sp","Genus",NA,2,NA,"USA",39.039,-95.201,"1956.333"
"new_RaptorDiets.csv",1037,"Fitch 1974","Stomach","Stomach+Pellet+PreyRemains+Follow","Accipitriformes","Acciptridae","Buteo","Buteo platypterus",NA,"Mammalia","Rodentia","Microtus pinetorum","Species",NA,2,NA,"USA",39.039,-95.201,"1956.333"
"new_RaptorDiets.csv",1037,"Fitch 1974","Stomach","Stomach+Pellet+PreyRemains+Follow","Accipitriformes","Acciptridae","Buteo","Buteo platypterus",NA,"Insecta","Orthoptera","Orthoptera","Order",NA,2,NA,"USA",39.039,-95.201,"1956.333"
"new_RaptorDiets.csv",1037,"Fitch 1974","Stomach","Stomach+Pellet+PreyRemains+Follow","Accipitriformes","Acciptridae","Buteo","Buteo platypterus",NA,"Reptilia","Squamata","Plestiodon fasciatus","Species",NA,13,NA,"USA",39.039,-95.201,"1956.333"
"new_RaptorDiets.csv",1037,"Fitch 1974","Stomach","Stomach+Pellet+PreyRemains+Follow","Accipitriformes","Acciptridae","Buteo","Buteo platypterus",NA,"Mammalia","Chiroptera","Lasiurus borealis","Species",NA,4,NA,"USA",39.039,-95.201,"1956.333"
"new_RaptorDiets.csv",1037,"Fitch 1974","Stomach","Stomach+Pellet+PreyRemains+Follow","Accipitriformes","Acciptridae","Buteo","Buteo platypterus",NA,"Amphibia","Anura","Anaxyrus americanus","Species",NA,3,NA,"USA",39.039,-95.201,"1956.333"
"new_RaptorDiets.csv",1037,"Fitch 1974","Stomach","Stomach+Pellet+PreyRemains+Follow","Accipitriformes","Acciptridae","Buteo","Buteo platypterus",NA,"Reptilia","Squamata","Crotaphytus collaris","Species",NA,2,NA,"USA",39.039,-95.201,"1956.333"
"new_RaptorDiets.csv",1037,"Fitch 1974","Stomach","Stomach+Pellet+PreyRemains+Follow","Accipitriformes","Acciptridae","Buteo","Buteo platypterus",NA,"Mammalia","Rodentia","Reithrodontomys megalotis","Species",NA,2,NA,"USA",39.039,-95.201,"1956.333"
"new_RaptorDiets.csv",1037,"Fitch 1974","Stomach","Stomach+Pellet+PreyRemains+Follow","Accipitriformes","Acciptridae","Buteo","Buteo platypterus",NA,"Insecta","Lepidoptera","Lepidoptera","Order",NA,2,NA,"USA",39.039,-95.201,"1956.333"
"new_RaptorDiets.csv",1037,"Fitch 1974","Stomach","Stomach+Pellet+PreyRemains+Follow","Accipitriformes","Acciptridae","Buteo","Buteo platypterus",NA,"Insecta","Hemiptera","Cicadoidea","Superfamily",NA,2,NA,"USA",39.039,-95.201,"1956.333"
"new_RaptorDiets.csv",1037,"Fitch 1974","Stomach","Stomach+Pellet+PreyRemains+Follow","Accipitriformes","Acciptridae","Buteo","Buteo platypterus",NA,"Reptilia","Squamata","Pantherophis obsoletus","Species",NA,2,NA,"USA",39.039,-95.201,"1956.333"
"new_RaptorDiets.csv",1037,"Fitch 1974","Stomach","Stomach+Pellet+PreyRemains+Follow","Accipitriformes","Acciptridae","Buteo","Buteo platypterus",NA,"Reptilia","Squamata","Aspidoscelis sexlineatus","Species",NA,1,NA,"USA",39.039,-95.201,"1956.333"
"new_RaptorDiets.csv",1037,"Fitch 1974","Stomach","Stomach+Pellet+PreyRemains+Follow","Accipitriformes","Acciptridae","Buteo","Buteo platypterus",NA,"Reptilia","Squamata","Lampropeltis calligaster","Species",NA,1,NA,"USA",39.039,-95.201,"1956.333"
"new_RaptorDiets.csv",1037,"Fitch 1974","Stomach","Stomach+Pellet+PreyRemains+Follow","Accipitriformes","Acciptridae","Buteo","Buteo platypterus",NA,"Amphibia","Anura","Lithobates catesbeianus","Species",NA,1,NA,"USA",39.039,-95.201,"1956.333"
"new_RaptorDiets.csv",1129,"Gross 1944","Stomach","Stomach","Strigiformes","Strigidae","Bubo","Bubo scandiacus",NA,"Mammalia","Rodentia","Rattus norvegicus","Species",NA,38,NA,"USA",44.422,-71.025,"1933.25"
"new_RaptorDiets.csv",1129,"Gross 1944","Stomach","Stomach","Strigiformes","Strigidae","Bubo","Bubo scandiacus",NA,"Mammalia","Rodentia","Microtus pennsylvanicus","Species",NA,18,NA,"USA",44.422,-71.025,"1933.25"
"new_RaptorDiets.csv",1129,"Gross 1944","Stomach","Stomach","Strigiformes","Strigidae","Bubo","Bubo scandiacus",NA,"Mammalia","Lagomorpha","Lepus americanus","Species",NA,5,NA,"USA",44.422,-71.025,"1933.25"
"new_RaptorDiets.csv",1129,"Gross 1944","Stomach","Stomach","Strigiformes","Strigidae","Bubo","Bubo scandiacus",NA,"Mammalia","Rodentia","Tamiasciurus hudsonicus","Species",NA,3,NA,"USA",44.422,-71.025,"1933.25"
"new_RaptorDiets.csv",1129,"Gross 1944","Stomach","Stomach","Strigiformes","Strigidae","Bubo","Bubo scandiacus",NA,"Mammalia","Lagomorpha","Sylvilagus transitionalis","Species",NA,2,NA,"USA",44.422,-71.025,"1933.25"
"new_RaptorDiets.csv",1129,"Gross 1944","Stomach","Stomach","Strigiformes","Strigidae","Bubo","Bubo scandiacus",NA,"Mammalia","Rodentia","Mus musculus","Species",NA,2,NA,"USA",44.422,-71.025,"1933.25"
"new_RaptorDiets.csv",1129,"Gross 1944","Stomach","Stomach","Strigiformes","Strigidae","Bubo","Bubo scandiacus",NA,"Mammalia","Rodentia","Peromyscus sp","Genus",NA,2,NA,"USA",44.422,-71.025,"1933.25"
"new_RaptorDiets.csv",1129,"Gross 1944","Stomach","Stomach","Strigiformes","Strigidae","Bubo","Bubo scandiacus",NA,"Mammalia","","Mammalia","Class",NA,1,NA,"USA",44.422,-71.025,"1933.25"
"new_RaptorDiets.csv",1129,"Gross 1944","Stomach","Stomach","Strigiformes","Strigidae","Bubo","Bubo scandiacus",NA,"Aves","Charadriiformes","Alle alle","Species",NA,16,NA,"USA",44.422,-71.025,"1933.25"
"new_RaptorDiets.csv",1129,"Gross 1944","Stomach","Stomach","Strigiformes","Strigidae","Bubo","Bubo scandiacus",NA,"Aves","Passeriformes","Plectrophenax nivalis","Species",NA,6,NA,"USA",44.422,-71.025,"1933.25"
"new_RaptorDiets.csv",1129,"Gross 1944","Stomach","Stomach","Strigiformes","Strigidae","Bubo","Bubo scandiacus",NA,"Aves","Galliformes","Bonasa umbellus","Species",NA,5,NA,"USA",44.422,-71.025,"1933.25"
"new_RaptorDiets.csv",1129,"Gross 1944","Stomach","Stomach","Strigiformes","Strigidae","Bubo","Bubo scandiacus",NA,"Aves","Galliformes","Gallus gallus","Species",NA,5,NA,"USA",44.422,-71.025,"1933.25"
"new_RaptorDiets.csv",1129,"Gross 1944","Stomach","Stomach","Strigiformes","Strigidae","Bubo","Bubo scandiacus",NA,"Aves","","Aves","Class",NA,5,NA,"USA",44.422,-71.025,"1933.25"
"new_RaptorDiets.csv",1129,"Gross 1944","Stomach","Stomach","Strigiformes","Strigidae","Bubo","Bubo scandiacus",NA,"Aves","Anseriformes","Anas rubripes","Species",NA,5,NA,"USA",44.422,-71.025,"1933.25"
"new_RaptorDiets.csv",1129,"Gross 1944","Stomach","Stomach","Strigiformes","Strigidae","Bubo","Bubo scandiacus",NA,"Aves","Columbiformes","Columba livia","Species",NA,4,NA,"USA",44.422,-71.025,"1933.25"
"new_RaptorDiets.csv",1129,"Gross 1944","Stomach","Stomach","Strigiformes","Strigidae","Bubo","Bubo scandiacus",NA,"Aves","Anseriformes","Clangula hyemalis","Species",NA,4,NA,"USA",44.422,-71.025,"1933.25"
"new_RaptorDiets.csv",1129,"Gross 1944","Stomach","Stomach","Strigiformes","Strigidae","Bubo","Bubo scandiacus",NA,"Aves","Anseriformes","Melanitta americana","Species",NA,3,NA,"USA",44.422,-71.025,"1933.25"
"new_RaptorDiets.csv",1129,"Gross 1944","Stomach","Stomach","Strigiformes","Strigidae","Bubo","Bubo scandiacus",NA,"Aves","Procellariiformes","Oceanodroma leucorhoa","Species",NA,3,NA,"USA",44.422,-71.025,"1933.25"
"new_RaptorDiets.csv",1129,"Gross 1944","Stomach","Stomach","Strigiformes","Strigidae","Bubo","Bubo scandiacus",NA,"Aves","Passeriformes","Turdus migratorius","Species",NA,3,NA,"USA",44.422,-71.025,"1933.25"
"new_RaptorDiets.csv",1129,"Gross 1944","Stomach","Stomach","Strigiformes","Strigidae","Bubo","Bubo scandiacus",NA,"Aves","Galliformes","Phasianus colchicus","Species",NA,3,NA,"USA",44.422,-71.025,"1933.25"
"new_RaptorDiets.csv",1129,"Gross 1944","Stomach","Stomach","Strigiformes","Strigidae","Bubo","Bubo scandiacus",NA,"Aves","Passeriformes","Sitta carolinensis","Species",NA,2,NA,"USA",44.422,-71.025,"1933.25"
"new_RaptorDiets.csv",1129,"Gross 1944","Stomach","Stomach","Strigiformes","Strigidae","Bubo","Bubo scandiacus",NA,"Aves","Passeriformes","Sturnella magna","Species",NA,1,NA,"USA",44.422,-71.025,"1933.25"
"new_RaptorDiets.csv",1129,"Gross 1944","Stomach","Stomach","Strigiformes","Strigidae","Bubo","Bubo scandiacus",NA,"Aves","Charadriiformes","Uria aalge","Species",NA,1,NA,"USA",44.422,-71.025,"1933.25"
"new_RaptorDiets.csv",1129,"Gross 1944","Stomach","Stomach","Strigiformes","Strigidae","Bubo","Bubo scandiacus",NA,"Aves","Podicipediformes","Podiceps auritus","Species",NA,1,NA,"USA",44.422,-71.025,"1933.25"
"new_RaptorDiets.csv",1129,"Gross 1944","Stomach","Stomach","Strigiformes","Strigidae","Bubo","Bubo scandiacus",NA,"Aves","Passeriformes","Junco hyemalis","Species",NA,1,NA,"USA",44.422,-71.025,"1933.25"
"new_RaptorDiets.csv",1129,"Gross 1944","Stomach","Stomach","Strigiformes","Strigidae","Bubo","Bubo scandiacus",NA,"Aves","Passeriformes","Lanius ludovicianus","Species",NA,1,NA,"USA",44.422,-71.025,"1933.25"
"new_RaptorDiets.csv",1129,"Gross 1944","Stomach","Stomach","Strigiformes","Strigidae","Bubo","Bubo scandiacus",NA,"Aves","Charadriiformes","Calidris alba","Species",NA,1,NA,"USA",44.422,-71.025,"1933.25"
"new_RaptorDiets.csv",1129,"Gross 1944","Stomach","Stomach","Strigiformes","Strigidae","Bubo","Bubo scandiacus",NA,"Aves","Anseriformes","Anatidae","Family",NA,1,NA,"USA",44.422,-71.025,"1933.25"
"new_RaptorDiets.csv",1129,"Gross 1944","Stomach","Stomach","Strigiformes","Strigidae","Bubo","Bubo scandiacus",NA,"Bivalvia","Mytilida","Mytilus edulis","Species",NA,1,NA,"USA",44.422,-71.025,"1933.25"
"new_RaptorDiets.csv",1129,"Gross 1944","Stomach","Stomach","Strigiformes","Strigidae","Bubo","Bubo scandiacus",NA,"Osteichthyes","","Osteichthyes","Superclass",NA,1,NA,"USA",44.422,-71.025,"1933.25"
"new_RaptorDiets.csv",1130,"Gross 1944","Stomach","Stomach","Strigiformes","Strigidae","Bubo","Bubo scandiacus",NA,"Mammalia","Rodentia","Rattus norvegicus","Species",NA,8,NA,"Canada",51.844,-86.364,"1933.25"
"new_RaptorDiets.csv",1130,"Gross 1944","Stomach","Stomach","Strigiformes","Strigidae","Bubo","Bubo scandiacus",NA,"Mammalia","Rodentia","Peromyscus sp","Genus",NA,7,NA,"Canada",51.844,-86.364,"1933.25"
"new_RaptorDiets.csv",1130,"Gross 1944","Stomach","Stomach","Strigiformes","Strigidae","Bubo","Bubo scandiacus",NA,"Mammalia","","Mammalia","Class",NA,3,NA,"Canada",51.844,-86.364,"1933.25"
"new_RaptorDiets.csv",1130,"Gross 1944","Stomach","Stomach","Strigiformes","Strigidae","Bubo","Bubo scandiacus",NA,"Mammalia","Eulipotyphla","Condylura cristata","Species",NA,1,NA,"Canada",51.844,-86.364,"1933.25"
"new_RaptorDiets.csv",1130,"Gross 1944","Stomach","Stomach","Strigiformes","Strigidae","Bubo","Bubo scandiacus",NA,"Mammalia","Eulipotyphla","Blarina brevicauda","Species",NA,1,NA,"Canada",51.844,-86.364,"1933.25"
"new_RaptorDiets.csv",1130,"Gross 1944","Stomach","Stomach","Strigiformes","Strigidae","Bubo","Bubo scandiacus",NA,"Mammalia","Rodentia","Ondatra zibethicus","Species",NA,1,NA,"Canada",51.844,-86.364,"1933.25"
"new_RaptorDiets.csv",1130,"Gross 1944","Stomach","Stomach","Strigiformes","Strigidae","Bubo","Bubo scandiacus",NA,"Mammalia","Rodentia","Rodentia","Order",NA,1,NA,"Canada",51.844,-86.364,"1933.25"
"new_RaptorDiets.csv",1130,"Gross 1944","Stomach","Stomach","Strigiformes","Strigidae","Bubo","Bubo scandiacus",NA,"Aves","Charadriiformes","Chroicocephalus philadelphia","Species",NA,2,NA,"Canada",51.844,-86.364,"1933.25"
"new_RaptorDiets.csv",1130,"Gross 1944","Stomach","Stomach","Strigiformes","Strigidae","Bubo","Bubo scandiacus",NA,"Aves","Charadriiformes","Larus argentatus","Species",NA,1,NA,"Canada",51.844,-86.364,"1933.25"
"new_RaptorDiets.csv",1130,"Gross 1944","Stomach","Stomach","Strigiformes","Strigidae","Bubo","Bubo scandiacus",NA,"Aves","Gruiformes","Fulica americana","Species",NA,1,NA,"Canada",51.844,-86.364,"1933.25"
"new_RaptorDiets.csv",1130,"Gross 1944","Stomach","Stomach","Strigiformes","Strigidae","Bubo","Bubo scandiacus",NA,"Aves","Anseriformes","Anas rubripes","Species",NA,1,NA,"Canada",51.844,-86.364,"1933.25"
"new_RaptorDiets.csv",1130,"Gross 1944","Stomach","Stomach","Strigiformes","Strigidae","Bubo","Bubo scandiacus",NA,"Aves","Passeriformes","Passer domesticus","Species",NA,1,NA,"Canada",51.844,-86.364,"1933.25"
"new_RaptorDiets.csv",1130,"Gross 1944","Stomach","Stomach","Strigiformes","Strigidae","Bubo","Bubo scandiacus",NA,"Aves","Passeriformes","Plectrophenax nivalis","Species",NA,1,NA,"Canada",51.844,-86.364,"1933.25"
"new_RaptorDiets.csv",1130,"Gross 1944","Stomach","Stomach","Strigiformes","Strigidae","Bubo","Bubo scandiacus",NA,"Aves","Columbiformes","Columba livia","Species",NA,1,NA,"Canada",51.844,-86.364,"1933.25"
"new_RaptorDiets.csv",1130,"Gross 1944","Stomach","Stomach","Strigiformes","Strigidae","Bubo","Bubo scandiacus",NA,"Aves","","Aves","Class",NA,1,NA,"Canada",51.844,-86.364,"1933.25"
"new_RaptorDiets.csv",1130,"Gross 1944","Stomach","Stomach","Strigiformes","Strigidae","Bubo","Bubo scandiacus",NA,"Actinopterygii","Salmoniformes","Salvelinus namaycush","Species",NA,1,NA,"Canada",51.844,-86.364,"1933.25"
"new_RaptorDiets.csv",1130,"Gross 1944","Stomach","Stomach","Strigiformes","Strigidae","Bubo","Bubo scandiacus",NA,"Insecta","Lepidoptera","Noctuidae","Family",NA,1,NA,"Canada",51.844,-86.364,"1933.25"
"new_RaptorDiets.csv",1131,"Gross 1944","Stomach","Stomach","Strigiformes","Strigidae","Bubo","Bubo scandiacus",NA,"Aves","Galliformes","Gallus gallus","Species",NA,9,NA,"USA",40.971,-77.452,"1927"
"new_RaptorDiets.csv",1131,"Gross 1944","Stomach","Stomach","Strigiformes","Strigidae","Bubo","Bubo scandiacus",NA,"Aves","Columbiformes","Columba livia","Species",NA,3,NA,"USA",40.971,-77.452,"1927"
"new_RaptorDiets.csv",1131,"Gross 1944","Stomach","Stomach","Strigiformes","Strigidae","Bubo","Bubo scandiacus",NA,"Aves","Anseriformes","Anatidae","Family",NA,3,NA,"USA",40.971,-77.452,"1927"
"new_RaptorDiets.csv",1131,"Gross 1944","Stomach","Stomach","Strigiformes","Strigidae","Bubo","Bubo scandiacus",NA,"Aves","Galliformes","Colinus virginianus","Species",NA,4,NA,"USA",40.971,-77.452,"1927"
"new_RaptorDiets.csv",1131,"Gross 1944","Stomach","Stomach","Strigiformes","Strigidae","Bubo","Bubo scandiacus",NA,"Aves","Galliformes","Bonasa umbellus","Species",NA,3,NA,"USA",40.971,-77.452,"1927"
"new_RaptorDiets.csv",1131,"Gross 1944","Stomach","Stomach","Strigiformes","Strigidae","Bubo","Bubo scandiacus",NA,"Aves","Galliformes","Phasianus colchicus","Species",NA,1,NA,"USA",40.971,-77.452,"1927"
"new_RaptorDiets.csv",1131,"Gross 1944","Stomach","Stomach","Strigiformes","Strigidae","Bubo","Bubo scandiacus",NA,"Aves","Passeriformes","Passerellidae","Family",NA,8,NA,"USA",40.971,-77.452,"1927"
"new_RaptorDiets.csv",1131,"Gross 1944","Stomach","Stomach","Strigiformes","Strigidae","Bubo","Bubo scandiacus",NA,"Aves","Passeriformes","Cyanocitta cristata","Species",NA,1,NA,"USA",40.971,-77.452,"1927"
"new_RaptorDiets.csv",1131,"Gross 1944","Stomach","Stomach","Strigiformes","Strigidae","Bubo","Bubo scandiacus",NA,"Mammalia","Lagomorpha","Sylvilagus transitionalis","Species",NA,26,NA,"USA",40.971,-77.452,"1927"
"new_RaptorDiets.csv",1131,"Gross 1944","Stomach","Stomach","Strigiformes","Strigidae","Bubo","Bubo scandiacus",NA,"Mammalia","Rodentia","Apodemus sp","Genus",NA,9,NA,"USA",40.971,-77.452,"1927"
"new_RaptorDiets.csv",1131,"Gross 1944","Stomach","Stomach","Strigiformes","Strigidae","Bubo","Bubo scandiacus",NA,"Mammalia","Rodentia","Rodentia","Order",NA,9,NA,"USA",40.971,-77.452,"1927"
"new_RaptorDiets.csv",1131,"Gross 1944","Stomach","Stomach","Strigiformes","Strigidae","Bubo","Bubo scandiacus",NA,"Mammalia","Rodentia","Sciurus carolinensis","Species",NA,3,NA,"USA",40.971,-77.452,"1927"
"new_RaptorDiets.csv",1131,"Gross 1944","Stomach","Stomach","Strigiformes","Strigidae","Bubo","Bubo scandiacus",NA,"Mammalia","Rodentia","Sciurus niger","Species",NA,1,NA,"USA",40.971,-77.452,"1927"
"new_RaptorDiets.csv",1131,"Gross 1944","Stomach","Stomach","Strigiformes","Strigidae","Bubo","Bubo scandiacus",NA,"Mammalia","Carnivora","Mephitis sp","Genus",NA,1,NA,"USA",40.971,-77.452,"1927"
"new_RaptorDiets.csv",1132,"Gross 1944","Stomach","Stomach","Strigiformes","Strigidae","Bubo","Bubo scandiacus",NA,"Aves","Anseriformes","Anatidae","Family",NA,6,NA,"USA",42.892,-75.331,"1941.5"
"new_RaptorDiets.csv",1132,"Gross 1944","Stomach","Stomach","Strigiformes","Strigidae","Bubo","Bubo scandiacus",NA,"Aves","Galliformes","Gallus gallus","Species",NA,4,NA,"USA",42.892,-75.331,"1941.5"
"new_RaptorDiets.csv",1132,"Gross 1944","Stomach","Stomach","Strigiformes","Strigidae","Bubo","Bubo scandiacus",NA,"Aves","Galliformes","Phasianus colchicus","Species",NA,2,NA,"USA",42.892,-75.331,"1941.5"
"new_RaptorDiets.csv",1132,"Gross 1944","Stomach","Stomach","Strigiformes","Strigidae","Bubo","Bubo scandiacus",NA,"Aves","Charadriiformes","Larus argentatus","Species",NA,1,NA,"USA",42.892,-75.331,"1941.5"
"new_RaptorDiets.csv",1132,"Gross 1944","Stomach","Stomach","Strigiformes","Strigidae","Bubo","Bubo scandiacus",NA,"Aves","Columbiformes","Columba livia","Species",NA,1,NA,"USA",42.892,-75.331,"1941.5"
"new_RaptorDiets.csv",1132,"Gross 1944","Stomach","Stomach","Strigiformes","Strigidae","Bubo","Bubo scandiacus",NA,"Mammalia","Lagomorpha","Oryctolagus sp","Genus",NA,5,NA,"USA",42.892,-75.331,"1941.5"
"new_RaptorDiets.csv",1132,"Gross 1944","Stomach","Stomach","Strigiformes","Strigidae","Bubo","Bubo scandiacus",NA,"Mammalia","Rodentia","Leporidae","Family",NA,2,NA,"USA",42.892,-75.331,"1941.5"
"new_RaptorDiets.csv",1132,"Gross 1944","Stomach","Stomach","Strigiformes","Strigidae","Bubo","Bubo scandiacus",NA,"Mammalia","Rodentia","Murinae","Subfamily",NA,1,NA,"USA",42.892,-75.331,"1941.5"
"new_RaptorDiets.csv",1132,"Gross 1944","Stomach","Stomach","Strigiformes","Strigidae","Bubo","Bubo scandiacus",NA,"Mammalia","Carnivora","Mephitis sp","Genus",NA,1,NA,"USA",42.892,-75.331,"1941.5"
"new_RaptorDiets.csv",1132,"Gross 1944","Stomach","Stomach","Strigiformes","Strigidae","Bubo","Bubo scandiacus",NA,"Mammalia","Rodentia","Rattus sp","Genus",NA,1,NA,"USA",42.892,-75.331,"1941.5"
"new_RaptorDiets.csv",1132,"Gross 1944","Stomach","Stomach","Strigiformes","Strigidae","Bubo","Bubo scandiacus",NA,"Amphibia","Anura","Anura","Order",NA,1,NA,"USA",42.892,-75.331,"1941.5"
"new_RaptorDiets.csv",1139,"Hamerstrom and Hamerstrom 1951","Stomach","Stomach+PreyRemains","Accipitriformes","Acciptridae","Accipiter","Accipiter cooperii",NA,"Aves","Galliformes","Bonasa umbellus","Species",NA,1,NA,"USA",42.458,-84.011,"1941"
"new_RaptorDiets.csv",1139,"Hamerstrom and Hamerstrom 1951","Stomach","Stomach+PreyRemains","Accipitriformes","Acciptridae","Accipiter","Accipiter cooperii",NA,"Aves","Galliformes","Colinus virginianus","Species",NA,1,NA,"USA",42.458,-84.011,"1941"
"new_RaptorDiets.csv",1139,"Hamerstrom and Hamerstrom 1951","Stomach","Stomach+PreyRemains","Accipitriformes","Acciptridae","Accipiter","Accipiter cooperii",NA,"Aves","Galliformes","Phasianus colchicus","Species",NA,8,NA,"USA",42.458,-84.011,"1941"
"new_RaptorDiets.csv",1139,"Hamerstrom and Hamerstrom 1951","Stomach","Stomach+PreyRemains","Accipitriformes","Acciptridae","Accipiter","Accipiter cooperii",NA,"Aves","Charadriiformes","Charadrius vociferus","Species",NA,1,NA,"USA",42.458,-84.011,"1941"
"new_RaptorDiets.csv",1139,"Hamerstrom and Hamerstrom 1951","Stomach","Stomach+PreyRemains","Accipitriformes","Acciptridae","Accipiter","Accipiter cooperii",NA,"Aves","Columbiformes","Zenaida macroura","Species",NA,8,NA,"USA",42.458,-84.011,"1941"
"new_RaptorDiets.csv",1139,"Hamerstrom and Hamerstrom 1951","Stomach","Stomach+PreyRemains","Accipitriformes","Acciptridae","Accipiter","Accipiter cooperii",NA,"Aves","Cuculiformes","Coccyzus americanus","Species",NA,1,NA,"USA",42.458,-84.011,"1941"
"new_RaptorDiets.csv",1139,"Hamerstrom and Hamerstrom 1951","Stomach","Stomach+PreyRemains","Accipitriformes","Acciptridae","Accipiter","Accipiter cooperii",NA,"Aves","Piciformes","Colaptes auratus","Species",NA,3,NA,"USA",42.458,-84.011,"1941"
"new_RaptorDiets.csv",1139,"Hamerstrom and Hamerstrom 1951","Stomach","Stomach+PreyRemains","Accipitriformes","Acciptridae","Accipiter","Accipiter cooperii",NA,"Aves","Piciformes","Dryobates villosus","Species",NA,1,NA,"USA",42.458,-84.011,"1941"
"new_RaptorDiets.csv",1139,"Hamerstrom and Hamerstrom 1951","Stomach","Stomach+PreyRemains","Accipitriformes","Acciptridae","Accipiter","Accipiter cooperii",NA,"Aves","Piciformes","Dryobates pubescens","Species",NA,2,NA,"USA",42.458,-84.011,"1941"
"new_RaptorDiets.csv",1139,"Hamerstrom and Hamerstrom 1951","Stomach","Stomach+PreyRemains","Accipitriformes","Acciptridae","Accipiter","Accipiter cooperii",NA,"Aves","Passeriformes","Sayornis phoebe","Species",NA,1,NA,"USA",42.458,-84.011,"1941"
"new_RaptorDiets.csv",1139,"Hamerstrom and Hamerstrom 1951","Stomach","Stomach+PreyRemains","Accipitriformes","Acciptridae","Accipiter","Accipiter cooperii",NA,"Aves","Passeriformes","Riparia riparia","Species",NA,1,NA,"USA",42.458,-84.011,"1941"
"new_RaptorDiets.csv",1139,"Hamerstrom and Hamerstrom 1951","Stomach","Stomach+PreyRemains","Accipitriformes","Acciptridae","Accipiter","Accipiter cooperii",NA,"Aves","Passeriformes","Cyanocitta cristata","Species",NA,8,NA,"USA",42.458,-84.011,"1941"
"new_RaptorDiets.csv",1139,"Hamerstrom and Hamerstrom 1951","Stomach","Stomach+PreyRemains","Accipitriformes","Acciptridae","Accipiter","Accipiter cooperii",NA,"Aves","Passeriformes","Sitta carolinensis","Species",NA,2,NA,"USA",42.458,-84.011,"1941"
"new_RaptorDiets.csv",1139,"Hamerstrom and Hamerstrom 1951","Stomach","Stomach+PreyRemains","Accipitriformes","Acciptridae","Accipiter","Accipiter cooperii",NA,"Aves","Passeriformes","Turdus migratorius","Species",NA,8,NA,"USA",42.458,-84.011,"1941"
"new_RaptorDiets.csv",1139,"Hamerstrom and Hamerstrom 1951","Stomach","Stomach+PreyRemains","Accipitriformes","Acciptridae","Accipiter","Accipiter cooperii",NA,"Aves","Passeriformes","Bombycilla cedrorum","Species",NA,2,NA,"USA",42.458,-84.011,"1941"
"new_RaptorDiets.csv",1139,"Hamerstrom and Hamerstrom 1951","Stomach","Stomach+PreyRemains","Accipitriformes","Acciptridae","Accipiter","Accipiter cooperii",NA,"Aves","Passeriformes","Sturnus vulgaris","Species",NA,10,NA,"USA",42.458,-84.011,"1941"
"new_RaptorDiets.csv",1139,"Hamerstrom and Hamerstrom 1951","Stomach","Stomach+PreyRemains","Accipitriformes","Acciptridae","Accipiter","Accipiter cooperii",NA,"Aves","Passeriformes","Passer domesticus","Species",NA,14,NA,"USA",42.458,-84.011,"1941"
"new_RaptorDiets.csv",1139,"Hamerstrom and Hamerstrom 1951","Stomach","Stomach+PreyRemains","Accipitriformes","Acciptridae","Accipiter","Accipiter cooperii",NA,"Aves","Passeriformes","Agelaius phoeniceus","Species",NA,6,NA,"USA",42.458,-84.011,"1941"
"new_RaptorDiets.csv",1139,"Hamerstrom and Hamerstrom 1951","Stomach","Stomach+PreyRemains","Accipitriformes","Acciptridae","Accipiter","Accipiter cooperii",NA,"Aves","Passeriformes","Icterus galbula","Species",NA,3,NA,"USA",42.458,-84.011,"1941"
"new_RaptorDiets.csv",1139,"Hamerstrom and Hamerstrom 1951","Stomach","Stomach+PreyRemains","Accipitriformes","Acciptridae","Accipiter","Accipiter cooperii",NA,"Aves","Passeriformes","Quiscalus quiscula","Species",NA,1,NA,"USA",42.458,-84.011,"1941"
"new_RaptorDiets.csv",1139,"Hamerstrom and Hamerstrom 1951","Stomach","Stomach+PreyRemains","Accipitriformes","Acciptridae","Accipiter","Accipiter cooperii",NA,"Aves","Passeriformes","Molothrus ater","Species",NA,2,NA,"USA",42.458,-84.011,"1941"
"new_RaptorDiets.csv",1139,"Hamerstrom and Hamerstrom 1951","Stomach","Stomach+PreyRemains","Accipitriformes","Acciptridae","Accipiter","Accipiter cooperii",NA,"Aves","Passeriformes","Pooecetes gramineus","Species",NA,3,NA,"USA",42.458,-84.011,"1941"
"new_RaptorDiets.csv",1139,"Hamerstrom and Hamerstrom 1951","Stomach","Stomach+PreyRemains","Accipitriformes","Acciptridae","Accipiter","Accipiter cooperii",NA,"Aves","","Aves","Class",NA,9,NA,"USA",42.458,-84.011,"1941"
"new_RaptorDiets.csv",1139,"Hamerstrom and Hamerstrom 1951","Stomach","Stomach+PreyRemains","Accipitriformes","Acciptridae","Accipiter","Accipiter cooperii",NA,"Mammalia","Rodentia","Tamias striatus","Species",NA,8,NA,"USA",42.458,-84.011,"1941"
"new_RaptorDiets.csv",1139,"Hamerstrom and Hamerstrom 1951","Stomach","Stomach+PreyRemains","Accipitriformes","Acciptridae","Accipiter","Accipiter cooperii",NA,"Mammalia","Rodentia","Tamiasciurus hudsonicus","Species",NA,1,NA,"USA",42.458,-84.011,"1941"
"new_RaptorDiets.csv",1139,"Hamerstrom and Hamerstrom 1951","Stomach","Stomach+PreyRemains","Accipitriformes","Acciptridae","Accipiter","Accipiter cooperii",NA,"Mammalia","Rodentia","Sciurus carolinensis","Species",NA,2,NA,"USA",42.458,-84.011,"1941"
"new_RaptorDiets.csv",1140,"Hamerstrom and Hamerstrom 1951","Stomach","Stomach+PreyRemains","Accipitriformes","Acciptridae","Accipiter","Accipiter cooperii",NA,"Aves","Galliformes","Bonasa umbellus","Species",NA,2,NA,"USA",42.458,-84.011,"1941"
"new_RaptorDiets.csv",1140,"Hamerstrom and Hamerstrom 1951","Stomach","Stomach+PreyRemains","Accipitriformes","Acciptridae","Accipiter","Accipiter cooperii",NA,"Aves","Galliformes","Phasianus colchicus","Species",NA,3,NA,"USA",42.458,-84.011,"1941"
"new_RaptorDiets.csv",1140,"Hamerstrom and Hamerstrom 1951","Stomach","Stomach+PreyRemains","Accipitriformes","Acciptridae","Accipiter","Accipiter cooperii",NA,"Aves","Columbiformes","Zenaida macroura","Species",NA,1,NA,"USA",42.458,-84.011,"1941"
"new_RaptorDiets.csv",1140,"Hamerstrom and Hamerstrom 1951","Stomach","Stomach+PreyRemains","Accipitriformes","Acciptridae","Accipiter","Accipiter cooperii",NA,"Aves","Cuculiformes","Coccyzus americanus","Species",NA,1,NA,"USA",42.458,-84.011,"1941"
"new_RaptorDiets.csv",1140,"Hamerstrom and Hamerstrom 1951","Stomach","Stomach+PreyRemains","Accipitriformes","Acciptridae","Accipiter","Accipiter cooperii",NA,"Aves","Strigiformes","Megascops asio","Species",NA,1,NA,"USA",42.458,-84.011,"1941"
"new_RaptorDiets.csv",1140,"Hamerstrom and Hamerstrom 1951","Stomach","Stomach+PreyRemains","Accipitriformes","Acciptridae","Accipiter","Accipiter cooperii",NA,"Aves","Piciformes","Colaptes auratus","Species",NA,7,NA,"USA",42.458,-84.011,"1941"
"new_RaptorDiets.csv",1140,"Hamerstrom and Hamerstrom 1951","Stomach","Stomach+PreyRemains","Accipitriformes","Acciptridae","Accipiter","Accipiter cooperii",NA,"Aves","Passeriformes","Progne subis","Species",NA,1,NA,"USA",42.458,-84.011,"1941"
"new_RaptorDiets.csv",1140,"Hamerstrom and Hamerstrom 1951","Stomach","Stomach+PreyRemains","Accipitriformes","Acciptridae","Accipiter","Accipiter cooperii",NA,"Aves","Passeriformes","Cyanocitta cristata","Species",NA,7,NA,"USA",42.458,-84.011,"1941"
"new_RaptorDiets.csv",1140,"Hamerstrom and Hamerstrom 1951","Stomach","Stomach+PreyRemains","Accipitriformes","Acciptridae","Accipiter","Accipiter cooperii",NA,"Aves","Passeriformes","Dumetella carolinensis","Species",NA,2,NA,"USA",42.458,-84.011,"1941"
"new_RaptorDiets.csv",1140,"Hamerstrom and Hamerstrom 1951","Stomach","Stomach+PreyRemains","Accipitriformes","Acciptridae","Accipiter","Accipiter cooperii",NA,"Aves","Passeriformes","Turdus migratorius","Species",NA,2,NA,"USA",42.458,-84.011,"1941"
"new_RaptorDiets.csv",1140,"Hamerstrom and Hamerstrom 1951","Stomach","Stomach+PreyRemains","Accipitriformes","Acciptridae","Accipiter","Accipiter cooperii",NA,"Aves","Passeriformes","Bombycilla cedrorum","Species",NA,3,NA,"USA",42.458,-84.011,"1941"
"new_RaptorDiets.csv",1140,"Hamerstrom and Hamerstrom 1951","Stomach","Stomach+PreyRemains","Accipitriformes","Acciptridae","Accipiter","Accipiter cooperii",NA,"Aves","Passeriformes","Sturnus vulgaris","Species",NA,2,NA,"USA",42.458,-84.011,"1941"
"new_RaptorDiets.csv",1140,"Hamerstrom and Hamerstrom 1951","Stomach","Stomach+PreyRemains","Accipitriformes","Acciptridae","Accipiter","Accipiter cooperii",NA,"Aves","Passeriformes","Passer domesticus","Species",NA,8,NA,"USA",42.458,-84.011,"1941"
"new_RaptorDiets.csv",1140,"Hamerstrom and Hamerstrom 1951","Stomach","Stomach+PreyRemains","Accipitriformes","Acciptridae","Accipiter","Accipiter cooperii",NA,"Aves","Passeriformes","Agelaius phoeniceus","Species",NA,5,NA,"USA",42.458,-84.011,"1941"
"new_RaptorDiets.csv",1140,"Hamerstrom and Hamerstrom 1951","Stomach","Stomach+PreyRemains","Accipitriformes","Acciptridae","Accipiter","Accipiter cooperii",NA,"Aves","Passeriformes","Icterus galbula","Species",NA,2,NA,"USA",42.458,-84.011,"1941"
"new_RaptorDiets.csv",1140,"Hamerstrom and Hamerstrom 1951","Stomach","Stomach+PreyRemains","Accipitriformes","Acciptridae","Accipiter","Accipiter cooperii",NA,"Aves","Passeriformes","Molothrus ater","Species",NA,1,NA,"USA",42.458,-84.011,"1941"
"new_RaptorDiets.csv",1140,"Hamerstrom and Hamerstrom 1951","Stomach","Stomach+PreyRemains","Accipitriformes","Acciptridae","Accipiter","Accipiter cooperii",NA,"Aves","Passeriformes","Piranga olivacea","Species",NA,2,NA,"USA",42.458,-84.011,"1941"
"new_RaptorDiets.csv",1140,"Hamerstrom and Hamerstrom 1951","Stomach","Stomach+PreyRemains","Accipitriformes","Acciptridae","Accipiter","Accipiter cooperii",NA,"Aves","Passeriformes","Cardinalis cardinalis","Species",NA,1,NA,"USA",42.458,-84.011,"1941"
"new_RaptorDiets.csv",1140,"Hamerstrom and Hamerstrom 1951","Stomach","Stomach+PreyRemains","Accipitriformes","Acciptridae","Accipiter","Accipiter cooperii",NA,"Aves","Passeriformes","Pipilo erythrophthalmus","Species",NA,1,NA,"USA",42.458,-84.011,"1941"
"new_RaptorDiets.csv",1140,"Hamerstrom and Hamerstrom 1951","Stomach","Stomach+PreyRemains","Accipitriformes","Acciptridae","Accipiter","Accipiter cooperii",NA,"Aves","","Aves","Class",NA,10,NA,"USA",42.458,-84.011,"1941"
"new_RaptorDiets.csv",1140,"Hamerstrom and Hamerstrom 1951","Stomach","Stomach+PreyRemains","Accipitriformes","Acciptridae","Accipiter","Accipiter cooperii",NA,"Mammalia","Rodentia","Ictidomys tridecemlineatus","Species",NA,1,NA,"USA",42.458,-84.011,"1941"
"new_RaptorDiets.csv",1140,"Hamerstrom and Hamerstrom 1951","Stomach","Stomach+PreyRemains","Accipitriformes","Acciptridae","Accipiter","Accipiter cooperii",NA,"Mammalia","Rodentia","Tamias striatus","Species",NA,9,NA,"USA",42.458,-84.011,"1941"
"new_RaptorDiets.csv",1140,"Hamerstrom and Hamerstrom 1951","Stomach","Stomach+PreyRemains","Accipitriformes","Acciptridae","Accipiter","Accipiter cooperii",NA,"Mammalia","Rodentia","Tamiasciurus hudsonicus","Species",NA,1,NA,"USA",42.458,-84.011,"1941"
"new_RaptorDiets.csv",1140,"Hamerstrom and Hamerstrom 1951","Stomach","Stomach+PreyRemains","Accipitriformes","Acciptridae","Accipiter","Accipiter cooperii",NA,"Mammalia","Rodentia","Sciurus niger","Species",NA,1,NA,"USA",42.458,-84.011,"1941"
"new_RaptorDiets.csv",1140,"Hamerstrom and Hamerstrom 1951","Stomach","Stomach+PreyRemains","Accipitriformes","Acciptridae","Accipiter","Accipiter cooperii",NA,"Mammalia","Rodentia","Glaucomys volans","Species",NA,1,NA,"USA",42.458,-84.011,"1941"
"new_RaptorDiets.csv",1140,"Hamerstrom and Hamerstrom 1951","Stomach","Stomach+PreyRemains","Accipitriformes","Acciptridae","Accipiter","Accipiter cooperii",NA,"Mammalia","Lagomorpha","Sylvilagus floridanus","Species",NA,1,NA,"USA",42.458,-84.011,"1941"
"new_RaptorDiets.csv",1140,"Hamerstrom and Hamerstrom 1951","Stomach","Stomach+PreyRemains","Accipitriformes","Acciptridae","Accipiter","Accipiter cooperii",NA,"Mammalia","Rodentia","Sciuridae","Family",NA,1,NA,"USA",42.458,-84.011,"1941"
"new_RaptorDiets.csv",1141,"Hamerstrom and Hamerstrom 1951","Stomach","Stomach+PreyRemains","Accipitriformes","Acciptridae","Accipiter","Accipiter cooperii",NA,"Aves","Galliformes","Bonasa umbellus","Species",NA,1,NA,"USA",42.458,-84.011,"1942"
"new_RaptorDiets.csv",1141,"Hamerstrom and Hamerstrom 1951","Stomach","Stomach+PreyRemains","Accipitriformes","Acciptridae","Accipiter","Accipiter cooperii",NA,"Aves","Galliformes","Phasianus colchicus","Species",NA,1,NA,"USA",42.458,-84.011,"1942"
"new_RaptorDiets.csv",1141,"Hamerstrom and Hamerstrom 1951","Stomach","Stomach+PreyRemains","Accipitriformes","Acciptridae","Accipiter","Accipiter cooperii",NA,"Aves","Columbiformes","Zenaida macroura","Species",NA,3,NA,"USA",42.458,-84.011,"1942"
"new_RaptorDiets.csv",1141,"Hamerstrom and Hamerstrom 1951","Stomach","Stomach+PreyRemains","Accipitriformes","Acciptridae","Accipiter","Accipiter cooperii",NA,"Aves","Piciformes","Colaptes auratus","Species",NA,1,NA,"USA",42.458,-84.011,"1942"
"new_RaptorDiets.csv",1141,"Hamerstrom and Hamerstrom 1951","Stomach","Stomach+PreyRemains","Accipitriformes","Acciptridae","Accipiter","Accipiter cooperii",NA,"Aves","Piciformes","Dryobates villosus","Species",NA,1,NA,"USA",42.458,-84.011,"1942"
"new_RaptorDiets.csv",1141,"Hamerstrom and Hamerstrom 1951","Stomach","Stomach+PreyRemains","Accipitriformes","Acciptridae","Accipiter","Accipiter cooperii",NA,"Aves","Passeriformes","Tyrannus tyrannus","Species",NA,1,NA,"USA",42.458,-84.011,"1942"
"new_RaptorDiets.csv",1141,"Hamerstrom and Hamerstrom 1951","Stomach","Stomach+PreyRemains","Accipitriformes","Acciptridae","Accipiter","Accipiter cooperii",NA,"Aves","Passeriformes","Bombycilla cedrorum","Species",NA,1,NA,"USA",42.458,-84.011,"1942"
"new_RaptorDiets.csv",1141,"Hamerstrom and Hamerstrom 1951","Stomach","Stomach+PreyRemains","Accipitriformes","Acciptridae","Accipiter","Accipiter cooperii",NA,"Aves","Passeriformes","Sturnus vulgaris","Species",NA,2,NA,"USA",42.458,-84.011,"1942"
"new_RaptorDiets.csv",1141,"Hamerstrom and Hamerstrom 1951","Stomach","Stomach+PreyRemains","Accipitriformes","Acciptridae","Accipiter","Accipiter cooperii",NA,"Aves","Passeriformes","Passer domesticus","Species",NA,4,NA,"USA",42.458,-84.011,"1942"
"new_RaptorDiets.csv",1141,"Hamerstrom and Hamerstrom 1951","Stomach","Stomach+PreyRemains","Accipitriformes","Acciptridae","Accipiter","Accipiter cooperii",NA,"Aves","Passeriformes","Agelaius phoeniceus","Species",NA,3,NA,"USA",42.458,-84.011,"1942"
"new_RaptorDiets.csv",1141,"Hamerstrom and Hamerstrom 1951","Stomach","Stomach+PreyRemains","Accipitriformes","Acciptridae","Accipiter","Accipiter cooperii",NA,"Aves","Passeriformes","Icterus galbula","Species",NA,2,NA,"USA",42.458,-84.011,"1942"
"new_RaptorDiets.csv",1141,"Hamerstrom and Hamerstrom 1951","Stomach","Stomach+PreyRemains","Accipitriformes","Acciptridae","Accipiter","Accipiter cooperii",NA,"Aves","","Aves","Class",NA,2,NA,"USA",42.458,-84.011,"1942"
"new_RaptorDiets.csv",1141,"Hamerstrom and Hamerstrom 1951","Stomach","Stomach+PreyRemains","Accipitriformes","Acciptridae","Accipiter","Accipiter cooperii",NA,"Mammalia","Rodentia","Ictidomys tridecemlineatus","Species",NA,1,NA,"USA",42.458,-84.011,"1942"
"new_RaptorDiets.csv",1141,"Hamerstrom and Hamerstrom 1951","Stomach","Stomach+PreyRemains","Accipitriformes","Acciptridae","Accipiter","Accipiter cooperii",NA,"Mammalia","Rodentia","Tamias striatus","Species",NA,2,NA,"USA",42.458,-84.011,"1942"
"new_RaptorDiets.csv",1141,"Hamerstrom and Hamerstrom 1951","Stomach","Stomach+PreyRemains","Accipitriformes","Acciptridae","Accipiter","Accipiter cooperii",NA,"Mammalia","Rodentia","Synaptomys cooperi","Species",NA,1,NA,"USA",42.458,-84.011,"1942"
"new_RaptorDiets.csv",1141,"Hamerstrom and Hamerstrom 1951","Stomach","Stomach+PreyRemains","Accipitriformes","Acciptridae","Accipiter","Accipiter cooperii",NA,"Mammalia","Rodentia","Zapus hudsonius","Species",NA,1,NA,"USA",42.458,-84.011,"1942"
"new_RaptorDiets.csv",1142,"Hamerstrom and Hamerstrom 1951","Stomach","Stomach+PreyRemains","Accipitriformes","Acciptridae","Accipiter","Accipiter cooperii",NA,"Aves","Piciformes","Colaptes auratus","Species",NA,3,NA,"USA",42.458,-84.011,"1946"
"new_RaptorDiets.csv",1142,"Hamerstrom and Hamerstrom 1951","Stomach","Stomach+PreyRemains","Accipitriformes","Acciptridae","Accipiter","Accipiter cooperii",NA,"Aves","Piciformes","Dryobates villosus","Species",NA,1,NA,"USA",42.458,-84.011,"1946"
"new_RaptorDiets.csv",1142,"Hamerstrom and Hamerstrom 1951","Stomach","Stomach+PreyRemains","Accipitriformes","Acciptridae","Accipiter","Accipiter cooperii",NA,"Aves","Passeriformes","Cyanocitta cristata","Species",NA,1,NA,"USA",42.458,-84.011,"1946"
"new_RaptorDiets.csv",1142,"Hamerstrom and Hamerstrom 1951","Stomach","Stomach+PreyRemains","Accipitriformes","Acciptridae","Accipiter","Accipiter cooperii",NA,"Aves","Passeriformes","Dumetella carolinensis","Species",NA,1,NA,"USA",42.458,-84.011,"1946"
"new_RaptorDiets.csv",1142,"Hamerstrom and Hamerstrom 1951","Stomach","Stomach+PreyRemains","Accipitriformes","Acciptridae","Accipiter","Accipiter cooperii",NA,"Aves","Passeriformes","Turdus migratorius","Species",NA,2,NA,"USA",42.458,-84.011,"1946"
"new_RaptorDiets.csv",1142,"Hamerstrom and Hamerstrom 1951","Stomach","Stomach+PreyRemains","Accipitriformes","Acciptridae","Accipiter","Accipiter cooperii",NA,"Aves","Passeriformes","Hylocichla mustelina","Species",NA,1,NA,"USA",42.458,-84.011,"1946"
"new_RaptorDiets.csv",1142,"Hamerstrom and Hamerstrom 1951","Stomach","Stomach+PreyRemains","Accipitriformes","Acciptridae","Accipiter","Accipiter cooperii",NA,"Aves","Passeriformes","Bombycilla cedrorum","Species",NA,1,NA,"USA",42.458,-84.011,"1946"
"new_RaptorDiets.csv",1142,"Hamerstrom and Hamerstrom 1951","Stomach","Stomach+PreyRemains","Accipitriformes","Acciptridae","Accipiter","Accipiter cooperii",NA,"Aves","Passeriformes","Sturnus vulgaris","Species",NA,4,NA,"USA",42.458,-84.011,"1946"
"new_RaptorDiets.csv",1142,"Hamerstrom and Hamerstrom 1951","Stomach","Stomach+PreyRemains","Accipitriformes","Acciptridae","Accipiter","Accipiter cooperii",NA,"Aves","Passeriformes","Vireo flavifrons","Species",NA,1,NA,"USA",42.458,-84.011,"1946"
"new_RaptorDiets.csv",1142,"Hamerstrom and Hamerstrom 1951","Stomach","Stomach+PreyRemains","Accipitriformes","Acciptridae","Accipiter","Accipiter cooperii",NA,"Aves","Passeriformes","Passer domesticus","Species",NA,2,NA,"USA",42.458,-84.011,"1946"
"new_RaptorDiets.csv",1142,"Hamerstrom and Hamerstrom 1951","Stomach","Stomach+PreyRemains","Accipitriformes","Acciptridae","Accipiter","Accipiter cooperii",NA,"Aves","Passeriformes","Sturnella magna","Species",NA,4,NA,"USA",42.458,-84.011,"1946"
"new_RaptorDiets.csv",1142,"Hamerstrom and Hamerstrom 1951","Stomach","Stomach+PreyRemains","Accipitriformes","Acciptridae","Accipiter","Accipiter cooperii",NA,"Aves","Passeriformes","Agelaius phoeniceus","Species",NA,6,NA,"USA",42.458,-84.011,"1946"
"new_RaptorDiets.csv",1142,"Hamerstrom and Hamerstrom 1951","Stomach","Stomach+PreyRemains","Accipitriformes","Acciptridae","Accipiter","Accipiter cooperii",NA,"Aves","Passeriformes","Icterus galbula","Species",NA,2,NA,"USA",42.458,-84.011,"1946"
"new_RaptorDiets.csv",1142,"Hamerstrom and Hamerstrom 1951","Stomach","Stomach+PreyRemains","Accipitriformes","Acciptridae","Accipiter","Accipiter cooperii",NA,"Aves","Passeriformes","Molothrus ater","Species",NA,1,NA,"USA",42.458,-84.011,"1946"
"new_RaptorDiets.csv",1142,"Hamerstrom and Hamerstrom 1951","Stomach","Stomach+PreyRemains","Accipitriformes","Acciptridae","Accipiter","Accipiter cooperii",NA,"Aves","Passeriformes","Piranga olivacea","Species",NA,1,NA,"USA",42.458,-84.011,"1946"
"new_RaptorDiets.csv",1142,"Hamerstrom and Hamerstrom 1951","Stomach","Stomach+PreyRemains","Accipitriformes","Acciptridae","Accipiter","Accipiter cooperii",NA,"Aves","Passeriformes","Cardinalis cardinalis","Species",NA,1,NA,"USA",42.458,-84.011,"1946"
"new_RaptorDiets.csv",1142,"Hamerstrom and Hamerstrom 1951","Stomach","Stomach+PreyRemains","Accipitriformes","Acciptridae","Accipiter","Accipiter cooperii",NA,"Aves","Passeriformes","Pooecetes gramineus","Species",NA,1,NA,"USA",42.458,-84.011,"1946"
"new_RaptorDiets.csv",1142,"Hamerstrom and Hamerstrom 1951","Stomach","Stomach+PreyRemains","Accipitriformes","Acciptridae","Accipiter","Accipiter cooperii",NA,"Aves","Passeriformes","Melospiza melodia","Species",NA,1,NA,"USA",42.458,-84.011,"1946"
"new_RaptorDiets.csv",1142,"Hamerstrom and Hamerstrom 1951","Stomach","Stomach+PreyRemains","Accipitriformes","Acciptridae","Accipiter","Accipiter cooperii",NA,"Aves","","Aves","Class",NA,6,NA,"USA",42.458,-84.011,"1946"
"new_RaptorDiets.csv",1142,"Hamerstrom and Hamerstrom 1951","Stomach","Stomach+PreyRemains","Accipitriformes","Acciptridae","Accipiter","Accipiter cooperii",NA,"Mammalia","Eulipotyphla","Scalopus aquaticus","Species",NA,1,NA,"USA",42.458,-84.011,"1946"
"new_RaptorDiets.csv",1142,"Hamerstrom and Hamerstrom 1951","Stomach","Stomach+PreyRemains","Accipitriformes","Acciptridae","Accipiter","Accipiter cooperii",NA,"Mammalia","Rodentia","Tamias striatus","Species",NA,5,NA,"USA",42.458,-84.011,"1946"
"new_RaptorDiets.csv",1142,"Hamerstrom and Hamerstrom 1951","Stomach","Stomach+PreyRemains","Accipitriformes","Acciptridae","Accipiter","Accipiter cooperii",NA,"Mammalia","Rodentia","Sciuridae","Family",NA,3,NA,"USA",42.458,-84.011,"1946"
"new_RaptorDiets.csv",1142,"Hamerstrom and Hamerstrom 1951","Stomach","Stomach+PreyRemains","Accipitriformes","Acciptridae","Accipiter","Accipiter cooperii",NA,"Mammalia","Rodentia","Muridae","Family",NA,1,NA,"USA",42.458,-84.011,"1946"
"new_RaptorDiets.csv",1143,"Hamerstrom and Hamerstrom 1951","Stomach","Stomach+PreyRemains","Strigiformes","Strigidae","Strix","Strix varia",NA,"Aves","Piciformes","Dryobates villosus","Species",NA,1,NA,"USA",42.458,-84.011,"1946"
"new_RaptorDiets.csv",1143,"Hamerstrom and Hamerstrom 1951","Stomach","Stomach+PreyRemains","Strigiformes","Strigidae","Strix","Strix varia",NA,"Aves","Passeriformes","Myiarchus crinitus","Species",NA,1,NA,"USA",42.458,-84.011,"1946"
"new_RaptorDiets.csv",1143,"Hamerstrom and Hamerstrom 1951","Stomach","Stomach+PreyRemains","Strigiformes","Strigidae","Strix","Strix varia",NA,"Aves","Passeriformes","Sitta carolinensis","Species",NA,1,NA,"USA",42.458,-84.011,"1946"
"new_RaptorDiets.csv",1143,"Hamerstrom and Hamerstrom 1951","Stomach","Stomach+PreyRemains","Strigiformes","Strigidae","Strix","Strix varia",NA,"Aves","","Aves","Class",NA,10,NA,"USA",42.458,-84.011,"1946"
"new_RaptorDiets.csv",1143,"Hamerstrom and Hamerstrom 1951","Stomach","Stomach+PreyRemains","Strigiformes","Strigidae","Strix","Strix varia",NA,"Mammalia","Eulipotyphla","Scalopus aquaticus","Species",NA,1,NA,"USA",42.458,-84.011,"1946"
"new_RaptorDiets.csv",1143,"Hamerstrom and Hamerstrom 1951","Stomach","Stomach+PreyRemains","Strigiformes","Strigidae","Strix","Strix varia",NA,"Mammalia","Eulipotyphla","Condylura cristata","Species",NA,2,NA,"USA",42.458,-84.011,"1946"
"new_RaptorDiets.csv",1143,"Hamerstrom and Hamerstrom 1951","Stomach","Stomach+PreyRemains","Strigiformes","Strigidae","Strix","Strix varia",NA,"Mammalia","Eulipotyphla","Sorex sp","Genus",NA,2,NA,"USA",42.458,-84.011,"1946"
"new_RaptorDiets.csv",1143,"Hamerstrom and Hamerstrom 1951","Stomach","Stomach+PreyRemains","Strigiformes","Strigidae","Strix","Strix varia",NA,"Mammalia","Eulipotyphla","Blarina brevicauda","Species",NA,10,NA,"USA",42.458,-84.011,"1946"
"new_RaptorDiets.csv",1143,"Hamerstrom and Hamerstrom 1951","Stomach","Stomach+PreyRemains","Strigiformes","Strigidae","Strix","Strix varia",NA,"Mammalia","Rodentia","Tamias striatus","Species",NA,1,NA,"USA",42.458,-84.011,"1946"
"new_RaptorDiets.csv",1143,"Hamerstrom and Hamerstrom 1951","Stomach","Stomach+PreyRemains","Strigiformes","Strigidae","Strix","Strix varia",NA,"Mammalia","Rodentia","Glaucomys volans","Species",NA,3,NA,"USA",42.458,-84.011,"1946"
"new_RaptorDiets.csv",1143,"Hamerstrom and Hamerstrom 1951","Stomach","Stomach+PreyRemains","Strigiformes","Strigidae","Strix","Strix varia",NA,"Mammalia","Rodentia","Peromyscus sp","Genus",NA,66,NA,"USA",42.458,-84.011,"1946"
"new_RaptorDiets.csv",1143,"Hamerstrom and Hamerstrom 1951","Stomach","Stomach+PreyRemains","Strigiformes","Strigidae","Strix","Strix varia",NA,"Mammalia","Rodentia","Synaptomys cooperi","Species",NA,33,NA,"USA",42.458,-84.011,"1946"
"new_RaptorDiets.csv",1143,"Hamerstrom and Hamerstrom 1951","Stomach","Stomach+PreyRemains","Strigiformes","Strigidae","Strix","Strix varia",NA,"Mammalia","Rodentia","Microtus pennsylvanicus","Species",NA,10,NA,"USA",42.458,-84.011,"1946"
"new_RaptorDiets.csv",1143,"Hamerstrom and Hamerstrom 1951","Stomach","Stomach+PreyRemains","Strigiformes","Strigidae","Strix","Strix varia",NA,"Mammalia","Rodentia","Zapus hudsonius","Species",NA,1,NA,"USA",42.458,-84.011,"1946"
"new_RaptorDiets.csv",1143,"Hamerstrom and Hamerstrom 1951","Stomach","Stomach+PreyRemains","Strigiformes","Strigidae","Strix","Strix varia",NA,"Mammalia","","Mammalia","Class",NA,1,NA,"USA",42.458,-84.011,"1946"
"new_RaptorDiets.csv",1143,"Hamerstrom and Hamerstrom 1951","Stomach","Stomach+PreyRemains","Strigiformes","Strigidae","Strix","Strix varia",NA,"Amphibia","Anura","Anura","Order",NA,12,NA,"USA",42.458,-84.011,"1946"
"new_RaptorDiets.csv",1143,"Hamerstrom and Hamerstrom 1951","Stomach","Stomach+PreyRemains","Strigiformes","Strigidae","Strix","Strix varia",NA,"Reptilia","Squamata","Serpentes","Suborder",NA,1,NA,"USA",42.458,-84.011,"1946"
"new_RaptorDiets.csv",1143,"Hamerstrom and Hamerstrom 1951","Stomach","Stomach+PreyRemains","Strigiformes","Strigidae","Strix","Strix varia",NA,"Insecta","Coleoptera","Geotrupes sp","Genus",NA,10,NA,"USA",42.458,-84.011,"1946"
"new_RaptorDiets.csv",1143,"Hamerstrom and Hamerstrom 1951","Stomach","Stomach+PreyRemains","Strigiformes","Strigidae","Strix","Strix varia",NA,"Insecta","Coleoptera","Nicrophorus sp","Genus",NA,2,NA,"USA",42.458,-84.011,"1946"
"new_RaptorDiets.csv",1143,"Hamerstrom and Hamerstrom 1951","Stomach","Stomach+PreyRemains","Strigiformes","Strigidae","Strix","Strix varia",NA,"Insecta","Coleoptera","Coleoptera","Order",NA,6,NA,"USA",42.458,-84.011,"1946"
"new_RaptorDiets.csv",1144,"Hamerstrom and Hamerstrom 1951","Stomach","Stomach+PreyRemains","Accipitriformes","Acciptridae","Buteo","Buteo jamaicensis",NA,"Aves","Gruiformes","Porzana carolina","Species",NA,1,NA,"USA",42.458,-84.011,"1946"
"new_RaptorDiets.csv",1144,"Hamerstrom and Hamerstrom 1951","Stomach","Stomach+PreyRemains","Accipitriformes","Acciptridae","Buteo","Buteo jamaicensis",NA,"Aves","Piciformes","Colaptes auratus","Species",NA,1,NA,"USA",42.458,-84.011,"1946"
"new_RaptorDiets.csv",1144,"Hamerstrom and Hamerstrom 1951","Stomach","Stomach+PreyRemains","Accipitriformes","Acciptridae","Buteo","Buteo jamaicensis",NA,"Aves","Passeriformes","Cyanocitta cristata","Species",NA,1,NA,"USA",42.458,-84.011,"1946"
"new_RaptorDiets.csv",1144,"Hamerstrom and Hamerstrom 1951","Stomach","Stomach+PreyRemains","Accipitriformes","Acciptridae","Buteo","Buteo jamaicensis",NA,"Aves","Passeriformes","Agelaius phoeniceus","Species",NA,1,NA,"USA",42.458,-84.011,"1946"
"new_RaptorDiets.csv",1144,"Hamerstrom and Hamerstrom 1951","Stomach","Stomach+PreyRemains","Accipitriformes","Acciptridae","Buteo","Buteo jamaicensis",NA,"Mammalia","Eulipotyphla","Scalopus aquaticus","Species",NA,1,NA,"USA",42.458,-84.011,"1946"
"new_RaptorDiets.csv",1144,"Hamerstrom and Hamerstrom 1951","Stomach","Stomach+PreyRemains","Accipitriformes","Acciptridae","Buteo","Buteo jamaicensis",NA,"Mammalia","Carnivora","Mustela sp","Genus",NA,1,NA,"USA",42.458,-84.011,"1946"
"new_RaptorDiets.csv",1144,"Hamerstrom and Hamerstrom 1951","Stomach","Stomach+PreyRemains","Accipitriformes","Acciptridae","Buteo","Buteo jamaicensis",NA,"Mammalia","Rodentia","Ictidomys tridecemlineatus","Species",NA,1,NA,"USA",42.458,-84.011,"1946"
"new_RaptorDiets.csv",1144,"Hamerstrom and Hamerstrom 1951","Stomach","Stomach+PreyRemains","Accipitriformes","Acciptridae","Buteo","Buteo jamaicensis",NA,"Mammalia","Rodentia","Tamias striatus","Species",NA,3,NA,"USA",42.458,-84.011,"1946"
"new_RaptorDiets.csv",1144,"Hamerstrom and Hamerstrom 1951","Stomach","Stomach+PreyRemains","Accipitriformes","Acciptridae","Buteo","Buteo jamaicensis",NA,"Mammalia","Rodentia","Sciurus carolinensis","Species",NA,3,NA,"USA",42.458,-84.011,"1946"
"new_RaptorDiets.csv",1144,"Hamerstrom and Hamerstrom 1951","Stomach","Stomach+PreyRemains","Accipitriformes","Acciptridae","Buteo","Buteo jamaicensis",NA,"Mammalia","Rodentia","Sciurus niger","Species",NA,6,NA,"USA",42.458,-84.011,"1946"
"new_RaptorDiets.csv",1144,"Hamerstrom and Hamerstrom 1951","Stomach","Stomach+PreyRemains","Accipitriformes","Acciptridae","Buteo","Buteo jamaicensis",NA,"Mammalia","Rodentia","Microtus pennsylvanicus","Species",NA,2,NA,"USA",42.458,-84.011,"1946"
"new_RaptorDiets.csv",1144,"Hamerstrom and Hamerstrom 1951","Stomach","Stomach+PreyRemains","Accipitriformes","Acciptridae","Buteo","Buteo jamaicensis",NA,"Mammalia","Rodentia","Microtus pinetorum","Species",NA,1,NA,"USA",42.458,-84.011,"1946"
"new_RaptorDiets.csv",1144,"Hamerstrom and Hamerstrom 1951","Stomach","Stomach+PreyRemains","Accipitriformes","Acciptridae","Buteo","Buteo jamaicensis",NA,"Amphibia","Anura","Anaxyrus americanus","Species",NA,2,NA,"USA",42.458,-84.011,"1946"
"new_RaptorDiets.csv",1144,"Hamerstrom and Hamerstrom 1951","Stomach","Stomach+PreyRemains","Accipitriformes","Acciptridae","Buteo","Buteo jamaicensis",NA,"Reptilia","Squamata","Coluber constrictor","Species",NA,2,NA,"USA",42.458,-84.011,"1946"
"new_RaptorDiets.csv",1144,"Hamerstrom and Hamerstrom 1951","Stomach","Stomach+PreyRemains","Accipitriformes","Acciptridae","Buteo","Buteo jamaicensis",NA,"Reptilia","Squamata","Serpentes","Suborder",NA,1,NA,"USA",42.458,-84.011,"1946"
"new_RaptorDiets.csv",1164,"Hecht 1951","Stomach","Stomach+Pellet","Accipitriformes","Acciptridae","Circus","Circus hudsonius",NA,"Mammalia","Rodentia","Microtus pennsylvanicus","Species",NA,120,NA,"Canada",50.173,-98.311,"1947"
"new_RaptorDiets.csv",1164,"Hecht 1951","Stomach","Stomach+Pellet","Accipitriformes","Acciptridae","Circus","Circus hudsonius",NA,"Mammalia","Rodentia","Ondatra zibethicus","Species",NA,8,NA,"Canada",50.173,-98.311,"1947"
"new_RaptorDiets.csv",1164,"Hecht 1951","Stomach","Stomach+Pellet","Accipitriformes","Acciptridae","Circus","Circus hudsonius",NA,"Mammalia","Rodentia","Urocitellus richardsonii","Species",NA,8,NA,"Canada",50.173,-98.311,"1947"
"new_RaptorDiets.csv",1164,"Hecht 1951","Stomach","Stomach+Pellet","Accipitriformes","Acciptridae","Circus","Circus hudsonius",NA,"Mammalia","Lagomorpha","Lepus americanus","Species",NA,5,NA,"Canada",50.173,-98.311,"1947"
"new_RaptorDiets.csv",1164,"Hecht 1951","Stomach","Stomach+Pellet","Accipitriformes","Acciptridae","Circus","Circus hudsonius",NA,"Mammalia","Rodentia","Myodes gapperi","Species",NA,4,NA,"Canada",50.173,-98.311,"1947"
"new_RaptorDiets.csv",1164,"Hecht 1951","Stomach","Stomach+Pellet","Accipitriformes","Acciptridae","Circus","Circus hudsonius",NA,"Mammalia","Rodentia","Poliocitellus franklinii","Species",NA,3,NA,"Canada",50.173,-98.311,"1947"
"new_RaptorDiets.csv",1164,"Hecht 1951","Stomach","Stomach+Pellet","Accipitriformes","Acciptridae","Circus","Circus hudsonius",NA,"Mammalia","Rodentia","Rattus norvegicus","Species",NA,2,NA,"Canada",50.173,-98.311,"1947"
"new_RaptorDiets.csv",1164,"Hecht 1951","Stomach","Stomach+Pellet","Accipitriformes","Acciptridae","Circus","Circus hudsonius",NA,"Mammalia","Rodentia","Thomomys talpoides","Species",NA,1,NA,"Canada",50.173,-98.311,"1947"
"new_RaptorDiets.csv",1164,"Hecht 1951","Stomach","Stomach+Pellet","Accipitriformes","Acciptridae","Circus","Circus hudsonius",NA,"Mammalia","Rodentia","Zapus hudsonius","Species",NA,1,NA,"Canada",50.173,-98.311,"1947"
"new_RaptorDiets.csv",1164,"Hecht 1951","Stomach","Stomach+Pellet","Accipitriformes","Acciptridae","Circus","Circus hudsonius",NA,"Aves","Passeriformes","Icteridae","Family",NA,13,NA,"Canada",50.173,-98.311,"1947"
"new_RaptorDiets.csv",1164,"Hecht 1951","Stomach","Stomach+Pellet","Accipitriformes","Acciptridae","Circus","Circus hudsonius",NA,"Aves","Gruiformes","Fulica americana","Species",NA,9,NA,"Canada",50.173,-98.311,"1947"
"new_RaptorDiets.csv",1164,"Hecht 1951","Stomach","Stomach+Pellet","Accipitriformes","Acciptridae","Circus","Circus hudsonius",NA,"Aves","Passeriformes","Spizella pallida","Species",NA,4,NA,"Canada",50.173,-98.311,"1947"
"new_RaptorDiets.csv",1164,"Hecht 1951","Stomach","Stomach+Pellet","Accipitriformes","Acciptridae","Circus","Circus hudsonius",NA,"Aves","Anseriformes","Anas acuta","Species",NA,2,NA,"Canada",50.173,-98.311,"1947"
"new_RaptorDiets.csv",1164,"Hecht 1951","Stomach","Stomach+Pellet","Accipitriformes","Acciptridae","Circus","Circus hudsonius",NA,"Aves","Anseriformes","Spatula clypeata","Species",NA,1,NA,"Canada",50.173,-98.311,"1947"
"new_RaptorDiets.csv",1164,"Hecht 1951","Stomach","Stomach+Pellet","Accipitriformes","Acciptridae","Circus","Circus hudsonius",NA,"Aves","Pelicaniformes","Botaurus lentiginosus","Species",NA,3,NA,"Canada",50.173,-98.311,"1947"
"new_RaptorDiets.csv",1164,"Hecht 1951","Stomach","Stomach+Pellet","Accipitriformes","Acciptridae","Circus","Circus hudsonius",NA,"Aves","Accipitriformes","Circus hudsonius","Species",NA,2,NA,"Canada",50.173,-98.311,"1947"
"new_RaptorDiets.csv",1164,"Hecht 1951","Stomach","Stomach+Pellet","Accipitriformes","Acciptridae","Circus","Circus hudsonius",NA,"Aves","Passeriformes","Cistothorus palustris","Species",NA,1,NA,"Canada",50.173,-98.311,"1947"
"new_RaptorDiets.csv",1164,"Hecht 1951","Stomach","Stomach+Pellet","Accipitriformes","Acciptridae","Circus","Circus hudsonius",NA,"Aves","Passeriformes","Molothrus ater","Species",NA,1,NA,"Canada",50.173,-98.311,"1947"
"new_RaptorDiets.csv",1164,"Hecht 1951","Stomach","Stomach+Pellet","Accipitriformes","Acciptridae","Circus","Circus hudsonius",NA,"Aves","Passeriformes","Loxia curvirostra","Species",NA,1,NA,"Canada",50.173,-98.311,"1947"
"new_RaptorDiets.csv",1164,"Hecht 1951","Stomach","Stomach+Pellet","Accipitriformes","Acciptridae","Circus","Circus hudsonius",NA,"Aves","Passeriformes","Ammospiza sp","Genus",NA,1,NA,"Canada",50.173,-98.311,"1947"
"new_RaptorDiets.csv",1164,"Hecht 1951","Stomach","Stomach+Pellet","Accipitriformes","Acciptridae","Circus","Circus hudsonius",NA,"Aves","Passeriformes","Passeriformes","Order",NA,4,NA,"Canada",50.173,-98.311,"1947"
"new_RaptorDiets.csv",1164,"Hecht 1951","Stomach","Stomach+Pellet","Accipitriformes","Acciptridae","Circus","Circus hudsonius",NA,"Reptilia","Squamata","Thamnophis radix","Species",NA,2,NA,"Canada",50.173,-98.311,"1947"
"new_RaptorDiets.csv",1164,"Hecht 1951","Stomach","Stomach+Pellet","Accipitriformes","Acciptridae","Circus","Circus hudsonius",NA,"Amphibia","Anura","Lithobates pipiens","Species",NA,4,NA,"Canada",50.173,-98.311,"1947"
"new_RaptorDiets.csv",1164,"Hecht 1951","Stomach","Stomach+Pellet","Accipitriformes","Acciptridae","Circus","Circus hudsonius",NA,"Amphibia","Anura","Anaxyrus hemiophrys","Species",NA,1,NA,"Canada",50.173,-98.311,"1947"
"new_RaptorDiets.csv",1164,"Hecht 1951","Stomach","Stomach+Pellet","Accipitriformes","Acciptridae","Circus","Circus hudsonius",NA,"Amphibia","","Amphibia","Class",NA,5,NA,"Canada",50.173,-98.311,"1947"
"new_RaptorDiets.csv",1164,"Hecht 1951","Stomach","Stomach+Pellet","Accipitriformes","Acciptridae","Circus","Circus hudsonius",NA,"Insecta","Coleoptera","Coleoptera","Order",NA,5,NA,"Canada",50.173,-98.311,"1947"
"new_RaptorDiets.csv",1267,"Lovari 1974","Stomach","Stomach","Falconiformes","Falconidae","Falco","Falco tinnunculus",NA,"Mammalia","Rodentia","Microtus savii","Species",NA,2,NA,"Italy",43.326,11.323,"1971.5"
"new_RaptorDiets.csv",1267,"Lovari 1974","Stomach","Stomach","Falconiformes","Falconidae","Falco","Falco tinnunculus",NA,"Mammalia","Rodentia","Apodemus sylvaticus","Species",NA,2,NA,"Italy",43.326,11.323,"1971.5"
"new_RaptorDiets.csv",1267,"Lovari 1974","Stomach","Stomach","Falconiformes","Falconidae","Falco","Falco tinnunculus",NA,"Mammalia","Rodentia","Mus musculus","Species",NA,1,NA,"Italy",43.326,11.323,"1971.5"
"new_RaptorDiets.csv",1267,"Lovari 1974","Stomach","Stomach","Falconiformes","Falconidae","Falco","Falco tinnunculus",NA,"Mammalia","Rodentia","Clethrionomys glareolus","Species",NA,1,NA,"Italy",43.326,11.323,"1971.5"
"new_RaptorDiets.csv",1267,"Lovari 1974","Stomach","Stomach","Falconiformes","Falconidae","Falco","Falco tinnunculus",NA,"Mammalia","Eulipotyphla","Sorex minutus","Species",NA,3,NA,"Italy",43.326,11.323,"1971.5"
"new_RaptorDiets.csv",1267,"Lovari 1974","Stomach","Stomach","Falconiformes","Falconidae","Falco","Falco tinnunculus",NA,"Mammalia","Eulipotyphla","Sorex araneus","Species",NA,1,NA,"Italy",43.326,11.323,"1971.5"
"new_RaptorDiets.csv",1267,"Lovari 1974","Stomach","Stomach","Falconiformes","Falconidae","Falco","Falco tinnunculus",NA,"Mammalia","","Mammalia","Class",NA,2,NA,"Italy",43.326,11.323,"1971.5"
"new_RaptorDiets.csv",1267,"Lovari 1974","Stomach","Stomach","Falconiformes","Falconidae","Falco","Falco tinnunculus",NA,"Aves","Passeriformes","Carduelis sp","Genus",NA,1,NA,"Italy",43.326,11.323,"1971.5"
"new_RaptorDiets.csv",1267,"Lovari 1974","Stomach","Stomach","Falconiformes","Falconidae","Falco","Falco tinnunculus",NA,"Aves","Passeriformes","Cisticola sp","Genus",NA,1,NA,"Italy",43.326,11.323,"1971.5"
"new_RaptorDiets.csv",1267,"Lovari 1974","Stomach","Stomach","Falconiformes","Falconidae","Falco","Falco tinnunculus",NA,"Aves","Passeriformes","Passeriformes","Order",NA,3,NA,"Italy",43.326,11.323,"1971.5"
"new_RaptorDiets.csv",1267,"Lovari 1974","Stomach","Stomach","Falconiformes","Falconidae","Falco","Falco tinnunculus",NA,"Reptilia","Squamata","Podarcis muralis","Species",NA,13,NA,"Italy",43.326,11.323,"1971.5"
"new_RaptorDiets.csv",1267,"Lovari 1974","Stomach","Stomach","Falconiformes","Falconidae","Falco","Falco tinnunculus",NA,"Insecta","Coleoptera","Carabidae","Family",NA,9,NA,"Italy",43.326,11.323,"1971.5"
"new_RaptorDiets.csv",1267,"Lovari 1974","Stomach","Stomach","Falconiformes","Falconidae","Falco","Falco tinnunculus",NA,"Insecta","Coleoptera","Tenebrionidae","Family",NA,2,NA,"Italy",43.326,11.323,"1971.5"
"new_RaptorDiets.csv",1267,"Lovari 1974","Stomach","Stomach","Falconiformes","Falconidae","Falco","Falco tinnunculus",NA,"Insecta","Coleoptera","Carabus violaceus","Species",NA,1,NA,"Italy",43.326,11.323,"1971.5"
"new_RaptorDiets.csv",1267,"Lovari 1974","Stomach","Stomach","Falconiformes","Falconidae","Falco","Falco tinnunculus",NA,"Insecta","Coleoptera","Geotrupes sp","Genus",NA,1,NA,"Italy",43.326,11.323,"1971.5"
"new_RaptorDiets.csv",1267,"Lovari 1974","Stomach","Stomach","Falconiformes","Falconidae","Falco","Falco tinnunculus",NA,"Insecta","Hymenoptera","Formicidae","Family",NA,27,NA,"Italy",43.326,11.323,"1971.5"
"new_RaptorDiets.csv",1267,"Lovari 1974","Stomach","Stomach","Falconiformes","Falconidae","Falco","Falco tinnunculus",NA,"Insecta","Orthoptera","Decticus verrucivorus","Species",NA,40,NA,"Italy",43.326,11.323,"1971.5"
"new_RaptorDiets.csv",1267,"Lovari 1974","Stomach","Stomach","Falconiformes","Falconidae","Falco","Falco tinnunculus",NA,"Insecta","Orthoptera","Decticus sp","Genus",NA,15,NA,"Italy",43.326,11.323,"1971.5"
"new_RaptorDiets.csv",1267,"Lovari 1974","Stomach","Stomach","Falconiformes","Falconidae","Falco","Falco tinnunculus",NA,"Insecta","Family","Locustidae","Family",NA,9,NA,"Italy",43.326,11.323,"1971.5"
"new_RaptorDiets.csv",1267,"Lovari 1974","Stomach","Stomach","Falconiformes","Falconidae","Falco","Falco tinnunculus",NA,"Insecta","Orthoptera","Decticus albifrons","Species",NA,5,NA,"Italy",43.326,11.323,"1971.5"
"new_RaptorDiets.csv",1267,"Lovari 1974","Stomach","Stomach","Falconiformes","Falconidae","Falco","Falco tinnunculus",NA,"Insecta","Orthoptera","Tettigonia viridissima","Species",NA,5,NA,"Italy",43.326,11.323,"1971.5"
"new_RaptorDiets.csv",1267,"Lovari 1974","Stomach","Stomach","Falconiformes","Falconidae","Falco","Falco tinnunculus",NA,"Insecta","Orthoptera","Oedipoda sp","Genus",NA,1,NA,"Italy",43.326,11.323,"1971.5"
"new_RaptorDiets.csv",1267,"Lovari 1974","Stomach","Stomach","Falconiformes","Falconidae","Falco","Falco tinnunculus",NA,"Insecta","Orthoptera","Gryllus campestris","Species",NA,1,NA,"Italy",43.326,11.323,"1971.5"
"new_RaptorDiets.csv",1267,"Lovari 1974","Stomach","Stomach","Falconiformes","Falconidae","Falco","Falco tinnunculus",NA,"Insecta","Orthoptera","Orthoptera","Order",NA,16,NA,"Italy",43.326,11.323,"1971.5"
"new_RaptorDiets.csv",1267,"Lovari 1974","Stomach","Stomach","Falconiformes","Falconidae","Falco","Falco tinnunculus",NA,"Insecta","Mantodea","Mantis religiosa","Species",NA,6,NA,"Italy",43.326,11.323,"1971.5"
"new_RaptorDiets.csv",1267,"Lovari 1974","Stomach","Stomach","Falconiformes","Falconidae","Falco","Falco tinnunculus",NA,"Insecta","Odonata","Libellula sp","Genus",NA,1,NA,"Italy",43.326,11.323,"1971.5"
"new_RaptorDiets.csv",1267,"Lovari 1974","Stomach","Stomach","Falconiformes","Falconidae","Falco","Falco tinnunculus",NA,"Arachnida","","Arachnida","Class",NA,2,NA,"Italy",43.326,11.323,"1971.5"
"new_RaptorDiets.csv",1267,"Lovari 1974","Stomach","Stomach","Falconiformes","Falconidae","Falco","Falco tinnunculus",NA,"","","Myriapoda","Subphylum",NA,1,NA,"Italy",43.326,11.323,"1971.5"
"new_RaptorDiets.csv",1267,"Lovari 1974","Stomach","Stomach","Falconiformes","Falconidae","Falco","Falco tinnunculus",NA,"Arthropoda","","Arthropoda","Phylum",NA,2,NA,"Italy",43.326,11.323,"1971.5"
"new_RaptorDiets.csv",1268,"Lovari 1974","Stomach","Stomach","Accipitriformes","Acciptridae","Buteo","Buteo buteo",NA,"Mammalia","Rodentia","Microtus savii","Species",NA,5,NA,"Italy",43.326,11.323,"1971.5"
"new_RaptorDiets.csv",1268,"Lovari 1974","Stomach","Stomach","Accipitriformes","Acciptridae","Buteo","Buteo buteo",NA,"Mammalia","Rodentia","Apodemus sylvaticus","Species",NA,1,NA,"Italy",43.326,11.323,"1971.5"
"new_RaptorDiets.csv",1268,"Lovari 1974","Stomach","Stomach","Accipitriformes","Acciptridae","Buteo","Buteo buteo",NA,"Mammalia","Rodentia","Clethrionomys glareolus","Species",NA,1,NA,"Italy",43.326,11.323,"1971.5"
"new_RaptorDiets.csv",1268,"Lovari 1974","Stomach","Stomach","Accipitriformes","Acciptridae","Buteo","Buteo buteo",NA,"Mammalia","Eulipotyphla","Crocidura suaveolens","Species",NA,3,NA,"Italy",43.326,11.323,"1971.5"
"new_RaptorDiets.csv",1268,"Lovari 1974","Stomach","Stomach","Accipitriformes","Acciptridae","Buteo","Buteo buteo",NA,"Mammalia","Eulipotyphla","Crocidura russula","Species",NA,1,NA,"Italy",43.326,11.323,"1971.5"
"new_RaptorDiets.csv",1268,"Lovari 1974","Stomach","Stomach","Accipitriformes","Acciptridae","Buteo","Buteo buteo",NA,"Mammalia","Eulipotyphla","Talpa europaea","Species",NA,1,NA,"Italy",43.326,11.323,"1971.5"
"new_RaptorDiets.csv",1268,"Lovari 1974","Stomach","Stomach","Accipitriformes","Acciptridae","Buteo","Buteo buteo",NA,"Mammalia","Carnivora","Mustela nivalis","Species",NA,1,NA,"Italy",43.326,11.323,"1971.5"
"new_RaptorDiets.csv",1268,"Lovari 1974","Stomach","Stomach","Accipitriformes","Acciptridae","Buteo","Buteo buteo",NA,"Mammalia","","Mammalia","Class",NA,2,NA,"Italy",43.326,11.323,"1971.5"
"new_RaptorDiets.csv",1268,"Lovari 1974","Stomach","Stomach","Accipitriformes","Acciptridae","Buteo","Buteo buteo",NA,"Aves","Passeriformes","Passeriformes","Order",NA,1,NA,"Italy",43.326,11.323,"1971.5"
"new_RaptorDiets.csv",1268,"Lovari 1974","Stomach","Stomach","Accipitriformes","Acciptridae","Buteo","Buteo buteo",NA,"Reptilia","Squamata","Podarcis muralis","Species",NA,10,NA,"Italy",43.326,11.323,"1971.5"
"new_RaptorDiets.csv",1268,"Lovari 1974","Stomach","Stomach","Accipitriformes","Acciptridae","Buteo","Buteo buteo",NA,"Reptilia","Squamata","Natrix natrix","Species",NA,6,NA,"Italy",43.326,11.323,"1971.5"
"new_RaptorDiets.csv",1268,"Lovari 1974","Stomach","Stomach","Accipitriformes","Acciptridae","Buteo","Buteo buteo",NA,"Amphibia","Anura","Pelophylax esculentus","Species",NA,3,NA,"Italy",43.326,11.323,"1971.5"
"new_RaptorDiets.csv",1268,"Lovari 1974","Stomach","Stomach","Accipitriformes","Acciptridae","Buteo","Buteo buteo",NA,"Amphibia","Anura","Anura","Order",NA,1,NA,"Italy",43.326,11.323,"1971.5"
"new_RaptorDiets.csv",1268,"Lovari 1974","Stomach","Stomach","Accipitriformes","Acciptridae","Buteo","Buteo buteo",NA,"Insecta","Coleoptera","Scarabaeidae","Family",NA,3,NA,"Italy",43.326,11.323,"1971.5"
"new_RaptorDiets.csv",1268,"Lovari 1974","Stomach","Stomach","Accipitriformes","Acciptridae","Buteo","Buteo buteo",NA,"Insecta","Coleoptera","Carabus violaceus","Species",NA,1,NA,"Italy",43.326,11.323,"1971.5"
"new_RaptorDiets.csv",1268,"Lovari 1974","Stomach","Stomach","Accipitriformes","Acciptridae","Buteo","Buteo buteo",NA,"Insecta","Coleoptera","Carabus coriaceus","Species",NA,1,NA,"Italy",43.326,11.323,"1971.5"
"new_RaptorDiets.csv",1268,"Lovari 1974","Stomach","Stomach","Accipitriformes","Acciptridae","Buteo","Buteo buteo",NA,"Insecta","Coleoptera","Ocypus olens","Species",NA,1,NA,"Italy",43.326,11.323,"1971.5"
"new_RaptorDiets.csv",1268,"Lovari 1974","Stomach","Stomach","Accipitriformes","Acciptridae","Buteo","Buteo buteo",NA,"Insecta","Coleoptera","Geotrupes sp","Genus",NA,1,NA,"Italy",43.326,11.323,"1971.5"
"new_RaptorDiets.csv",1268,"Lovari 1974","Stomach","Stomach","Accipitriformes","Acciptridae","Buteo","Buteo buteo",NA,"Insecta","Coleoptera","Cebrio sp","Species",NA,1,NA,"Italy",43.326,11.323,"1971.5"
"new_RaptorDiets.csv",1268,"Lovari 1974","Stomach","Stomach","Accipitriformes","Acciptridae","Buteo","Buteo buteo",NA,"Insecta","Orthoptera","Decticus verrucivorus","Species",NA,22,NA,"Italy",43.326,11.323,"1971.5"
"new_RaptorDiets.csv",1268,"Lovari 1974","Stomach","Stomach","Accipitriformes","Acciptridae","Buteo","Buteo buteo",NA,"Insecta","Orthoptera","Decticus albifrons","Species",NA,14,NA,"Italy",43.326,11.323,"1971.5"
"new_RaptorDiets.csv",1268,"Lovari 1974","Stomach","Stomach","Accipitriformes","Acciptridae","Buteo","Buteo buteo",NA,"Insecta","Orthoptera","Decticus sp","Genus",NA,2,NA,"Italy",43.326,11.323,"1971.5"
"new_RaptorDiets.csv",1268,"Lovari 1974","Stomach","Stomach","Accipitriformes","Acciptridae","Buteo","Buteo buteo",NA,"Insecta","Orthoptera","Tettigonia viridissima","Species",NA,1,NA,"Italy",43.326,11.323,"1971.5"
"new_RaptorDiets.csv",1268,"Lovari 1974","Stomach","Stomach","Accipitriformes","Acciptridae","Buteo","Buteo buteo",NA,"Insecta","Family","Locustidae","Family",NA,1,NA,"Italy",43.326,11.323,"1971.5"
"new_RaptorDiets.csv",1268,"Lovari 1974","Stomach","Stomach","Accipitriformes","Acciptridae","Buteo","Buteo buteo",NA,"Insecta","Lepidoptera","Lepidoptera","Order",NA,4,NA,"Italy",43.326,11.323,"1971.5"
"new_RaptorDiets.csv",1268,"Lovari 1974","Stomach","Stomach","Accipitriformes","Acciptridae","Buteo","Buteo buteo",NA,"Insecta","Mantodea","Mantis religiosa","Species",NA,1,NA,"Italy",43.326,11.323,"1971.5"
"new_RaptorDiets.csv",1269,"Lovari 1974","Stomach","Stomach","Strigiformes","Strigidae","Athene","Athene noctua",NA,"Mammalia","Rodentia","Microtus savii","Species",NA,3,NA,"Italy",43.326,11.323,"1971.5"
"new_RaptorDiets.csv",1269,"Lovari 1974","Stomach","Stomach","Strigiformes","Strigidae","Athene","Athene noctua",NA,"Mammalia","Rodentia","Apodemus sylvaticus","Species",NA,2,NA,"Italy",43.326,11.323,"1971.5"
"new_RaptorDiets.csv",1269,"Lovari 1974","Stomach","Stomach","Strigiformes","Strigidae","Athene","Athene noctua",NA,"Mammalia","Eulipotyphla","Crocidura leucodon","Species",NA,1,NA,"Italy",43.326,11.323,"1971.5"
"new_RaptorDiets.csv",1269,"Lovari 1974","Stomach","Stomach","Strigiformes","Strigidae","Athene","Athene noctua",NA,"Mammalia","Eulipotyphla","Suncus etruscus","Species",NA,1,NA,"Italy",43.326,11.323,"1971.5"
"new_RaptorDiets.csv",1269,"Lovari 1974","Stomach","Stomach","Strigiformes","Strigidae","Athene","Athene noctua",NA,"Mammalia","Eulipotyphla","Sorex sp","Genus",NA,1,NA,"Italy",43.326,11.323,"1971.5"
"new_RaptorDiets.csv",1269,"Lovari 1974","Stomach","Stomach","Strigiformes","Strigidae","Athene","Athene noctua",NA,"Mammalia","","Mammalia","Class",NA,7,NA,"Italy",43.326,11.323,"1971.5"
"new_RaptorDiets.csv",1269,"Lovari 1974","Stomach","Stomach","Strigiformes","Strigidae","Athene","Athene noctua",NA,"Aves","Passeriformes","Passeriformes","Order",NA,1,NA,"Italy",43.326,11.323,"1971.5"
"new_RaptorDiets.csv",1269,"Lovari 1974","Stomach","Stomach","Strigiformes","Strigidae","Athene","Athene noctua",NA,"Reptilia","Squamata","Podarcis muralis","Species",NA,1,NA,"Italy",43.326,11.323,"1971.5"
"new_RaptorDiets.csv",1269,"Lovari 1974","Stomach","Stomach","Strigiformes","Strigidae","Athene","Athene noctua",NA,"Amphibia","Anura","Hyla arborea","Species",NA,1,NA,"Italy",43.326,11.323,"1971.5"
"new_RaptorDiets.csv",1269,"Lovari 1974","Stomach","Stomach","Strigiformes","Strigidae","Athene","Athene noctua",NA,"Insecta","Coleoptera","Carabidae","Family",NA,66,NA,"Italy",43.326,11.323,"1971.5"
"new_RaptorDiets.csv",1269,"Lovari 1974","Stomach","Stomach","Strigiformes","Strigidae","Athene","Athene noctua",NA,"Insecta","Coleoptera","Pentodon bidens","Species",NA,13,NA,"Italy",43.326,11.323,"1971.5"
"new_RaptorDiets.csv",1269,"Lovari 1974","Stomach","Stomach","Strigiformes","Strigidae","Athene","Athene noctua",NA,"Insecta","Coleoptera","Geotrupes stercorarius","Species",NA,2,NA,"Italy",43.326,11.323,"1971.5"
"new_RaptorDiets.csv",1269,"Lovari 1974","Stomach","Stomach","Strigiformes","Strigidae","Athene","Athene noctua",NA,"Insecta","Coleoptera","Ocypus olens","Species",NA,8,NA,"Italy",43.326,11.323,"1971.5"
"new_RaptorDiets.csv",1269,"Lovari 1974","Stomach","Stomach","Strigiformes","Strigidae","Athene","Athene noctua",NA,"Insecta","Coleoptera","Geotrupes sp","Genus",NA,5,NA,"Italy",43.326,11.323,"1971.5"
"new_RaptorDiets.csv",1269,"Lovari 1974","Stomach","Stomach","Strigiformes","Strigidae","Athene","Athene noctua",NA,"Insecta","Coleoptera","Tenebrionidae","Family",NA,5,NA,"Italy",43.326,11.323,"1971.5"
"new_RaptorDiets.csv",1269,"Lovari 1974","Stomach","Stomach","Strigiformes","Strigidae","Athene","Athene noctua",NA,"Insecta","Coleoptera","Carabus coriaceus","Species",NA,4,NA,"Italy",43.326,11.323,"1971.5"
"new_RaptorDiets.csv",1269,"Lovari 1974","Stomach","Stomach","Strigiformes","Strigidae","Athene","Athene noctua",NA,"Insecta","Coleoptera","Sphodrus sp","Species",NA,4,NA,"Italy",43.326,11.323,"1971.5"
"new_RaptorDiets.csv",1269,"Lovari 1974","Stomach","Stomach","Strigiformes","Strigidae","Athene","Athene noctua",NA,"Insecta","Coleoptera","Curculionidae","Family",NA,3,NA,"Italy",43.326,11.323,"1971.5"
"new_RaptorDiets.csv",1269,"Lovari 1974","Stomach","Stomach","Strigiformes","Strigidae","Athene","Athene noctua",NA,"Insecta","Coleoptera","Carabus cancellatus","Species",NA,2,NA,"Italy",43.326,11.323,"1971.5"
"new_RaptorDiets.csv",1269,"Lovari 1974","Stomach","Stomach","Strigiformes","Strigidae","Athene","Athene noctua",NA,"Insecta","Coleoptera","Saperda carcharias","Species",NA,1,NA,"Italy",43.326,11.323,"1971.5"
"new_RaptorDiets.csv",1269,"Lovari 1974","Stomach","Stomach","Strigiformes","Strigidae","Athene","Athene noctua",NA,"Insecta","Coleoptera","Bubas sp","Genus",NA,1,NA,"Italy",43.326,11.323,"1971.5"
"new_RaptorDiets.csv",1269,"Lovari 1974","Stomach","Stomach","Strigiformes","Strigidae","Athene","Athene noctua",NA,"Insecta","Coleoptera","Carabus violaceus","Species",NA,1,NA,"Italy",43.326,11.323,"1971.5"
"new_RaptorDiets.csv",1269,"Lovari 1974","Stomach","Stomach","Strigiformes","Strigidae","Athene","Athene noctua",NA,"Insecta","Coleoptera","Staphylinidae","Family",NA,1,NA,"Italy",43.326,11.323,"1971.5"
"new_RaptorDiets.csv",1269,"Lovari 1974","Stomach","Stomach","Strigiformes","Strigidae","Athene","Athene noctua",NA,"Insecta","Coleoptera","Helops sp","Genus",NA,1,NA,"Italy",43.326,11.323,"1971.5"
"new_RaptorDiets.csv",1269,"Lovari 1974","Stomach","Stomach","Strigiformes","Strigidae","Athene","Athene noctua",NA,"Insecta","Coleoptera","Coleoptera","Order",NA,36,NA,"Italy",43.326,11.323,"1971.5"
"new_RaptorDiets.csv",1269,"Lovari 1974","Stomach","Stomach","Strigiformes","Strigidae","Athene","Athene noctua",NA,"Insecta","Dermaptera","Forficula auricularia","Species",NA,356,NA,"Italy",43.326,11.323,"1971.5"
"new_RaptorDiets.csv",1269,"Lovari 1974","Stomach","Stomach","Strigiformes","Strigidae","Athene","Athene noctua",NA,"Insecta","Hymenoptera","Formicidae","Family",NA,141,NA,"Italy",43.326,11.323,"1971.5"
"new_RaptorDiets.csv",1269,"Lovari 1974","Stomach","Stomach","Strigiformes","Strigidae","Athene","Athene noctua",NA,"Insecta","Hymenoptera","Vespa crabro","Species",NA,1,NA,"Italy",43.326,11.323,"1971.5"
"new_RaptorDiets.csv",1269,"Lovari 1974","Stomach","Stomach","Strigiformes","Strigidae","Athene","Athene noctua",NA,"Insecta","Orthoptera","Decticus verrucivorus","Species",NA,8,NA,"Italy",43.326,11.323,"1971.5"
"new_RaptorDiets.csv",1269,"Lovari 1974","Stomach","Stomach","Strigiformes","Strigidae","Athene","Athene noctua",NA,"Insecta","Orthoptera","Decticus albifrons","Species",NA,5,NA,"Italy",43.326,11.323,"1971.5"
"new_RaptorDiets.csv",1269,"Lovari 1974","Stomach","Stomach","Strigiformes","Strigidae","Athene","Athene noctua",NA,"Insecta","Orthoptera","Tettigonia viridissima","Species",NA,2,NA,"Italy",43.326,11.323,"1971.5"
"new_RaptorDiets.csv",1269,"Lovari 1974","Stomach","Stomach","Strigiformes","Strigidae","Athene","Athene noctua",NA,"Insecta","Family","Locustidae","Family",NA,2,NA,"Italy",43.326,11.323,"1971.5"
"new_RaptorDiets.csv",1269,"Lovari 1974","Stomach","Stomach","Strigiformes","Strigidae","Athene","Athene noctua",NA,"Insecta","Orthoptera","Oedipodae","Family",NA,2,NA,"Italy",43.326,11.323,"1971.5"
"new_RaptorDiets.csv",1269,"Lovari 1974","Stomach","Stomach","Strigiformes","Strigidae","Athene","Athene noctua",NA,"Insecta","Orthoptera","Ephippiger sp","Genus",NA,1,NA,"Italy",43.326,11.323,"1971.5"
"new_RaptorDiets.csv",1269,"Lovari 1974","Stomach","Stomach","Strigiformes","Strigidae","Athene","Athene noctua",NA,"Insecta","Orthoptera","Orthoptera","Order",NA,8,NA,"Italy",43.326,11.323,"1971.5"
"new_RaptorDiets.csv",1269,"Lovari 1974","Stomach","Stomach","Strigiformes","Strigidae","Athene","Athene noctua",NA,"Insecta","Lepidoptera","Lepidoptera","Order",NA,7,NA,"Italy",43.326,11.323,"1971.5"
"new_RaptorDiets.csv",1269,"Lovari 1974","Stomach","Stomach","Strigiformes","Strigidae","Athene","Athene noctua",NA,"Arachnida","","Arachnida","Class",NA,3,NA,"Italy",43.326,11.323,"1971.5"
"new_RaptorDiets.csv",1269,"Lovari 1974","Stomach","Stomach","Strigiformes","Strigidae","Athene","Athene noctua",NA,"Diplopoda","Julida","Julus sp","Genus",NA,3,NA,"Italy",43.326,11.323,"1971.5"
"new_RaptorDiets.csv",1269,"Lovari 1974","Stomach","Stomach","Strigiformes","Strigidae","Athene","Athene noctua",NA,"Diplopoda","Glomerida","Glomeris sp","Genus",NA,1,NA,"Italy",43.326,11.323,"1971.5"
"new_RaptorDiets.csv",1269,"Lovari 1974","Stomach","Stomach","Strigiformes","Strigidae","Athene","Athene noctua",NA,"Chilopoda","Scolopendromorpha","Scolopendra sp","Genus",NA,1,NA,"Italy",43.326,11.323,"1971.5"
"new_RaptorDiets.csv",1269,"Lovari 1974","Stomach","Stomach","Strigiformes","Strigidae","Athene","Athene noctua",NA,"Arthropoda","","Arthropoda","Phylum",NA,3,NA,"Italy",43.326,11.323,"1971.5"
"new_RaptorDiets.csv",1269,"Lovari 1974","Stomach","Stomach","Strigiformes","Strigidae","Athene","Athene noctua",NA,"Gastropoda","Helicoidea","Helix sp","Genus",NA,1,NA,"Italy",43.326,11.323,"1971.5"
"new_RaptorDiets.csv",1270,"Lovari 1974","Stomach","Stomach","Strigiformes","Tytonidae","Tyto","Tyto alba",NA,"Mammalia","Rodentia","Apodemus sylvaticus","Species",NA,14,NA,"Italy",43.326,11.323,"1971.5"
"new_RaptorDiets.csv",1270,"Lovari 1974","Stomach","Stomach","Strigiformes","Tytonidae","Tyto","Tyto alba",NA,"Mammalia","Rodentia","Microtus savii","Species",NA,2,NA,"Italy",43.326,11.323,"1971.5"
"new_RaptorDiets.csv",1270,"Lovari 1974","Stomach","Stomach","Strigiformes","Tytonidae","Tyto","Tyto alba",NA,"Mammalia","Rodentia","Mus musculus","Species",NA,5,NA,"Italy",43.326,11.323,"1971.5"
"new_RaptorDiets.csv",1270,"Lovari 1974","Stomach","Stomach","Strigiformes","Tytonidae","Tyto","Tyto alba",NA,"Mammalia","Rodentia","Muscardinus avellanarius","Species",NA,2,NA,"Italy",43.326,11.323,"1971.5"
"new_RaptorDiets.csv",1270,"Lovari 1974","Stomach","Stomach","Strigiformes","Tytonidae","Tyto","Tyto alba",NA,"Mammalia","Eulipotyphla","Crocidura suaveolens","Species",NA,4,NA,"Italy",43.326,11.323,"1971.5"
"new_RaptorDiets.csv",1270,"Lovari 1974","Stomach","Stomach","Strigiformes","Tytonidae","Tyto","Tyto alba",NA,"Mammalia","Eulipotyphla","Crocidura russula","Species",NA,2,NA,"Italy",43.326,11.323,"1971.5"
"new_RaptorDiets.csv",1270,"Lovari 1974","Stomach","Stomach","Strigiformes","Tytonidae","Tyto","Tyto alba",NA,"Mammalia","Eulipotyphla","Sorex araneus","Species",NA,2,NA,"Italy",43.326,11.323,"1971.5"
"new_RaptorDiets.csv",1270,"Lovari 1974","Stomach","Stomach","Strigiformes","Tytonidae","Tyto","Tyto alba",NA,"Mammalia","Eulipotyphla","Sorex minutus","Species",NA,1,NA,"Italy",43.326,11.323,"1971.5"
"new_RaptorDiets.csv",1270,"Lovari 1974","Stomach","Stomach","Strigiformes","Tytonidae","Tyto","Tyto alba",NA,"Mammalia","Eulipotyphla","Suncus etruscus","Species",NA,1,NA,"Italy",43.326,11.323,"1971.5"
"new_RaptorDiets.csv",1270,"Lovari 1974","Stomach","Stomach","Strigiformes","Tytonidae","Tyto","Tyto alba",NA,"Mammalia","","Mammalia","Class",NA,2,NA,"Italy",43.326,11.323,"1971.5"
"new_RaptorDiets.csv",1270,"Lovari 1974","Stomach","Stomach","Strigiformes","Tytonidae","Tyto","Tyto alba",NA,"Insecta","Orthoptera","Decticus albifrons","Species",NA,2,NA,"Italy",43.326,11.323,"1971.5"
"new_RaptorDiets.csv",1270,"Lovari 1974","Stomach","Stomach","Strigiformes","Tytonidae","Tyto","Tyto alba",NA,"Insecta","","Insecta","Class",NA,16,NA,"Italy",43.326,11.323,"1971.5"
"new_RaptorDiets.csv",1391,"Olendorff 1973","Stomach","Stomach+PreyRemains","Accipitriformes","Acciptridae","Buteo","Buteo regalis",NA,"Mammalia","Carnivora","Mustela frenata","Species",NA,1,NA,"USA",40.638,-104.57,"1971"
"new_RaptorDiets.csv",1391,"Olendorff 1973","Stomach","Stomach+PreyRemains","Accipitriformes","Acciptridae","Buteo","Buteo regalis",NA,"Mammalia","Rodentia","Ictidomys tridecemlineatus","Species",NA,54,NA,"USA",40.638,-104.57,"1971"
"new_RaptorDiets.csv",1391,"Olendorff 1973","Stomach","Stomach+PreyRemains","Accipitriformes","Acciptridae","Buteo","Buteo regalis",NA,"Mammalia","Rodentia","Thomomys talpoides","Species",NA,10,NA,"USA",40.638,-104.57,"1971"
"new_RaptorDiets.csv",1391,"Olendorff 1973","Stomach","Stomach+PreyRemains","Accipitriformes","Acciptridae","Buteo","Buteo regalis",NA,"Mammalia","Lagomorpha","Lepus sp","Genus",NA,15,NA,"USA",40.638,-104.57,"1971"
"new_RaptorDiets.csv",1391,"Olendorff 1973","Stomach","Stomach+PreyRemains","Accipitriformes","Acciptridae","Buteo","Buteo regalis",NA,"Mammalia","Lagomorpha","Sylvilagus sp","Genus",NA,17,NA,"USA",40.638,-104.57,"1971"
"new_RaptorDiets.csv",1391,"Olendorff 1973","Stomach","Stomach+PreyRemains","Accipitriformes","Acciptridae","Buteo","Buteo regalis",NA,"Mammalia","Rodentia","Rodentia","Order",NA,2,NA,"USA",40.638,-104.57,"1971"
"new_RaptorDiets.csv",1391,"Olendorff 1973","Stomach","Stomach+PreyRemains","Accipitriformes","Acciptridae","Buteo","Buteo regalis",NA,"Aves","Falconiformes","Falco sparverius","Species",NA,1,NA,"USA",40.638,-104.57,"1971"
"new_RaptorDiets.csv",1391,"Olendorff 1973","Stomach","Stomach+PreyRemains","Accipitriformes","Acciptridae","Buteo","Buteo regalis",NA,"Aves","Charadriiformes","Charadrius vociferus","Species",NA,6,NA,"USA",40.638,-104.57,"1971"
"new_RaptorDiets.csv",1391,"Olendorff 1973","Stomach","Stomach+PreyRemains","Accipitriformes","Acciptridae","Buteo","Buteo regalis",NA,"Aves","Charadriiformes","Numenius americanus","Species",NA,1,NA,"USA",40.638,-104.57,"1971"
"new_RaptorDiets.csv",1391,"Olendorff 1973","Stomach","Stomach+PreyRemains","Accipitriformes","Acciptridae","Buteo","Buteo regalis",NA,"Aves","Piciformes","Melanerpes erythrocephalus","Species",NA,11,NA,"USA",40.638,-104.57,"1971"
"new_RaptorDiets.csv",1391,"Olendorff 1973","Stomach","Stomach+PreyRemains","Accipitriformes","Acciptridae","Buteo","Buteo regalis",NA,"Aves","Passeriformes","Sturnella neglecta","Species",NA,12,NA,"USA",40.638,-104.57,"1971"
"new_RaptorDiets.csv",1391,"Olendorff 1973","Stomach","Stomach+PreyRemains","Accipitriformes","Acciptridae","Buteo","Buteo regalis",NA,"Aves","Passeriformes","Calamospiza melanocorys","Species",NA,2,NA,"USA",40.638,-104.57,"1971"
"new_RaptorDiets.csv",1391,"Olendorff 1973","Stomach","Stomach+PreyRemains","Accipitriformes","Acciptridae","Buteo","Buteo regalis",NA,"Aves","","Aves","Class",NA,3,NA,"USA",40.638,-104.57,"1971"
"new_RaptorDiets.csv",1392,"Olendorff 1973","Stomach","Stomach+PreyRemains","Accipitriformes","Acciptridae","Buteo","Buteo swainsoni",NA,"Mammalia","Rodentia","Ictidomys tridecemlineatus","Species",NA,15,NA,"USA",40.638,-104.57,"1971"
"new_RaptorDiets.csv",1392,"Olendorff 1973","Stomach","Stomach+PreyRemains","Accipitriformes","Acciptridae","Buteo","Buteo swainsoni",NA,"Mammalia","Rodentia","Thomomys talpoides","Species",NA,7,NA,"USA",40.638,-104.57,"1971"
"new_RaptorDiets.csv",1392,"Olendorff 1973","Stomach","Stomach+PreyRemains","Accipitriformes","Acciptridae","Buteo","Buteo swainsoni",NA,"Mammalia","Rodentia","Dipodomys ordii","Species",NA,4,NA,"USA",40.638,-104.57,"1971"
"new_RaptorDiets.csv",1392,"Olendorff 1973","Stomach","Stomach+PreyRemains","Accipitriformes","Acciptridae","Buteo","Buteo swainsoni",NA,"Mammalia","Rodentia","Peromyscus maniculatus","Species",NA,7,NA,"USA",40.638,-104.57,"1971"
"new_RaptorDiets.csv",1392,"Olendorff 1973","Stomach","Stomach+PreyRemains","Accipitriformes","Acciptridae","Buteo","Buteo swainsoni",NA,"Mammalia","Rodentia","Microtus sp","Genus",NA,1,NA,"USA",40.638,-104.57,"1971"
"new_RaptorDiets.csv",1392,"Olendorff 1973","Stomach","Stomach+PreyRemains","Accipitriformes","Acciptridae","Buteo","Buteo swainsoni",NA,"Mammalia","Lagomorpha","Lepus sp","Genus",NA,1,NA,"USA",40.638,-104.57,"1971"
"new_RaptorDiets.csv",1392,"Olendorff 1973","Stomach","Stomach+PreyRemains","Accipitriformes","Acciptridae","Buteo","Buteo swainsoni",NA,"Mammalia","Lagomorpha","Sylvilagus sp","Genus",NA,9,NA,"USA",40.638,-104.57,"1971"
"new_RaptorDiets.csv",1392,"Olendorff 1973","Stomach","Stomach+PreyRemains","Accipitriformes","Acciptridae","Buteo","Buteo swainsoni",NA,"Mammalia","Rodentia","Rodentia","Order",NA,2,NA,"USA",40.638,-104.57,"1971"
"new_RaptorDiets.csv",1392,"Olendorff 1973","Stomach","Stomach+PreyRemains","Accipitriformes","Acciptridae","Buteo","Buteo swainsoni",NA,"Aves","Galliformes","Phasianus colchicus","Species",NA,1,NA,"USA",40.638,-104.57,"1971"
"new_RaptorDiets.csv",1392,"Olendorff 1973","Stomach","Stomach+PreyRemains","Accipitriformes","Acciptridae","Buteo","Buteo swainsoni",NA,"Aves","Charadriiformes","Charadrius vociferus","Species",NA,2,NA,"USA",40.638,-104.57,"1971"
"new_RaptorDiets.csv",1392,"Olendorff 1973","Stomach","Stomach+PreyRemains","Accipitriformes","Acciptridae","Buteo","Buteo swainsoni",NA,"Aves","Charadriiformes","Charadrius montanus","Species",NA,1,NA,"USA",40.638,-104.57,"1971"
"new_RaptorDiets.csv",1392,"Olendorff 1973","Stomach","Stomach+PreyRemains","Accipitriformes","Acciptridae","Buteo","Buteo swainsoni",NA,"Aves","Strigiformes","Bubo virginianus","Species",NA,1,NA,"USA",40.638,-104.57,"1971"
"new_RaptorDiets.csv",1392,"Olendorff 1973","Stomach","Stomach+PreyRemains","Accipitriformes","Acciptridae","Buteo","Buteo swainsoni",NA,"Aves","Piciformes","Melanerpes erythrocephalus","Species",NA,10,NA,"USA",40.638,-104.57,"1971"
"new_RaptorDiets.csv",1392,"Olendorff 1973","Stomach","Stomach+PreyRemains","Accipitriformes","Acciptridae","Buteo","Buteo swainsoni",NA,"Aves","Passeriformes","Sturnella neglecta","Species",NA,15,NA,"USA",40.638,-104.57,"1971"
"new_RaptorDiets.csv",1392,"Olendorff 1973","Stomach","Stomach+PreyRemains","Accipitriformes","Acciptridae","Buteo","Buteo swainsoni",NA,"Aves","Passeriformes","Calamospiza melanocorys","Species",NA,24,NA,"USA",40.638,-104.57,"1971"
"new_RaptorDiets.csv",1392,"Olendorff 1973","Stomach","Stomach+PreyRemains","Accipitriformes","Acciptridae","Buteo","Buteo swainsoni",NA,"Aves","","Aves","Class",NA,2,NA,"USA",40.638,-104.57,"1971"
"new_RaptorDiets.csv",1392,"Olendorff 1973","Stomach","Stomach+PreyRemains","Accipitriformes","Acciptridae","Buteo","Buteo swainsoni",NA,"Amphibia","Urodela","Ambystoma tigrinum","Species",NA,0,NA,"USA",40.638,-104.57,"1971"
"new_RaptorDiets.csv",1392,"Olendorff 1973","Stomach","Stomach+PreyRemains","Accipitriformes","Acciptridae","Buteo","Buteo swainsoni",NA,"Reptilia","Squamata","Serpentes","Suborder",NA,2,NA,"USA",40.638,-104.57,"1971"
"new_RaptorDiets.csv",1393,"Olendorff 1973","Stomach","Stomach+PreyRemains","Strigiformes","Strigidae","Bubo","Bubo virginianus",NA,"Mammalia","Rodentia","Thomomys talpoides","Species",NA,28,NA,"USA",40.638,-104.57,"1971"
"new_RaptorDiets.csv",1393,"Olendorff 1973","Stomach","Stomach+PreyRemains","Strigiformes","Strigidae","Bubo","Bubo virginianus",NA,"Mammalia","Rodentia","Dipodomys ordii","Species",NA,7,NA,"USA",40.638,-104.57,"1971"
"new_RaptorDiets.csv",1393,"Olendorff 1973","Stomach","Stomach+PreyRemains","Strigiformes","Strigidae","Bubo","Bubo virginianus",NA,"Mammalia","Rodentia","Peromyscus maniculatus","Species",NA,1,NA,"USA",40.638,-104.57,"1971"
"new_RaptorDiets.csv",1393,"Olendorff 1973","Stomach","Stomach+PreyRemains","Strigiformes","Strigidae","Bubo","Bubo virginianus",NA,"Mammalia","Rodentia","Onychomys leucogaster","Species",NA,2,NA,"USA",40.638,-104.57,"1971"
"new_RaptorDiets.csv",1393,"Olendorff 1973","Stomach","Stomach+PreyRemains","Strigiformes","Strigidae","Bubo","Bubo virginianus",NA,"Mammalia","Rodentia","Microtus sp","Genus",NA,4,NA,"USA",40.638,-104.57,"1971"
"new_RaptorDiets.csv",1393,"Olendorff 1973","Stomach","Stomach+PreyRemains","Strigiformes","Strigidae","Bubo","Bubo virginianus",NA,"Mammalia","Lagomorpha","Lepus sp","Genus",NA,4,NA,"USA",40.638,-104.57,"1971"
"new_RaptorDiets.csv",1393,"Olendorff 1973","Stomach","Stomach+PreyRemains","Strigiformes","Strigidae","Bubo","Bubo virginianus",NA,"Mammalia","Lagomorpha","Sylvilagus sp","Genus",NA,31,NA,"USA",40.638,-104.57,"1971"
"new_RaptorDiets.csv",1393,"Olendorff 1973","Stomach","Stomach+PreyRemains","Strigiformes","Strigidae","Bubo","Bubo virginianus",NA,"Aves","Anseriformes","Anas carolinensis","Species",NA,2,NA,"USA",40.638,-104.57,"1971"
"new_RaptorDiets.csv",1393,"Olendorff 1973","Stomach","Stomach+PreyRemains","Strigiformes","Strigidae","Bubo","Bubo virginianus",NA,"Aves","Anseriformes","Bucephala albeola","Species",NA,2,NA,"USA",40.638,-104.57,"1971"
"new_RaptorDiets.csv",1393,"Olendorff 1973","Stomach","Stomach+PreyRemains","Strigiformes","Strigidae","Bubo","Bubo virginianus",NA,"Aves","Galliformes","Phasianus colchicus","Species",NA,1,NA,"USA",40.638,-104.57,"1971"
"new_RaptorDiets.csv",1393,"Olendorff 1973","Stomach","Stomach+PreyRemains","Strigiformes","Strigidae","Bubo","Bubo virginianus",NA,"Aves","Charadriiformes","Charadrius montanus","Species",NA,3,NA,"USA",40.638,-104.57,"1971"
"new_RaptorDiets.csv",1393,"Olendorff 1973","Stomach","Stomach+PreyRemains","Strigiformes","Strigidae","Bubo","Bubo virginianus",NA,"Aves","Strigiformes","Athene cunicularia","Species",NA,1,NA,"USA",40.638,-104.57,"1971"
"new_RaptorDiets.csv",1393,"Olendorff 1973","Stomach","Stomach+PreyRemains","Strigiformes","Strigidae","Bubo","Bubo virginianus",NA,"Aves","Piciformes","Melanerpes erythrocephalus","Species",NA,1,NA,"USA",40.638,-104.57,"1971"
"new_RaptorDiets.csv",1393,"Olendorff 1973","Stomach","Stomach+PreyRemains","Strigiformes","Strigidae","Bubo","Bubo virginianus",NA,"Aves","Passeriformes","Sturnella neglecta","Species",NA,2,NA,"USA",40.638,-104.57,"1971"
"new_RaptorDiets.csv",1393,"Olendorff 1973","Stomach","Stomach+PreyRemains","Strigiformes","Strigidae","Bubo","Bubo virginianus",NA,"Aves","Passeriformes","Calamospiza melanocorys","Species",NA,1,NA,"USA",40.638,-104.57,"1971"
"new_RaptorDiets.csv",1394,"Olendorff 1973","Stomach","Stomach+PreyRemains","Accipitriformes","Acciptridae","Aquila","Aquila chrysaetos",NA,"Mammalia","Rodentia","Ictidomys tridecemlineatus","Species",NA,5,NA,"USA",40.638,-104.57,"1971"
"new_RaptorDiets.csv",1394,"Olendorff 1973","Stomach","Stomach+PreyRemains","Accipitriformes","Acciptridae","Aquila","Aquila chrysaetos",NA,"Mammalia","Rodentia","Sciurus niger","Species",NA,1,NA,"USA",40.638,-104.57,"1971"
"new_RaptorDiets.csv",1394,"Olendorff 1973","Stomach","Stomach+PreyRemains","Accipitriformes","Acciptridae","Aquila","Aquila chrysaetos",NA,"Mammalia","Rodentia","Thomomys talpoides","Species",NA,1,NA,"USA",40.638,-104.57,"1971"
"new_RaptorDiets.csv",1394,"Olendorff 1973","Stomach","Stomach+PreyRemains","Accipitriformes","Acciptridae","Aquila","Aquila chrysaetos",NA,"Mammalia","Lagomorpha","Lepus sp","Genus",NA,37,NA,"USA",40.638,-104.57,"1971"
"new_RaptorDiets.csv",1394,"Olendorff 1973","Stomach","Stomach+PreyRemains","Accipitriformes","Acciptridae","Aquila","Aquila chrysaetos",NA,"Mammalia","Lagomorpha","Sylvilagus sp","Genus",NA,67,NA,"USA",40.638,-104.57,"1971"
"new_RaptorDiets.csv",1394,"Olendorff 1973","Stomach","Stomach+PreyRemains","Accipitriformes","Acciptridae","Aquila","Aquila chrysaetos",NA,"Aves","Anseriformes","Anas carolinensis","Species",NA,1,NA,"USA",40.638,-104.57,"1971"
"new_RaptorDiets.csv",1394,"Olendorff 1973","Stomach","Stomach+PreyRemains","Accipitriformes","Acciptridae","Aquila","Aquila chrysaetos",NA,"Aves","Galliformes","Phasianus colchicus","Species",NA,5,NA,"USA",40.638,-104.57,"1971"
"new_RaptorDiets.csv",1394,"Olendorff 1973","Stomach","Stomach+PreyRemains","Accipitriformes","Acciptridae","Aquila","Aquila chrysaetos",NA,"Aves","Columbiformes","Zenaida macroura","Species",NA,1,NA,"USA",40.638,-104.57,"1971"
"new_RaptorDiets.csv",1394,"Olendorff 1973","Stomach","Stomach+PreyRemains","Accipitriformes","Acciptridae","Aquila","Aquila chrysaetos",NA,"Aves","Passeriformes","Pica hudsonia","Species",NA,1,NA,"USA",40.638,-104.57,"1971"
"new_RaptorDiets.csv",1403,"Overskaug et al 1995","Stomach","Stomach","Strigiformes","Strigidae","Strix","Strix aluco",NA,"Mammalia","Rodentia","Clethrionomys glareolus","Species",NA,3,NA,"Norway",63.206,10.973,"1990"
"new_RaptorDiets.csv",1403,"Overskaug et al 1995","Stomach","Stomach","Strigiformes","Strigidae","Strix","Strix aluco",NA,"Mammalia","Rodentia","Microtus agrestis","Species",NA,1,NA,"Norway",63.206,10.973,"1990"
"new_RaptorDiets.csv",1403,"Overskaug et al 1995","Stomach","Stomach","Strigiformes","Strigidae","Strix","Strix aluco",NA,"Mammalia","Rodentia","Apodemus flavicollis","Species",NA,2,NA,"Norway",63.206,10.973,"1990"
"new_RaptorDiets.csv",1403,"Overskaug et al 1995","Stomach","Stomach","Strigiformes","Strigidae","Strix","Strix aluco",NA,"Mammalia","Rodentia","Mus musculus","Species",NA,1,NA,"Norway",63.206,10.973,"1990"
"new_RaptorDiets.csv",1403,"Overskaug et al 1995","Stomach","Stomach","Strigiformes","Strigidae","Strix","Strix aluco",NA,"Mammalia","Eulipotyphla","Sorex araneus","Species",NA,3,NA,"Norway",63.206,10.973,"1990"
"new_RaptorDiets.csv",1403,"Overskaug et al 1995","Stomach","Stomach","Strigiformes","Strigidae","Strix","Strix aluco",NA,"Mammalia","Rodentia","Arvicolinae","Subfamily",NA,3,NA,"Norway",63.206,10.973,"1990"
"new_RaptorDiets.csv",1403,"Overskaug et al 1995","Stomach","Stomach","Strigiformes","Strigidae","Strix","Strix aluco",NA,"Aves","Passeriformes","Turdus sp","Genus",NA,1,NA,"Norway",63.206,10.973,"1990"
"new_RaptorDiets.csv",1403,"Overskaug et al 1995","Stomach","Stomach","Strigiformes","Strigidae","Strix","Strix aluco",NA,"Aves","Passeriformes","Passeriformes","Order",NA,1,NA,"Norway",63.206,10.973,"1990"
"new_RaptorDiets.csv",1403,"Overskaug et al 1995","Stomach","Stomach","Strigiformes","Strigidae","Strix","Strix aluco",NA,"Amphibia","Anura","Bufo sp","Genus",NA,1,NA,"Norway",63.206,10.973,"1990"
"new_RaptorDiets.csv",1403,"Overskaug et al 1995","Stomach","Stomach","Strigiformes","Strigidae","Strix","Strix aluco",NA,"Insecta","Coleoptera","Melolontha vulgaris","Species",NA,2,NA,"Norway",63.206,10.973,"1990"
"new_RaptorDiets.csv",1403,"Overskaug et al 1995","Stomach","Stomach","Strigiformes","Strigidae","Strix","Strix aluco",NA,"Insecta","Coleoptera","Cetonia sp","Genus",NA,1,NA,"Norway",63.206,10.973,"1990"
"new_RaptorDiets.csv",1403,"Overskaug et al 1995","Stomach","Stomach","Strigiformes","Strigidae","Strix","Strix aluco",NA,"Insecta","Coleoptera","Cetonia septemunctata","Species",NA,1,NA,"Norway",63.206,10.973,"1990"
"new_RaptorDiets.csv",1403,"Overskaug et al 1995","Stomach","Stomach","Strigiformes","Strigidae","Strix","Strix aluco",NA,"Insecta","Lepidoptera","Lepidoptera","Order",NA,3,NA,"Norway",63.206,10.973,"1990"
"new_RaptorDiets.csv",1404,"Overskaug et al 1995","Stomach","Stomach","Strigiformes","Strigidae","Strix","Strix aluco",NA,"Mammalia","Rodentia","Clethrionomys glareolus","Species",NA,5,NA,"Norway",63.206,10.973,"1990"
"new_RaptorDiets.csv",1404,"Overskaug et al 1995","Stomach","Stomach","Strigiformes","Strigidae","Strix","Strix aluco",NA,"Mammalia","Rodentia","Microtus agrestis","Species",NA,3,NA,"Norway",63.206,10.973,"1990"
"new_RaptorDiets.csv",1404,"Overskaug et al 1995","Stomach","Stomach","Strigiformes","Strigidae","Strix","Strix aluco",NA,"Mammalia","Rodentia","Apodemus flavicollis","Species",NA,8,NA,"Norway",63.206,10.973,"1990"
"new_RaptorDiets.csv",1404,"Overskaug et al 1995","Stomach","Stomach","Strigiformes","Strigidae","Strix","Strix aluco",NA,"Mammalia","Eulipotyphla","Sorex araneus","Species",NA,2,NA,"Norway",63.206,10.973,"1990"
"new_RaptorDiets.csv",1404,"Overskaug et al 1995","Stomach","Stomach","Strigiformes","Strigidae","Strix","Strix aluco",NA,"Mammalia","Rodentia","Rattus norvegicus","Species",NA,3,NA,"Norway",63.206,10.973,"1990"
"new_RaptorDiets.csv",1404,"Overskaug et al 1995","Stomach","Stomach","Strigiformes","Strigidae","Strix","Strix aluco",NA,"Mammalia","Rodentia","Arvicolinae","Subfamily",NA,5,NA,"Norway",63.206,10.973,"1990"
"new_RaptorDiets.csv",1404,"Overskaug et al 1995","Stomach","Stomach","Strigiformes","Strigidae","Strix","Strix aluco",NA,"Aves","Passeriformes","Regulus regulus","Species",NA,2,NA,"Norway",63.206,10.973,"1990"
"new_RaptorDiets.csv",1404,"Overskaug et al 1995","Stomach","Stomach","Strigiformes","Strigidae","Strix","Strix aluco",NA,"Aves","Passeriformes","Turdus sp","Genus",NA,3,NA,"Norway",63.206,10.973,"1990"
"new_RaptorDiets.csv",1404,"Overskaug et al 1995","Stomach","Stomach","Strigiformes","Strigidae","Strix","Strix aluco",NA,"Aves","Strigiformes","Glaucidium passerinum","Species",NA,1,NA,"Norway",63.206,10.973,"1990"
"new_RaptorDiets.csv",1404,"Overskaug et al 1995","Stomach","Stomach","Strigiformes","Strigidae","Strix","Strix aluco",NA,"Insecta","Coleoptera","Melolontha vulgaris","Species",NA,1,NA,"Norway",63.206,10.973,"1990"
"new_RaptorDiets.csv",1404,"Overskaug et al 1995","Stomach","Stomach","Strigiformes","Strigidae","Strix","Strix aluco",NA,"Insecta","Coleoptera","Coleoptera","Order",NA,2,NA,"Norway",63.206,10.973,"1990"
"new_RaptorDiets.csv",1404,"Overskaug et al 1995","Stomach","Stomach","Strigiformes","Strigidae","Strix","Strix aluco",NA,"Insecta","Lepidoptera","Lepidoptera","Order",NA,4,NA,"Norway",63.206,10.973,"1990"
"new_RaptorDiets.csv",1405,"Overskaug et al 1995","Stomach","Stomach","Strigiformes","Strigidae","Strix","Strix aluco",NA,"Mammalia","Rodentia","Clethrionomys glareolus","Species",NA,6,NA,"Norway",63.206,10.973,"1990"
"new_RaptorDiets.csv",1405,"Overskaug et al 1995","Stomach","Stomach","Strigiformes","Strigidae","Strix","Strix aluco",NA,"Mammalia","Rodentia","Microtus agrestis","Species",NA,12,NA,"Norway",63.206,10.973,"1990"
"new_RaptorDiets.csv",1405,"Overskaug et al 1995","Stomach","Stomach","Strigiformes","Strigidae","Strix","Strix aluco",NA,"Mammalia","Rodentia","Apodemus flavicollis","Species",NA,15,NA,"Norway",63.206,10.973,"1990"
"new_RaptorDiets.csv",1405,"Overskaug et al 1995","Stomach","Stomach","Strigiformes","Strigidae","Strix","Strix aluco",NA,"Mammalia","Eulipotyphla","Sorex araneus","Species",NA,6,NA,"Norway",63.206,10.973,"1990"
"new_RaptorDiets.csv",1405,"Overskaug et al 1995","Stomach","Stomach","Strigiformes","Strigidae","Strix","Strix aluco",NA,"Mammalia","Rodentia","Arvicolinae","Subfamily",NA,5,NA,"Norway",63.206,10.973,"1990"
"new_RaptorDiets.csv",1405,"Overskaug et al 1995","Stomach","Stomach","Strigiformes","Strigidae","Strix","Strix aluco",NA,"Aves","Passeriformes","Turdus merula","Species",NA,1,NA,"Norway",63.206,10.973,"1990"
"new_RaptorDiets.csv",1405,"Overskaug et al 1995","Stomach","Stomach","Strigiformes","Strigidae","Strix","Strix aluco",NA,"Aves","Passeriformes","Turdus sp","Genus",NA,2,NA,"Norway",63.206,10.973,"1990"
"new_RaptorDiets.csv",1405,"Overskaug et al 1995","Stomach","Stomach","Strigiformes","Strigidae","Strix","Strix aluco",NA,"Aves","Passeriformes","Passeriformes","Order",NA,2,NA,"Norway",63.206,10.973,"1990"
"new_RaptorDiets.csv",1405,"Overskaug et al 1995","Stomach","Stomach","Strigiformes","Strigidae","Strix","Strix aluco",NA,"Insecta","Coleoptera","Cetonia sp","Genus",NA,1,NA,"Norway",63.206,10.973,"1990"
"new_RaptorDiets.csv",1405,"Overskaug et al 1995","Stomach","Stomach","Strigiformes","Strigidae","Strix","Strix aluco",NA,"Insecta","Orthoptera","Orthoptera","Order",NA,2,NA,"Norway",63.206,10.973,"1990"
"new_RaptorDiets.csv",1405,"Overskaug et al 1995","Stomach","Stomach","Strigiformes","Strigidae","Strix","Strix aluco",NA,"Insecta","Lepidoptera","Lepidoptera","Order",NA,61,NA,"Norway",63.206,10.973,"1990"
"new_RaptorDiets.csv",1406,"Overskaug et al 1995","Stomach","Stomach","Strigiformes","Strigidae","Strix","Strix aluco",NA,"Mammalia","Rodentia","Clethrionomys glareolus","Species",NA,9,NA,"Norway",63.206,10.973,"1990"
"new_RaptorDiets.csv",1406,"Overskaug et al 1995","Stomach","Stomach","Strigiformes","Strigidae","Strix","Strix aluco",NA,"Mammalia","Rodentia","Microtus agrestis","Species",NA,18,NA,"Norway",63.206,10.973,"1990"
"new_RaptorDiets.csv",1406,"Overskaug et al 1995","Stomach","Stomach","Strigiformes","Strigidae","Strix","Strix aluco",NA,"Mammalia","Rodentia","Apodemus flavicollis","Species",NA,11,NA,"Norway",63.206,10.973,"1990"
"new_RaptorDiets.csv",1406,"Overskaug et al 1995","Stomach","Stomach","Strigiformes","Strigidae","Strix","Strix aluco",NA,"Mammalia","Rodentia","Mus musculus","Species",NA,4,NA,"Norway",63.206,10.973,"1990"
"new_RaptorDiets.csv",1406,"Overskaug et al 1995","Stomach","Stomach","Strigiformes","Strigidae","Strix","Strix aluco",NA,"Mammalia","Eulipotyphla","Sorex araneus","Species",NA,5,NA,"Norway",63.206,10.973,"1990"
"new_RaptorDiets.csv",1406,"Overskaug et al 1995","Stomach","Stomach","Strigiformes","Strigidae","Strix","Strix aluco",NA,"Mammalia","Eulipotyphla","Neomys fodiens","Species",NA,1,NA,"Norway",63.206,10.973,"1990"
"new_RaptorDiets.csv",1406,"Overskaug et al 1995","Stomach","Stomach","Strigiformes","Strigidae","Strix","Strix aluco",NA,"Mammalia","Rodentia","Arvicolinae","Subfamily",NA,6,NA,"Norway",63.206,10.973,"1990"
"new_RaptorDiets.csv",1406,"Overskaug et al 1995","Stomach","Stomach","Strigiformes","Strigidae","Strix","Strix aluco",NA,"Aves","Passeriformes","Regulus regulus","Species",NA,1,NA,"Norway",63.206,10.973,"1990"
"new_RaptorDiets.csv",1406,"Overskaug et al 1995","Stomach","Stomach","Strigiformes","Strigidae","Strix","Strix aluco",NA,"Aves","Passeriformes","Turdus sp","Genus",NA,2,NA,"Norway",63.206,10.973,"1990"
"new_RaptorDiets.csv",1406,"Overskaug et al 1995","Stomach","Stomach","Strigiformes","Strigidae","Strix","Strix aluco",NA,"Aves","Passeriformes","Passeriformes","Order",NA,2,NA,"Norway",63.206,10.973,"1990"
"new_RaptorDiets.csv",1406,"Overskaug et al 1995","Stomach","Stomach","Strigiformes","Strigidae","Strix","Strix aluco",NA,"Aves","Strigiformes","Glaucidium passerinum","Species",NA,1,NA,"Norway",63.206,10.973,"1990"
"new_RaptorDiets.csv",1406,"Overskaug et al 1995","Stomach","Stomach","Strigiformes","Strigidae","Strix","Strix aluco",NA,"Insecta","Coleoptera","Coleoptera","Order",NA,1,NA,"Norway",63.206,10.973,"1990"
"new_RaptorDiets.csv",1406,"Overskaug et al 1995","Stomach","Stomach","Strigiformes","Strigidae","Strix","Strix aluco",NA,"Insecta","Orthoptera","Orthoptera","Order",NA,1,NA,"Norway",63.206,10.973,"1990"
"new_RaptorDiets.csv",1406,"Overskaug et al 1995","Stomach","Stomach","Strigiformes","Strigidae","Strix","Strix aluco",NA,"Insecta","Lepidoptera","Lepidoptera","Order",NA,32,NA,"Norway",63.206,10.973,"1990"
"new_RaptorDiets.csv",1591,"Sutton 1939","Stomach","Stomach","Accipitriformes","Acciptridae","Ictinia","Ictinia mississippiensis",NA,"Insecta","Orthoptera","Daihinia brevipes","Species",NA,60,NA,"USA",36.317,-99.002,"1936.5"
"new_RaptorDiets.csv",1591,"Sutton 1939","Stomach","Stomach","Accipitriformes","Acciptridae","Ictinia","Ictinia mississippiensis",NA,"Insecta","Coleoptera","Carabidae","Family",NA,6,NA,"USA",36.317,-99.002,"1936.5"
"new_RaptorDiets.csv",1591,"Sutton 1939","Stomach","Stomach","Accipitriformes","Acciptridae","Ictinia","Ictinia mississippiensis",NA,"Osteichthyes","","Osteichthyes","Superclass",NA,1,NA,"USA",36.317,-99.002,"1936.5"
"new_RaptorDiets.csv",1591,"Sutton 1939","Stomach","Stomach","Accipitriformes","Acciptridae","Ictinia","Ictinia mississippiensis",NA,"Insecta","Orthoptera","Acrididae","Family",NA,8,NA,"USA",36.317,-99.002,"1936.5"
"new_RaptorDiets.csv",1591,"Sutton 1939","Stomach","Stomach","Accipitriformes","Acciptridae","Ictinia","Ictinia mississippiensis",NA,"Insecta","Coleoptera","Phanaeus difformis","Species",NA,6,NA,"USA",36.317,-99.002,"1936.5"
"new_RaptorDiets.csv",1591,"Sutton 1939","Stomach","Stomach","Accipitriformes","Acciptridae","Ictinia","Ictinia mississippiensis",NA,"Insecta","Coleoptera","Canthon sp","Genus",NA,4,NA,"USA",36.317,-99.002,"1936.5"
"new_RaptorDiets.csv",1591,"Sutton 1939","Stomach","Stomach","Accipitriformes","Acciptridae","Ictinia","Ictinia mississippiensis",NA,"Insecta","Family","Locustidae","Family",NA,1,NA,"USA",36.317,-99.002,"1936.5"
"new_RaptorDiets.csv",1591,"Sutton 1939","Stomach","Stomach","Accipitriformes","Acciptridae","Ictinia","Ictinia mississippiensis",NA,"Insecta","Hemiptera","Pentatomidae","Family",NA,3,NA,"USA",36.317,-99.002,"1936.5"
"new_RaptorDiets.csv",1591,"Sutton 1939","Stomach","Stomach","Accipitriformes","Acciptridae","Ictinia","Ictinia mississippiensis",NA,"Insecta","Hymenoptera","Hymenoptera","Order",NA,4,NA,"USA",36.317,-99.002,"1936.5"
"new_RaptorDiets.csv",1591,"Sutton 1939","Stomach","Stomach","Accipitriformes","Acciptridae","Ictinia","Ictinia mississippiensis",NA,"Insecta","Coleoptera","Tropisternus lateralis","Species",NA,1,NA,"USA",36.317,-99.002,"1936.5"
"new_RaptorDiets.csv",1591,"Sutton 1939","Stomach","Stomach","Accipitriformes","Acciptridae","Ictinia","Ictinia mississippiensis",NA,"Insecta","Coleoptera","Cerambycidae","Family",NA,2,NA,"USA",36.317,-99.002,"1936.5"
"new_RaptorDiets.csv",1591,"Sutton 1939","Stomach","Stomach","Accipitriformes","Acciptridae","Ictinia","Ictinia mississippiensis",NA,"Insecta","Coleoptera","Geopinus incrassatus","Species",NA,2,NA,"USA",36.317,-99.002,"1936.5"
"new_RaptorDiets.csv",1591,"Sutton 1939","Stomach","Stomach","Accipitriformes","Acciptridae","Ictinia","Ictinia mississippiensis",NA,"Insecta","Hymenoptera","Pompilidae","Family",NA,1,NA,"USA",36.317,-99.002,"1936.5"
"new_RaptorDiets.csv",1591,"Sutton 1939","Stomach","Stomach","Accipitriformes","Acciptridae","Ictinia","Ictinia mississippiensis",NA,"Insecta","Hymenoptera","Odynerus sp","Genus",NA,1,NA,"USA",36.317,-99.002,"1936.5"
"new_RaptorDiets.csv",1591,"Sutton 1939","Stomach","Stomach","Accipitriformes","Acciptridae","Ictinia","Ictinia mississippiensis",NA,"Insecta","Hemiptera","Geocoris sp","Genus",NA,1,NA,"USA",36.317,-99.002,"1936.5"
"new_RaptorDiets.csv",1591,"Sutton 1939","Stomach","Stomach","Accipitriformes","Acciptridae","Ictinia","Ictinia mississippiensis",NA,"Insecta","Lepidoptera","Sphingidae","Family",NA,3,NA,"USA",36.317,-99.002,"1936.5"
"new_RaptorDiets.csv",1591,"Sutton 1939","Stomach","Stomach","Accipitriformes","Acciptridae","Ictinia","Ictinia mississippiensis",NA,"Insecta","Lepidoptera","Lepidoptera","Order",NA,1,NA,"USA",36.317,-99.002,"1936.5"
"new_RaptorDiets.csv",1591,"Sutton 1939","Stomach","Stomach","Accipitriformes","Acciptridae","Ictinia","Ictinia mississippiensis",NA,"Insecta","Orthoptera","Hippiscus ocelote","Species",NA,3,NA,"USA",36.317,-99.002,"1936.5"
"new_RaptorDiets.csv",1591,"Sutton 1939","Stomach","Stomach","Accipitriformes","Acciptridae","Ictinia","Ictinia mississippiensis",NA,"Insecta","Coleoptera","Nicrophorus sp","Genus",NA,4,NA,"USA",36.317,-99.002,"1936.5"
"new_RaptorDiets.csv",1591,"Sutton 1939","Stomach","Stomach","Accipitriformes","Acciptridae","Ictinia","Ictinia mississippiensis",NA,"Insecta","Coleoptera","Phyllophaga sp","Genus",NA,1,NA,"USA",36.317,-99.002,"1936.5"
"new_RaptorDiets.csv",1591,"Sutton 1939","Stomach","Stomach","Accipitriformes","Acciptridae","Ictinia","Ictinia mississippiensis",NA,"Insecta","Coleoptera","Cicindela sp","Genus",NA,4,NA,"USA",36.317,-99.002,"1936.5"
"new_RaptorDiets.csv",1591,"Sutton 1939","Stomach","Stomach","Accipitriformes","Acciptridae","Ictinia","Ictinia mississippiensis",NA,"Insecta","Coleoptera","Selenophorus sp","Genus",NA,13,NA,"USA",36.317,-99.002,"1936.5"
"new_RaptorDiets.csv",1591,"Sutton 1939","Stomach","Stomach","Accipitriformes","Acciptridae","Ictinia","Ictinia mississippiensis",NA,"Insecta","Coleoptera","Anisodactylus sp","Genus",NA,9,NA,"USA",36.317,-99.002,"1936.5"
"new_RaptorDiets.csv",1591,"Sutton 1939","Stomach","Stomach","Accipitriformes","Acciptridae","Ictinia","Ictinia mississippiensis",NA,"Insecta","Coleoptera","Staphylinidae","Family",NA,1,NA,"USA",36.317,-99.002,"1936.5"
"new_RaptorDiets.csv",1591,"Sutton 1939","Stomach","Stomach","Accipitriformes","Acciptridae","Ictinia","Ictinia mississippiensis",NA,"Insecta","Hemiptera","Euschistus variolarius","Species",NA,1,NA,"USA",36.317,-99.002,"1936.5"
"new_RaptorDiets.csv",1591,"Sutton 1939","Stomach","Stomach","Accipitriformes","Acciptridae","Ictinia","Ictinia mississippiensis",NA,"Insecta","Hemiptera","Thyanta custator","Species",NA,1,NA,"USA",36.317,-99.002,"1936.5"
"new_RaptorDiets.csv",1591,"Sutton 1939","Stomach","Stomach","Accipitriformes","Acciptridae","Ictinia","Ictinia mississippiensis",NA,"Insecta","Diptera","Dasyllus sp","Genus",NA,3,NA,"USA",36.317,-99.002,"1936.5"
"new_RaptorDiets.csv",1591,"Sutton 1939","Stomach","Stomach","Accipitriformes","Acciptridae","Ictinia","Ictinia mississippiensis",NA,"Insecta","Hymenoptera","Stizus unicinctus","Species",NA,2,NA,"USA",36.317,-99.002,"1936.5"
"new_RaptorDiets.csv",1591,"Sutton 1939","Stomach","Stomach","Accipitriformes","Acciptridae","Ictinia","Ictinia mississippiensis",NA,"Insecta","Orthoptera","Trimerotropis sp","Genus",NA,2,NA,"USA",36.317,-99.002,"1936.5"
"new_RaptorDiets.csv",1591,"Sutton 1939","Stomach","Stomach","Accipitriformes","Acciptridae","Ictinia","Ictinia mississippiensis",NA,"Insecta","Orthoptera","Melanoplus sp","Genus",NA,128,NA,"USA",36.317,-99.002,"1936.5"
"new_RaptorDiets.csv",1591,"Sutton 1939","Stomach","Stomach","Accipitriformes","Acciptridae","Ictinia","Ictinia mississippiensis",NA,"Insecta","Hemiptera","Chlorochroa ligata","Species",NA,1,NA,"USA",36.317,-99.002,"1936.5"
"new_RaptorDiets.csv",1591,"Sutton 1939","Stomach","Stomach","Accipitriformes","Acciptridae","Ictinia","Ictinia mississippiensis",NA,"Insecta","Hemiptera","Thyanta custator","Species",NA,1,NA,"USA",36.317,-99.002,"1936.5"
"new_RaptorDiets.csv",1591,"Sutton 1939","Stomach","Stomach","Accipitriformes","Acciptridae","Ictinia","Ictinia mississippiensis",NA,"Insecta","Hemiptera","Peribalus limbolarius","Species",NA,1,NA,"USA",36.317,-99.002,"1936.5"
"new_RaptorDiets.csv",1591,"Sutton 1939","Stomach","Stomach","Accipitriformes","Acciptridae","Ictinia","Ictinia mississippiensis",NA,"Insecta","Coleoptera","Dermestes sp","Genus",NA,1,NA,"USA",36.317,-99.002,"1936.5"
"new_RaptorDiets.csv",1591,"Sutton 1939","Stomach","Stomach","Accipitriformes","Acciptridae","Ictinia","Ictinia mississippiensis",NA,"Insecta","Coleoptera","Calosoma sp","Genus",NA,3,NA,"USA",36.317,-99.002,"1936.5"
"new_RaptorDiets.csv",1591,"Sutton 1939","Stomach","Stomach","Accipitriformes","Acciptridae","Ictinia","Ictinia mississippiensis",NA,"Insecta","Coleoptera","Lixus sp","Genus",NA,1,NA,"USA",36.317,-99.002,"1936.5"
"new_RaptorDiets.csv",1591,"Sutton 1939","Stomach","Stomach","Accipitriformes","Acciptridae","Ictinia","Ictinia mississippiensis",NA,"Insecta","Coleoptera","Rhodobaenus tredecempunctatus","Species",NA,1,NA,"USA",36.317,-99.002,"1936.5"
"new_RaptorDiets.csv",1591,"Sutton 1939","Stomach","Stomach","Accipitriformes","Acciptridae","Ictinia","Ictinia mississippiensis",NA,"Insecta","Hymenoptera","Elis quinquecincta","Species",NA,2,NA,"USA",36.317,-99.002,"1936.5"
"new_RaptorDiets.csv",1591,"Sutton 1939","Stomach","Stomach","Accipitriformes","Acciptridae","Ictinia","Ictinia mississippiensis",NA,"Insecta","Hemiptera","Leptoglossus sp","Genus",NA,21,NA,"USA",36.317,-99.002,"1936.5"
"new_RaptorDiets.csv",1591,"Sutton 1939","Stomach","Stomach","Accipitriformes","Acciptridae","Ictinia","Ictinia mississippiensis",NA,"Insecta","Hemiptera","Euschistus sp","Genus",NA,9,NA,"USA",36.317,-99.002,"1936.5"
"new_RaptorDiets.csv",1591,"Sutton 1939","Stomach","Stomach","Accipitriformes","Acciptridae","Ictinia","Ictinia mississippiensis",NA,"Insecta","Diptera","Diptera","Order",NA,1,NA,"USA",36.317,-99.002,"1936.5"
"new_RaptorDiets.csv",1591,"Sutton 1939","Stomach","Stomach","Accipitriformes","Acciptridae","Ictinia","Ictinia mississippiensis",NA,"Insecta","Hymenoptera","Sphecidae","Family",NA,2,NA,"USA",36.317,-99.002,"1936.5"
"new_RaptorDiets.csv",1591,"Sutton 1939","Stomach","Stomach","Accipitriformes","Acciptridae","Ictinia","Ictinia mississippiensis",NA,"Insecta","Coleoptera","Platynus sp","Species",NA,5,NA,"USA",36.317,-99.002,"1936.5"
"new_RaptorDiets.csv",1591,"Sutton 1939","Stomach","Stomach","Accipitriformes","Acciptridae","Ictinia","Ictinia mississippiensis",NA,"Insecta","Orthoptera","Oedipodinae","Subfamily",NA,5,NA,"USA",36.317,-99.002,"1936.5"
"new_RaptorDiets.csv",1591,"Sutton 1939","Stomach","Stomach","Accipitriformes","Acciptridae","Ictinia","Ictinia mississippiensis",NA,"Insecta","Coleoptera","Dytiscidae","Family",NA,2,NA,"USA",36.317,-99.002,"1936.5"
"new_RaptorDiets.csv",1591,"Sutton 1939","Stomach","Stomach","Accipitriformes","Acciptridae","Ictinia","Ictinia mississippiensis",NA,"Insecta","Coleoptera","Scarabaeidae","Family",NA,1,NA,"USA",36.317,-99.002,"1936.5"
"new_RaptorDiets.csv",1591,"Sutton 1939","Stomach","Stomach","Accipitriformes","Acciptridae","Ictinia","Ictinia mississippiensis",NA,"Insecta","Hymenoptera","Formicidae","Family",NA,1,NA,"USA",36.317,-99.002,"1936.5"
"new_RaptorDiets.csv",1591,"Sutton 1939","Stomach","Stomach","Accipitriformes","Acciptridae","Ictinia","Ictinia mississippiensis",NA,"Insecta","Hemiptera","Nezara sp","Species",NA,6,NA,"USA",36.317,-99.002,"1936.5"
"new_RaptorDiets.csv",1591,"Sutton 1939","Stomach","Stomach","Accipitriformes","Acciptridae","Ictinia","Ictinia mississippiensis",NA,"Insecta","Hemiptera","Coreidae","Family",NA,1,NA,"USA",36.317,-99.002,"1936.5"
"new_RaptorDiets.csv",1591,"Sutton 1939","Stomach","Stomach","Accipitriformes","Acciptridae","Ictinia","Ictinia mississippiensis",NA,"Insecta","Diptera","Asilidae","Species",NA,2,NA,"USA",36.317,-99.002,"1936.5"
"new_RaptorDiets.csv",1591,"Sutton 1939","Stomach","Stomach","Accipitriformes","Acciptridae","Ictinia","Ictinia mississippiensis",NA,"Insecta","Coleoptera","Harpalus sp","Genus",NA,2,NA,"USA",36.317,-99.002,"1936.5"
"new_RaptorDiets.csv",1591,"Sutton 1939","Stomach","Stomach","Accipitriformes","Acciptridae","Ictinia","Ictinia mississippiensis",NA,"Insecta","Coleoptera","Curculionidae","Family",NA,1,NA,"USA",36.317,-99.002,"1936.5"
"new_RaptorDiets.csv",1591,"Sutton 1939","Stomach","Stomach","Accipitriformes","Acciptridae","Ictinia","Ictinia mississippiensis",NA,"Insecta","Hymenoptera","Vespidae","Family",NA,1,NA,"USA",36.317,-99.002,"1936.5"
"new_RaptorDiets.csv",1591,"Sutton 1939","Stomach","Stomach","Accipitriformes","Acciptridae","Ictinia","Ictinia mississippiensis",NA,"Insecta","Hymenoptera","Polistes sp","Genus",NA,1,NA,"USA",36.317,-99.002,"1936.5"
"new_RaptorDiets.csv",1591,"Sutton 1939","Stomach","Stomach","Accipitriformes","Acciptridae","Ictinia","Ictinia mississippiensis",NA,"Insecta","Hymenoptera","Andrena sp","Genus",NA,2,NA,"USA",36.317,-99.002,"1936.5"
"new_RaptorDiets.csv",1591,"Sutton 1939","Stomach","Stomach","Accipitriformes","Acciptridae","Ictinia","Ictinia mississippiensis",NA,"Insecta","Coleoptera","Copris sp","Genus",NA,1,NA,"USA",36.317,-99.002,"1936.5"
"new_RaptorDiets.csv",1591,"Sutton 1939","Stomach","Stomach","Accipitriformes","Acciptridae","Ictinia","Ictinia mississippiensis",NA,"Insecta","Coleoptera","Calosoma obsoletum","Species",NA,2,NA,"USA",36.317,-99.002,"1936.5"
"new_RaptorDiets.csv",1591,"Sutton 1939","Stomach","Stomach","Accipitriformes","Acciptridae","Ictinia","Ictinia mississippiensis",NA,"Insecta","Coleoptera","Amara sp","Genus",NA,1,NA,"USA",36.317,-99.002,"1936.5"
"new_RaptorDiets.csv",1591,"Sutton 1939","Stomach","Stomach","Accipitriformes","Acciptridae","Ictinia","Ictinia mississippiensis",NA,"Insecta","Coleoptera","Hister sp","Genus",NA,1,NA,"USA",36.317,-99.002,"1936.5"
"new_RaptorDiets.csv",1591,"Sutton 1939","Stomach","Stomach","Accipitriformes","Acciptridae","Ictinia","Ictinia mississippiensis",NA,"Insecta","Hymenoptera","Halictidae","Family",NA,1,NA,"USA",36.317,-99.002,"1936.5"
"new_RaptorDiets.csv",1646,"Woodgerd 1952","Stomach","Stomach","Accipitriformes","Acciptridae","Aquila","Aquila chrysaetos",NA,"Mammalia","Lagomorpha","Lepus townsendii","Species",NA,26,NA,"USA",45.492,-104.561,"1948"
"new_RaptorDiets.csv",1646,"Woodgerd 1952","Stomach","Stomach","Accipitriformes","Acciptridae","Aquila","Aquila chrysaetos",NA,"Mammalia","Artiodactyla","Antilocapra americana","Species",NA,3,NA,"USA",45.492,-104.561,"1948"
"new_RaptorDiets.csv",1646,"Woodgerd 1952","Stomach","Stomach","Accipitriformes","Acciptridae","Aquila","Aquila chrysaetos",NA,"Mammalia","Artiodactyla","Ovis aries","Species",NA,4,NA,"USA",45.492,-104.561,"1948"
"new_RaptorDiets.csv",1646,"Woodgerd 1952","Stomach","Stomach","Accipitriformes","Acciptridae","Aquila","Aquila chrysaetos",NA,"Aves","Galliformes","Pedioecetes phasianellus","Species",NA,1,NA,"USA",45.492,-104.561,"1948"
"new_RaptorDiets.csv",1646,"Woodgerd 1952","Stomach","Stomach","Accipitriformes","Acciptridae","Aquila","Aquila chrysaetos",NA,"Mammalia","Rodentia","Cynomys ludovicianus","Species",NA,2,NA,"USA",45.492,-104.561,"1948"
"new_RaptorDiets.csv",1646,"Woodgerd 1952","Stomach","Stomach","Accipitriformes","Acciptridae","Aquila","Aquila chrysaetos",NA,"Mammalia","Lagomorpha","Sylvilagus sp","Genus",NA,4,NA,"USA",45.492,-104.561,"1948"
"new_RaptorDiets.csv",1646,"Woodgerd 1952","Stomach","Stomach","Accipitriformes","Acciptridae","Aquila","Aquila chrysaetos",NA,"Mammalia","Rodentia","Microtus sp","Genus",NA,6,NA,"USA",45.492,-104.561,"1948"
"new_RaptorDiets.csv",1646,"Woodgerd 1952","Stomach","Stomach","Accipitriformes","Acciptridae","Aquila","Aquila chrysaetos",NA,"Mammalia","Rodentia","Peromyscus sp","Genus",NA,4,NA,"USA",45.492,-104.561,"1948"
"new_RaptorDiets.csv",1646,"Woodgerd 1952","Stomach","Stomach","Accipitriformes","Acciptridae","Aquila","Aquila chrysaetos",NA,"Mammalia","Rodentia","Sciuridae","Family",NA,1,NA,"USA",45.492,-104.561,"1948"
"new_RaptorDiets.csv",1646,"Woodgerd 1952","Stomach","Stomach","Accipitriformes","Acciptridae","Aquila","Aquila chrysaetos",NA,"Aves","Galliformes","Phasianus colchicus","Species",NA,1,NA,"USA",45.492,-104.561,"1948"
"new_RaptorDiets.csv",1646,"Woodgerd 1952","Stomach","Stomach","Accipitriformes","Acciptridae","Aquila","Aquila chrysaetos",NA,"Mammalia","Lagomorpha","Lepus californicus","Species",NA,4,NA,"USA",45.492,-104.561,"1948"
"new_RaptorDiets.csv",1646,"Woodgerd 1952","Stomach","Stomach","Accipitriformes","Acciptridae","Aquila","Aquila chrysaetos",NA,"Aves","","Aves","Class",NA,2,NA,"USA",45.492,-104.561,"1948"
"new_RaptorDiets.csv",1646,"Woodgerd 1952","Stomach","Stomach","Accipitriformes","Acciptridae","Aquila","Aquila chrysaetos",NA,"Mammalia","Rodentia","Geomyidae","Family",NA,1,NA,"USA",45.492,-104.561,"1948"
"new_RaptorDiets.csv",1646,"Woodgerd 1952","Stomach","Stomach","Accipitriformes","Acciptridae","Aquila","Aquila chrysaetos",NA,"Mammalia","Rodentia","Muridae","Family",NA,1,NA,"USA",45.492,-104.561,"1948"
"new_RaptorDiets.csv",1664,"Yanez et al 1982","Stomach","Stomach","Falconiformes","Falconidae","Phalcoboenus","Milvago chimango",NA,"Mammalia","Rodentia","Rodentia","Order",NA,15,NA,"Chile",-33.433,-70.783,"1979.5"
"new_RaptorDiets.csv",1664,"Yanez et al 1982","Stomach","Stomach","Falconiformes","Falconidae","Phalcoboenus","Milvago chimango",NA,"Aves","Passeriformes","Passeriformes","Order",NA,7,NA,"Chile",-33.433,-70.783,"1979.5"
"new_RaptorDiets.csv",1664,"Yanez et al 1982","Stomach","Stomach","Falconiformes","Falconidae","Phalcoboenus","Milvago chimango",NA,"Reptilia","Squamata","Liolaemus sp","Genus",NA,19,NA,"Chile",-33.433,-70.783,"1979.5"
"new_RaptorDiets.csv",1664,"Yanez et al 1982","Stomach","Stomach","Falconiformes","Falconidae","Phalcoboenus","Milvago chimango",NA,"Insecta","Coleoptera","Coleoptera","Order",NA,274,NA,"Chile",-33.433,-70.783,"1979.5"
"new_RaptorDiets.csv",1664,"Yanez et al 1982","Stomach","Stomach","Falconiformes","Falconidae","Phalcoboenus","Milvago chimango",NA,"Insecta","Dermaptera","Dermaptera","Order",NA,1,NA,"Chile",-33.433,-70.783,"1979.5"
"new_RaptorDiets.csv",1664,"Yanez et al 1982","Stomach","Stomach","Falconiformes","Falconidae","Phalcoboenus","Milvago chimango",NA,"Insecta","Diptera","Diptera","Order",NA,3,NA,"Chile",-33.433,-70.783,"1979.5"
"new_RaptorDiets.csv",1664,"Yanez et al 1982","Stomach","Stomach","Falconiformes","Falconidae","Phalcoboenus","Milvago chimango",NA,"Insecta","Hymenoptera","Hymenoptera","Order",NA,2,NA,"Chile",-33.433,-70.783,"1979.5"
"new_RaptorDiets.csv",1664,"Yanez et al 1982","Stomach","Stomach","Falconiformes","Falconidae","Phalcoboenus","Milvago chimango",NA,"Insecta","Lepidoptera","Lepidoptera","Order",NA,12,NA,"Chile",-33.433,-70.783,"1979.5"
"new_RaptorDiets.csv",1664,"Yanez et al 1982","Stomach","Stomach","Falconiformes","Falconidae","Phalcoboenus","Milvago chimango",NA,"Insecta","Odonata","Odonata","Order",NA,4,NA,"Chile",-33.433,-70.783,"1979.5"
"new_RaptorDiets.csv",1664,"Yanez et al 1982","Stomach","Stomach","Falconiformes","Falconidae","Phalcoboenus","Milvago chimango",NA,"Insecta","Orthoptera","Orthoptera","Order",NA,22,NA,"Chile",-33.433,-70.783,"1979.5"
"new_RaptorDiets.csv",1664,"Yanez et al 1982","Stomach","Stomach","Falconiformes","Falconidae","Phalcoboenus","Milvago chimango",NA,"Insecta","","Insecta","Class",NA,6,NA,"Chile",-33.433,-70.783,"1979.5"
"new_RaptorDiets.csv",1664,"Yanez et al 1982","Stomach","Stomach","Falconiformes","Falconidae","Phalcoboenus","Milvago chimango",NA,"Arachnida","Scorpiones","Scorpionidae","Family",NA,3,NA,"Chile",-33.433,-70.783,"1979.5"
"new_RaptorDiets.csv",1736,"Korschgen and Stuart 1972","Stomach","Stomach+Pellet","Strigiformes","Strigidae","Bubo","Bubo virginianus",NA,"Mammalia","Lagomorpha","Sylvilagus floridanus","Species",NA,3284,NA,"USA",38.669,-94.199,"1958.5"
"new_RaptorDiets.csv",1736,"Korschgen and Stuart 1972","Stomach","Stomach+Pellet","Strigiformes","Strigidae","Bubo","Bubo virginianus",NA,"Mammalia","Rodentia","Sigmodon hispidus","Species",NA,800,NA,"USA",38.669,-94.199,"1958.5"
"new_RaptorDiets.csv",1736,"Korschgen and Stuart 1972","Stomach","Stomach+Pellet","Strigiformes","Strigidae","Bubo","Bubo virginianus",NA,"Mammalia","Rodentia","Microtus pennsylvanicus","Species",NA,781,NA,"USA",38.669,-94.199,"1958.5"
"new_RaptorDiets.csv",1736,"Korschgen and Stuart 1972","Stomach","Stomach+Pellet","Strigiformes","Strigidae","Bubo","Bubo virginianus",NA,"Mammalia","Rodentia","Peromyscus leucopus","Species",NA,781,NA,"USA",38.669,-94.199,"1958.5"
"new_RaptorDiets.csv",1736,"Korschgen and Stuart 1972","Stomach","Stomach+Pellet","Strigiformes","Strigidae","Bubo","Bubo virginianus",NA,"Aves","Passeriformes","Passeriformes","Order",NA,502,NA,"USA",38.669,-94.199,"1958.5"
"new_RaptorDiets.csv",1736,"Korschgen and Stuart 1972","Stomach","Stomach+Pellet","Strigiformes","Strigidae","Bubo","Bubo virginianus",NA,"Mammalia","Rodentia","Rattus norvegicus","Species",NA,79,NA,"USA",38.669,-94.199,"1958.5"
"new_RaptorDiets.csv",1736,"Korschgen and Stuart 1972","Stomach","Stomach+Pellet","Strigiformes","Strigidae","Bubo","Bubo virginianus",NA,"Aves","","Aves","Class",NA,65,NA,"USA",38.669,-94.199,"1958.5"
"new_RaptorDiets.csv",1736,"Korschgen and Stuart 1972","Stomach","Stomach+Pellet","Strigiformes","Strigidae","Bubo","Bubo virginianus",NA,"Insecta","","Insecta","Class",NA,123,NA,"USA",38.669,-94.199,"1958.5"
"new_RaptorDiets.csv",1736,"Korschgen and Stuart 1972","Stomach","Stomach+Pellet","Strigiformes","Strigidae","Bubo","Bubo virginianus",NA,"Insecta","Orthoptera","Acrididae","Family",NA,1,NA,"USA",38.669,-94.199,"1958.5"
"new_RaptorDiets.csv",1736,"Korschgen and Stuart 1972","Stomach","Stomach+Pellet","Strigiformes","Strigidae","Bubo","Bubo virginianus",NA,"Insecta","Coleoptera","Scarabaeidae","Family",NA,1,NA,"USA",38.669,-94.199,"1958.5"
"new_RaptorDiets.csv",1736,"Korschgen and Stuart 1972","Stomach","Stomach+Pellet","Strigiformes","Strigidae","Bubo","Bubo virginianus",NA,"Insecta","Hemiptera","Cicadidae","Family",NA,1,NA,"USA",38.669,-94.199,"1958.5"
"new_RaptorDiets.csv",1736,"Korschgen and Stuart 1972","Stomach","Stomach+Pellet","Strigiformes","Strigidae","Bubo","Bubo virginianus",NA,"Mammalia","Didelphimorphia","Didelphis virginiana","Species",NA,23,NA,"USA",38.669,-94.199,"1958.5"
"new_RaptorDiets.csv",1736,"Korschgen and Stuart 1972","Stomach","Stomach+Pellet","Strigiformes","Strigidae","Bubo","Bubo virginianus",NA,"Malacostraca","Decapoda","Cambarinae","Subfamily",NA,93,NA,"USA",38.669,-94.199,"1958.5"
"new_RaptorDiets.csv",1736,"Korschgen and Stuart 1972","Stomach","Stomach+Pellet","Strigiformes","Strigidae","Bubo","Bubo virginianus",NA,"Mammalia","Rodentia","Reithrodontomys megalotis","Species",NA,42,NA,"USA",38.669,-94.199,"1958.5"
"new_RaptorDiets.csv",1736,"Korschgen and Stuart 1972","Stomach","Stomach+Pellet","Strigiformes","Strigidae","Bubo","Bubo virginianus",NA,"Mammalia","Eulipotyphla","Talpidae","Family",NA,23,NA,"USA",38.669,-94.199,"1958.5"
"new_RaptorDiets.csv",1736,"Korschgen and Stuart 1972","Stomach","Stomach+Pellet","Strigiformes","Strigidae","Bubo","Bubo virginianus",NA,"Aves","Anseriformes","Anatidae","Family",NA,9,NA,"USA",38.669,-94.199,"1958.5"
"new_RaptorDiets.csv",1736,"Korschgen and Stuart 1972","Stomach","Stomach+Pellet","Strigiformes","Strigidae","Bubo","Bubo virginianus",NA,"Mammalia","Eulipotyphla","Cryptotis parva","Species",NA,65,NA,"USA",38.669,-94.199,"1958.5"
"new_RaptorDiets.csv",1736,"Korschgen and Stuart 1972","Stomach","Stomach+Pellet","Strigiformes","Strigidae","Bubo","Bubo virginianus",NA,"Mammalia","Rodentia","Mus musculus","Species",NA,33,NA,"USA",38.669,-94.199,"1958.5"
"new_RaptorDiets.csv",1736,"Korschgen and Stuart 1972","Stomach","Stomach+Pellet","Strigiformes","Strigidae","Bubo","Bubo virginianus",NA,"Reptilia","Squamata","Serpentes","Suborder",NA,19,NA,"USA",38.669,-94.199,"1958.5"
"new_RaptorDiets.csv",1736,"Korschgen and Stuart 1972","Stomach","Stomach+Pellet","Strigiformes","Strigidae","Bubo","Bubo virginianus",NA,"Mammalia","Eulipotyphla","Blarina brevicauda","Species",NA,14,NA,"USA",38.669,-94.199,"1958.5"
"new_RaptorDiets.csv",1736,"Korschgen and Stuart 1972","Stomach","Stomach+Pellet","Strigiformes","Strigidae","Bubo","Bubo virginianus",NA,"Aves","Galliformes","Colinus virginianus","Species",NA,14,NA,"USA",38.669,-94.199,"1958.5"
"new_RaptorDiets.csv",1736,"Korschgen and Stuart 1972","Stomach","Stomach+Pellet","Strigiformes","Strigidae","Bubo","Bubo virginianus",NA,"Aves","Galliformes","Gallus gallus","Species",NA,9,NA,"USA",38.669,-94.199,"1958.5"
"new_RaptorDiets.csv",1736,"Korschgen and Stuart 1972","Stomach","Stomach+Pellet","Strigiformes","Strigidae","Bubo","Bubo virginianus",NA,"Osteichthyes","","Osteichthyes","Superclass",NA,9,NA,"USA",38.669,-94.199,"1958.5"
"new_RaptorDiets.csv",1736,"Korschgen and Stuart 1972","Stomach","Stomach+Pellet","Strigiformes","Strigidae","Bubo","Bubo virginianus",NA,"Mammalia","Carnivora","Mephitis mephitis","Species",NA,9,NA,"USA",38.669,-94.199,"1958.5"
"new_RaptorDiets.csv",1736,"Korschgen and Stuart 1972","Stomach","Stomach+Pellet","Strigiformes","Strigidae","Bubo","Bubo virginianus",NA,"Mammalia","Rodentia","Sciurus niger","Species",NA,5,NA,"USA",38.669,-94.199,"1958.5"
"new_RaptorDiets.csv",1736,"Korschgen and Stuart 1972","Stomach","Stomach+Pellet","Strigiformes","Strigidae","Bubo","Bubo virginianus",NA,"Mammalia","Rodentia","Sciurus carolinensis","Species",NA,5,NA,"USA",38.669,-94.199,"1958.5"
"new_RaptorDiets.csv",1736,"Korschgen and Stuart 1972","Stomach","Stomach+Pellet","Strigiformes","Strigidae","Bubo","Bubo virginianus",NA,"Mammalia","Rodentia","Ondatra zibethicus","Species",NA,5,NA,"USA",38.669,-94.199,"1958.5"
"new_RaptorDiets.csv",1736,"Korschgen and Stuart 1972","Stomach","Stomach+Pellet","Strigiformes","Strigidae","Bubo","Bubo virginianus",NA,"Aves","Columbiformes","Columba livia","Species",NA,5,NA,"USA",38.669,-94.199,"1958.5"
"new_RaptorDiets.csv",1736,"Korschgen and Stuart 1972","Stomach","Stomach+Pellet","Strigiformes","Strigidae","Bubo","Bubo virginianus",NA,"Aves","Gruiformes","Fulica americana","Species",NA,5,NA,"USA",38.669,-94.199,"1958.5"
"new_RaptorDiets.csv",1736,"Korschgen and Stuart 1972","Stomach","Stomach+Pellet","Strigiformes","Strigidae","Bubo","Bubo virginianus",NA,"Mammalia","Lagomorpha","Lepus sp","Genus",NA,1,NA,"USA",38.669,-94.199,"1958.5"
"new_RaptorDiets.csv",1736,"Korschgen and Stuart 1972","Stomach","Stomach+Pellet","Strigiformes","Strigidae","Bubo","Bubo virginianus",NA,"Amphibia","Anura","Anura","Order",NA,9,NA,"USA",38.669,-94.199,"1958.5"
"new_RaptorDiets.csv",1736,"Korschgen and Stuart 1972","Stomach","Stomach+Pellet","Strigiformes","Strigidae","Bubo","Bubo virginianus",NA,"Mammalia","Rodentia","Muridae","Family",NA,5,NA,"USA",38.669,-94.199,"1958.5"
"new_RaptorDiets.csv",1736,"Korschgen and Stuart 1972","Stomach","Stomach+Pellet","Strigiformes","Strigidae","Bubo","Bubo virginianus",NA,"Aves","Passeriformes","Corvus brachyrhynchos","Species",NA,5,NA,"USA",38.669,-94.199,"1958.5"
"new_RaptorDiets.csv",1736,"Korschgen and Stuart 1972","Stomach","Stomach+Pellet","Strigiformes","Strigidae","Bubo","Bubo virginianus",NA,"Aves","Galliformes","Phasianus colchicus","Species",NA,1,NA,"USA",38.669,-94.199,"1958.5"
"new_RaptorDiets.csv",1736,"Korschgen and Stuart 1972","Stomach","Stomach+Pellet","Strigiformes","Strigidae","Bubo","Bubo virginianus",NA,"Aves","Charadriiformes","Charadrius vociferus","Species",NA,1,NA,"USA",38.669,-94.199,"1958.5"
"new_RaptorDiets.csv",1736,"Korschgen and Stuart 1972","Stomach","Stomach+Pellet","Strigiformes","Strigidae","Bubo","Bubo virginianus",NA,"Mammalia","Rodentia","Synaptomys cooperi","Species",NA,1,NA,"USA",38.669,-94.199,"1958.5"
"new_RaptorDiets.csv",1736,"Korschgen and Stuart 1972","Stomach","Stomach+Pellet","Strigiformes","Strigidae","Bubo","Bubo virginianus",NA,"Aves","Columbiformes","Zenaida macroura","Species",NA,1,NA,"USA",38.669,-94.199,"1958.5"
"new_RaptorDiets.csv",1736,"Korschgen and Stuart 1972","Stomach","Stomach+Pellet","Strigiformes","Strigidae","Bubo","Bubo virginianus",NA,"Aves","Coraciiformes","Megaceryle alcyon","Species",NA,1,NA,"USA",38.669,-94.199,"1958.5"
"new_RaptorDiets.csv",1784,"Yanez et al 1980","Stomach","Stomach","Falconiformes","Falconidae","Falco","Falco sparverius",NA,"Insecta","Coleoptera","Coleoptera","Order",NA,25,NA,"Chile",-32.35,-70.53,"1979"
"new_RaptorDiets.csv",1784,"Yanez et al 1980","Stomach","Stomach","Falconiformes","Falconidae","Falco","Falco sparverius",NA,"Insecta","Diptera","Diptera","Order",NA,1,NA,"Chile",-32.35,-70.53,"1979"
"new_RaptorDiets.csv",1784,"Yanez et al 1980","Stomach","Stomach","Falconiformes","Falconidae","Falco","Falco sparverius",NA,"Insecta","Hymenoptera","Hymenoptera","Order",NA,3,NA,"Chile",-32.35,-70.53,"1979"
"new_RaptorDiets.csv",1784,"Yanez et al 1980","Stomach","Stomach","Falconiformes","Falconidae","Falco","Falco sparverius",NA,"Insecta","Odonata","Odonata","Order",NA,14,NA,"Chile",-32.35,-70.53,"1979"
"new_RaptorDiets.csv",1784,"Yanez et al 1980","Stomach","Stomach","Falconiformes","Falconidae","Falco","Falco sparverius",NA,"Insecta","Orthoptera","Orthoptera","Order",NA,87,NA,"Chile",-32.35,-70.53,"1979"
"new_RaptorDiets.csv",1784,"Yanez et al 1980","Stomach","Stomach","Falconiformes","Falconidae","Falco","Falco sparverius",NA,"Insecta","Trichoptera","Trichoptera","Order",NA,1,NA,"Chile",-32.35,-70.53,"1979"
"new_RaptorDiets.csv",1784,"Yanez et al 1980","Stomach","Stomach","Falconiformes","Falconidae","Falco","Falco sparverius",NA,"Mammalia","Rodentia","Rodentia","Order",NA,1,NA,"Chile",-32.35,-70.53,"1979"
"new_RaptorDiets.csv",1784,"Yanez et al 1980","Stomach","Stomach","Falconiformes","Falconidae","Falco","Falco sparverius",NA,"Reptilia","Squamata","Liolaemus lemniscatus","Species",NA,2,NA,"Chile",-32.35,-70.53,"1979"
"new_RaptorDiets.csv",1857,"Randall 1940","Stomach","Stomach","Accipitriformes","Acciptridae","Circus","Circus hudsonius",NA,"Mammalia","Rodentia","Muroidea","Superfamily",NA,14,NA,"USA",40.546,-75.456,"1939"
"new_RaptorDiets.csv",1857,"Randall 1940","Stomach","Stomach","Accipitriformes","Acciptridae","Circus","Circus hudsonius",NA,"Mammalia","Lagomorpha","Sylvilagus sp","Genus",NA,7,NA,"USA",40.546,-75.456,"1939"
"new_RaptorDiets.csv",1857,"Randall 1940","Stomach","Stomach","Accipitriformes","Acciptridae","Circus","Circus hudsonius",NA,"Aves","Galliformes","Phasianus colchicus","Species",NA,2,NA,"USA",40.546,-75.456,"1939"
"new_RaptorDiets.csv",1857,"Randall 1940","Stomach","Stomach","Accipitriformes","Acciptridae","Circus","Circus hudsonius",NA,"Aves","Columbiformes","Zenaida macroura","Species",NA,2,NA,"USA",40.546,-75.456,"1939"
"new_RaptorDiets.csv",1857,"Randall 1940","Stomach","Stomach","Accipitriformes","Acciptridae","Circus","Circus hudsonius",NA,"Aves","Piciformes","Colaptes auratus","Species",NA,5,NA,"USA",40.546,-75.456,"1939"
"new_RaptorDiets.csv",1857,"Randall 1940","Stomach","Stomach","Accipitriformes","Acciptridae","Circus","Circus hudsonius",NA,"Aves","Charadriiformes","Charadrius vociferus","Species",NA,2,NA,"USA",40.546,-75.456,"1939"
"new_RaptorDiets.csv",1857,"Randall 1940","Stomach","Stomach","Accipitriformes","Acciptridae","Circus","Circus hudsonius",NA,"Aves","Passeriformes","Sturnella neglecta","Species",NA,1,NA,"USA",40.546,-75.456,"1939"
"new_RaptorDiets.csv",1857,"Randall 1940","Stomach","Stomach","Accipitriformes","Acciptridae","Circus","Circus hudsonius",NA,"Aves","Passeriformes","Agelaius phoeniceus","Species",NA,1,NA,"USA",40.546,-75.456,"1939"
"new_RaptorDiets.csv",1857,"Randall 1940","Stomach","Stomach","Accipitriformes","Acciptridae","Circus","Circus hudsonius",NA,"Aves","Passeriformes","Dolichonyx oryzivorus","Species",NA,1,NA,"USA",40.546,-75.456,"1939"
"new_RaptorDiets.csv",1857,"Randall 1940","Stomach","Stomach","Accipitriformes","Acciptridae","Circus","Circus hudsonius",NA,"Aves","Passeriformes","Turdus migratorius","Species",NA,1,NA,"USA",40.546,-75.456,"1939"
"new_RaptorDiets.csv",1857,"Randall 1940","Stomach","Stomach","Accipitriformes","Acciptridae","Circus","Circus hudsonius",NA,"Aves","Passeriformes","Passerellidae","Family",NA,1,NA,"USA",40.546,-75.456,"1939"
"new_RaptorDiets.csv",1857,"Randall 1940","Stomach","Stomach","Accipitriformes","Acciptridae","Circus","Circus hudsonius",NA,"Aves","Passeriformes","Quiscalus sp","Genus",NA,1,NA,"USA",40.546,-75.456,"1939"
"new_RaptorDiets.csv",1857,"Randall 1940","Stomach","Stomach","Accipitriformes","Acciptridae","Circus","Circus hudsonius",NA,"Aves","Passeriformes","Passeriformes","Order",NA,24,NA,"USA",40.546,-75.456,"1939"
"new_RaptorDiets.csv",1857,"Randall 1940","Stomach","Stomach","Accipitriformes","Acciptridae","Circus","Circus hudsonius",NA,"Aves","Galliformes","Gallus gallus","Species",NA,2,NA,"USA",40.546,-75.456,"1939"
"new_RaptorDiets.csv",1857,"Randall 1940","Stomach","Stomach","Accipitriformes","Acciptridae","Circus","Circus hudsonius",NA,"Amphibia","Anura","Anura","Order",NA,2,NA,"USA",40.546,-75.456,"1939"
"new_RaptorDiets.csv",1857,"Randall 1940","Stomach","Stomach","Accipitriformes","Acciptridae","Circus","Circus hudsonius",NA,"Reptilia","Squamata","Thamnophis sp","Genus",NA,1,NA,"USA",40.546,-75.456,"1939"
"new_RaptorDiets.csv",1941,"Olsen et al 1990","Stomach","Stomach+Pellet+Follow","Accipitriformes","Acciptridae","Accipiter","Accipiter fasciatus",NA,"Mammalia","Peramelemorphia","Perameles gunnii","Species",NA,1,NA,"Australia",-42.091,145.968,"1982"
"new_RaptorDiets.csv",1941,"Olsen et al 1990","Stomach","Stomach+Pellet+Follow","Accipitriformes","Acciptridae","Accipiter","Accipiter fasciatus",NA,"Mammalia","Rodentia","Rattus rattus","Species",NA,2,NA,"Australia",-42.091,145.968,"1982"
"new_RaptorDiets.csv",1941,"Olsen et al 1990","Stomach","Stomach+Pellet+Follow","Accipitriformes","Acciptridae","Accipiter","Accipiter fasciatus",NA,"Mammalia","Rodentia","Mus musculus","Species",NA,2,NA,"Australia",-42.091,145.968,"1982"
"new_RaptorDiets.csv",1941,"Olsen et al 1990","Stomach","Stomach+Pellet+Follow","Accipitriformes","Acciptridae","Accipiter","Accipiter fasciatus",NA,"Mammalia","Lagomorpha","Oryctolagus cuniculus","Species",NA,4,NA,"Australia",-42.091,145.968,"1982"
"new_RaptorDiets.csv",1941,"Olsen et al 1990","Stomach","Stomach+Pellet+Follow","Accipitriformes","Acciptridae","Accipiter","Accipiter fasciatus",NA,"Mammalia","Carnivora","Felis catus","Species",NA,1,NA,"Australia",-42.091,145.968,"1982"
"new_RaptorDiets.csv",1941,"Olsen et al 1990","Stomach","Stomach+Pellet+Follow","Accipitriformes","Acciptridae","Accipiter","Accipiter fasciatus",NA,"Aves","Galliformes","Pavo cristatus","Species",NA,4,NA,"Australia",-42.091,145.968,"1982"
"new_RaptorDiets.csv",1941,"Olsen et al 1990","Stomach","Stomach+Pellet+Follow","Accipitriformes","Acciptridae","Accipiter","Accipiter fasciatus",NA,"Aves","Galliformes","Gallus gallus","Species",NA,29,NA,"Australia",-42.091,145.968,"1982"
"new_RaptorDiets.csv",1941,"Olsen et al 1990","Stomach","Stomach+Pellet+Follow","Accipitriformes","Acciptridae","Accipiter","Accipiter fasciatus",NA,"Aves","Galliformes","Phasianus colchicus","Species",NA,2,NA,"Australia",-42.091,145.968,"1982"
"new_RaptorDiets.csv",1941,"Olsen et al 1990","Stomach","Stomach+Pellet+Follow","Accipitriformes","Acciptridae","Accipiter","Accipiter fasciatus",NA,"Aves","Columbiformes","Columba livia","Species",NA,7,NA,"Australia",-42.091,145.968,"1982"
"new_RaptorDiets.csv",1941,"Olsen et al 1990","Stomach","Stomach+Pellet+Follow","Accipitriformes","Acciptridae","Accipiter","Accipiter fasciatus",NA,"Aves","Columbiformes","Phaps chalcoptera","Species",NA,1,NA,"Australia",-42.091,145.968,"1982"
"new_RaptorDiets.csv",1941,"Olsen et al 1990","Stomach","Stomach+Pellet+Follow","Accipitriformes","Acciptridae","Accipiter","Accipiter fasciatus",NA,"Aves","Psittaciformes","Cacatua roseicapilla","Species",NA,1,NA,"Australia",-42.091,145.968,"1982"
"new_RaptorDiets.csv",1941,"Olsen et al 1990","Stomach","Stomach+Pellet+Follow","Accipitriformes","Acciptridae","Accipiter","Accipiter fasciatus",NA,"Aves","Psittaciformes","Lathamus discolor","Species",NA,2,NA,"Australia",-42.091,145.968,"1982"
"new_RaptorDiets.csv",1941,"Olsen et al 1990","Stomach","Stomach+Pellet+Follow","Accipitriformes","Acciptridae","Accipiter","Accipiter fasciatus",NA,"Aves","Psittaciformes","Platycercus caledonicus","Species",NA,2,NA,"Australia",-42.091,145.968,"1982"
"new_RaptorDiets.csv",1941,"Olsen et al 1990","Stomach","Stomach+Pellet+Follow","Accipitriformes","Acciptridae","Accipiter","Accipiter fasciatus",NA,"Aves","Psittaciformes","Platycercus eximius","Species",NA,2,NA,"Australia",-42.091,145.968,"1982"
"new_RaptorDiets.csv",1941,"Olsen et al 1990","Stomach","Stomach+Pellet+Follow","Accipitriformes","Acciptridae","Accipiter","Accipiter fasciatus",NA,"Aves","Passeriformes","Turdus merula","Species",NA,5,NA,"Australia",-42.091,145.968,"1982"
"new_RaptorDiets.csv",1941,"Olsen et al 1990","Stomach","Stomach+Pellet+Follow","Accipitriformes","Acciptridae","Accipiter","Accipiter fasciatus",NA,"Aves","Passeriformes","Rhipidura fuliginosa","Species",NA,1,NA,"Australia",-42.091,145.968,"1982"
"new_RaptorDiets.csv",1941,"Olsen et al 1990","Stomach","Stomach+Pellet+Follow","Accipitriformes","Acciptridae","Accipiter","Accipiter fasciatus",NA,"Aves","Passeriformes","Malurus cyaneus","Species",NA,2,NA,"Australia",-42.091,145.968,"1982"
"new_RaptorDiets.csv",1941,"Olsen et al 1990","Stomach","Stomach+Pellet+Follow","Accipitriformes","Acciptridae","Accipiter","Accipiter fasciatus",NA,"Aves","Passeriformes","Anthochaera paradoxa","Species",NA,1,NA,"Australia",-42.091,145.968,"1982"
"new_RaptorDiets.csv",1941,"Olsen et al 1990","Stomach","Stomach+Pellet+Follow","Accipitriformes","Acciptridae","Accipiter","Accipiter fasciatus",NA,"Aves","Passeriformes","Carduelis carduelis","Species",NA,2,NA,"Australia",-42.091,145.968,"1982"
"new_RaptorDiets.csv",1941,"Olsen et al 1990","Stomach","Stomach+Pellet+Follow","Accipitriformes","Acciptridae","Accipiter","Accipiter fasciatus",NA,"Aves","Passeriformes","Sturnus vulgaris","Species",NA,7,NA,"Australia",-42.091,145.968,"1982"
"new_RaptorDiets.csv",1941,"Olsen et al 1990","Stomach","Stomach+Pellet+Follow","Accipitriformes","Acciptridae","Accipiter","Accipiter fasciatus",NA,"Aves","Passeriformes","Cracticus torquatus","Species",NA,1,NA,"Australia",-42.091,145.968,"1982"
"new_RaptorDiets.csv",1941,"Olsen et al 1990","Stomach","Stomach+Pellet+Follow","Accipitriformes","Acciptridae","Accipiter","Accipiter fasciatus",NA,"Insecta","Coleoptera","Coleoptera","Order",NA,5,NA,"Australia",-42.091,145.968,"1982"
"new_RaptorDiets.csv",1941,"Olsen et al 1990","Stomach","Stomach+Pellet+Follow","Accipitriformes","Acciptridae","Accipiter","Accipiter fasciatus",NA,"Arachnida","Araneae","Lycosidae","Family",NA,2,NA,"Australia",-42.091,145.968,"1982"
"new_RaptorDiets.csv",2025,"Lewis 1973","Stomach","Stomach","Strigiformes","Strigidae","Athene","Athene cunicularia",NA,"Insecta","Coleoptera","Carabidae","Family",NA,18,NA,"USA",28.27,-81.627,"1973"
"new_RaptorDiets.csv",2025,"Lewis 1973","Stomach","Stomach","Strigiformes","Strigidae","Athene","Athene cunicularia",NA,"Insecta","Coleoptera","Harpalus sp","Genus",NA,13,NA,"USA",28.27,-81.627,"1973"
"new_RaptorDiets.csv",2025,"Lewis 1973","Stomach","Stomach","Strigiformes","Strigidae","Athene","Athene cunicularia",NA,"Insecta","Coleoptera","Pasimachus sp","Genus",NA,10,NA,"USA",28.27,-81.627,"1973"
"new_RaptorDiets.csv",2025,"Lewis 1973","Stomach","Stomach","Strigiformes","Strigidae","Athene","Athene cunicularia",NA,"Insecta","Coleoptera","Curculionidae","Family",NA,10,NA,"USA",28.27,-81.627,"1973"
"new_RaptorDiets.csv",2025,"Lewis 1973","Stomach","Stomach","Strigiformes","Strigidae","Athene","Athene cunicularia",NA,"Insecta","Coleoptera","Scarabaeidae","Family",NA,6,NA,"USA",28.27,-81.627,"1973"
"new_RaptorDiets.csv",2025,"Lewis 1973","Stomach","Stomach","Strigiformes","Strigidae","Athene","Athene cunicularia",NA,"Insecta","Coleoptera","Canthon imitator","Species",NA,20,NA,"USA",28.27,-81.627,"1973"
"new_RaptorDiets.csv",2025,"Lewis 1973","Stomach","Stomach","Strigiformes","Strigidae","Athene","Athene cunicularia",NA,"Insecta","Coleoptera","Ligyrus gibbosus","Species",NA,4,NA,"USA",28.27,-81.627,"1973"
"new_RaptorDiets.csv",2025,"Lewis 1973","Stomach","Stomach","Strigiformes","Strigidae","Athene","Athene cunicularia",NA,"Insecta","Coleoptera","Phanaeus vindex","Species",NA,6,NA,"USA",28.27,-81.627,"1973"
"new_RaptorDiets.csv",2025,"Lewis 1973","Stomach","Stomach","Strigiformes","Strigidae","Athene","Athene cunicularia",NA,"Insecta","Coleoptera","Strategus antaeus","Species",NA,19,NA,"USA",28.27,-81.627,"1973"
"new_RaptorDiets.csv",2025,"Lewis 1973","Stomach","Stomach","Strigiformes","Strigidae","Athene","Athene cunicularia",NA,"Insecta","Coleoptera","Strategus splenders","Species",NA,4,NA,"USA",28.27,-81.627,"1973"
"new_RaptorDiets.csv",2025,"Lewis 1973","Stomach","Stomach","Strigiformes","Strigidae","Athene","Athene cunicularia",NA,"Insecta","Coleoptera","Strategus sp","Genus",NA,6,NA,"USA",28.27,-81.627,"1973"
"new_RaptorDiets.csv",2025,"Lewis 1973","Stomach","Stomach","Strigiformes","Strigidae","Athene","Athene cunicularia",NA,"Insecta","Coleoptera","Coleoptera","Order",NA,17,NA,"USA",28.27,-81.627,"1973"
"new_RaptorDiets.csv",2025,"Lewis 1973","Stomach","Stomach","Strigiformes","Strigidae","Athene","Athene cunicularia",NA,"Insecta","Hemiptera","Hemiptera","Order",NA,4,NA,"USA",28.27,-81.627,"1973"
"new_RaptorDiets.csv",2025,"Lewis 1973","Stomach","Stomach","Strigiformes","Strigidae","Athene","Athene cunicularia",NA,"Insecta","Lepidoptera","Phalaenidae","Family",NA,3,NA,"USA",28.27,-81.627,"1973"
"new_RaptorDiets.csv",2025,"Lewis 1973","Stomach","Stomach","Strigiformes","Strigidae","Athene","Athene cunicularia",NA,"Insecta","Orthoptera","Acrididae","Family",NA,11,NA,"USA",28.27,-81.627,"1973"
"new_RaptorDiets.csv",2025,"Lewis 1973","Stomach","Stomach","Strigiformes","Strigidae","Athene","Athene cunicularia",NA,"Insecta","Orthoptera","Orthoptera","Order",NA,10,NA,"USA",28.27,-81.627,"1973"
"new_RaptorDiets.csv",2025,"Lewis 1973","Stomach","Stomach","Strigiformes","Strigidae","Athene","Athene cunicularia",NA,"Insecta","Hymenoptera","Formicidae","Family",NA,5,NA,"USA",28.27,-81.627,"1973"
"new_RaptorDiets.csv",2025,"Lewis 1973","Stomach","Stomach","Strigiformes","Strigidae","Athene","Athene cunicularia",NA,"Entognatha","","Collembola","Subclass",NA,2,NA,"USA",28.27,-81.627,"1973"
"new_RaptorDiets.csv",2025,"Lewis 1973","Stomach","Stomach","Strigiformes","Strigidae","Athene","Athene cunicularia",NA,"","","Invertebrate","Subphylum",NA,2,NA,"USA",28.27,-81.627,"1973"
"new_RaptorDiets.csv",2025,"Lewis 1973","Stomach","Stomach","Strigiformes","Strigidae","Athene","Athene cunicularia",NA,"Aves","","Caenogastropoda","Subclass",NA,1,NA,"USA",28.27,-81.627,"1973"
"new_RaptorDiets.csv",2025,"Lewis 1973","Stomach","Stomach","Strigiformes","Strigidae","Athene","Athene cunicularia",NA,"Arachnida","Opiliones","Opiliones","Order",NA,2,NA,"USA",28.27,-81.627,"1973"
"new_RaptorDiets.csv",2025,"Lewis 1973","Stomach","Stomach","Strigiformes","Strigidae","Athene","Athene cunicularia",NA,"Arachnida","Araneae","Lycosidae","Family",NA,11,NA,"USA",28.27,-81.627,"1973"
"new_RaptorDiets.csv",2025,"Lewis 1973","Stomach","Stomach","Strigiformes","Strigidae","Athene","Athene cunicularia",NA,"Malacostraca","Decapoda","Cambarus sp","Genus",NA,3,NA,"USA",28.27,-81.627,"1973"
"new_RaptorDiets.csv",2025,"Lewis 1973","Stomach","Stomach","Strigiformes","Strigidae","Athene","Athene cunicularia",NA,"Mammalia","Rodentia","Cricetidae","Family",NA,1,NA,"USA",28.27,-81.627,"1973"
"new_RaptorDiets.csv",2025,"Lewis 1973","Stomach","Stomach","Strigiformes","Strigidae","Athene","Athene cunicularia",NA,"Mammalia","Rodentia","Sciuridae","Family",NA,1,NA,"USA",28.27,-81.627,"1973"
"new_RaptorDiets.csv",2025,"Lewis 1973","Stomach","Stomach","Strigiformes","Strigidae","Athene","Athene cunicularia",NA,"Mammalia","Rodentia","Rodentia","Order",NA,1,NA,"USA",28.27,-81.627,"1973"
"new_RaptorDiets.csv",2025,"Lewis 1973","Stomach","Stomach","Strigiformes","Strigidae","Athene","Athene cunicularia",NA,"Mammalia","Lagomorpha","Sylvilagus sp","Genus",NA,1,NA,"USA",28.27,-81.627,"1973"
"new_RaptorDiets.csv",2025,"Lewis 1973","Stomach","Stomach","Strigiformes","Strigidae","Athene","Athene cunicularia",NA,"Aves","Passeriformes","PIpilo erythrophthalmus","Species",NA,1,NA,"USA",28.27,-81.627,"1973"
"new_RaptorDiets.csv",2025,"Lewis 1973","Stomach","Stomach","Strigiformes","Strigidae","Athene","Athene cunicularia",NA,"Aves","Passeriformes","Ammodramus sp","Genus",NA,2,NA,"USA",28.27,-81.627,"1973"
"new_RaptorDiets.csv",2025,"Lewis 1973","Stomach","Stomach","Strigiformes","Strigidae","Athene","Athene cunicularia",NA,"Aves","Passeriformes","Dumetella carolinensis","Species",NA,1,NA,"USA",28.27,-81.627,"1973"
"new_RaptorDiets.csv",2025,"Lewis 1973","Stomach","Stomach","Strigiformes","Strigidae","Athene","Athene cunicularia",NA,"Reptilia","Squamata","Natrix sp","Genus",NA,1,NA,"USA",28.27,-81.627,"1973"
"new_RaptorDiets.csv",2025,"Lewis 1973","Stomach","Stomach","Strigiformes","Strigidae","Athene","Athene cunicularia",NA,"Reptilia","Squamata","Anolis carolinensis","Species",NA,1,NA,"USA",28.27,-81.627,"1973"
"new_RaptorDiets.csv",2025,"Lewis 1973","Stomach","Stomach","Strigiformes","Strigidae","Athene","Athene cunicularia",NA,"Reptilia","Squamata","Squamata","Order",NA,4,NA,"USA",28.27,-81.627,"1973"
"new_RaptorDiets.csv",2025,"Lewis 1973","Stomach","Stomach","Strigiformes","Strigidae","Athene","Athene cunicularia",NA,"Amphibia","Anura","Bufo sp","Genus",NA,5,NA,"USA",28.27,-81.627,"1973"
"new_RaptorDiets.csv",2025,"Lewis 1973","Stomach","Stomach","Strigiformes","Strigidae","Athene","Athene cunicularia",NA,"Amphibia","Anura","Hyla sp","Genus",NA,1,NA,"USA",28.27,-81.627,"1973"
"new_RaptorDiets.csv",2025,"Lewis 1973","Stomach","Stomach","Strigiformes","Strigidae","Athene","Athene cunicularia",NA,"Amphibia","Anura","Rana sp","Genus",NA,4,NA,"USA",28.27,-81.627,"1973"
"new_RaptorDiets.csv",2054,"Whalen et al 2000","Stomach","Stomach","Strigiformes","Strigidae","Aegolius","Aegolius acadicus",NA,"Mammalia","Eulipotyphla","Blarina brevicauda","Species",NA,1,NA,"USA",37.167,-75.833,"1996"
"new_RaptorDiets.csv",2054,"Whalen et al 2000","Stomach","Stomach","Strigiformes","Strigidae","Aegolius","Aegolius acadicus",NA,"Mammalia","Rodentia","Mus musculus","Species",NA,1,NA,"USA",37.167,-75.833,"1996"
"new_RaptorDiets.csv",2054,"Whalen et al 2000","Stomach","Stomach","Strigiformes","Strigidae","Aegolius","Aegolius acadicus",NA,"Insecta","Lepidoptera","Lepidoptera","Order",NA,6,NA,"USA",37.167,-75.833,"1996"
"new_RaptorDiets.csv",2054,"Whalen et al 2000","Stomach","Stomach","Strigiformes","Strigidae","Aegolius","Aegolius acadicus",NA,"Insecta","Hemiptera","Hemiptera","Order",NA,1,NA,"USA",37.167,-75.833,"1996"
"new_RaptorDiets.csv",2054,"Whalen et al 2000","Stomach","Stomach","Strigiformes","Strigidae","Aegolius","Aegolius acadicus",NA,"Insecta","Orthoptera","Orthoptera","Order",NA,1,NA,"USA",37.167,-75.833,"1996"
"new_RaptorDiets.csv",2072,"Latkova et al 2012","Stomach","Stomach+Pellet+PreyRemains","Strigiformes","Strigidae","Otus","Otus scops",NA,"Arachnida","Araneae","Araneidae","Suborder",NA,4,NA,"Romania",46.448,24.558,"2008"
"new_RaptorDiets.csv",2072,"Latkova et al 2012","Stomach","Stomach+Pellet+PreyRemains","Strigiformes","Strigidae","Otus","Otus scops",NA,"Arachnida","Araneae","Araneus sp","Genus",NA,5,NA,"Romania",46.448,24.558,"2008"
"new_RaptorDiets.csv",2072,"Latkova et al 2012","Stomach","Stomach+Pellet+PreyRemains","Strigiformes","Strigidae","Otus","Otus scops",NA,"Insecta","Orthoptera","Barbitistes constrictus","Species",NA,1,NA,"Romania",46.448,24.558,"2008"
"new_RaptorDiets.csv",2072,"Latkova et al 2012","Stomach","Stomach+Pellet+PreyRemains","Strigiformes","Strigidae","Otus","Otus scops",NA,"Insecta","Orthoptera","Isophya sp","Genus",NA,1,NA,"Romania",46.448,24.558,"2008"
"new_RaptorDiets.csv",2072,"Latkova et al 2012","Stomach","Stomach+Pellet+PreyRemains","Strigiformes","Strigidae","Otus","Otus scops",NA,"Insecta","Orthoptera","Ruspolia nitidula","Species",NA,3,NA,"Romania",46.448,24.558,"2008"
"new_RaptorDiets.csv",2072,"Latkova et al 2012","Stomach","Stomach+Pellet+PreyRemains","Strigiformes","Strigidae","Otus","Otus scops",NA,"Insecta","Orthoptera","Decticus verrucivorus","Species",NA,19,NA,"Romania",46.448,24.558,"2008"
"new_RaptorDiets.csv",2072,"Latkova et al 2012","Stomach","Stomach+Pellet+PreyRemains","Strigiformes","Strigidae","Otus","Otus scops",NA,"Insecta","Orthoptera","Bicolorana bicolor","Species",NA,9,NA,"Romania",46.448,24.558,"2008"
"new_RaptorDiets.csv",2072,"Latkova et al 2012","Stomach","Stomach+Pellet+PreyRemains","Strigiformes","Strigidae","Otus","Otus scops",NA,"Insecta","Orthoptera","Pholidoptera griseoaptera","Species",NA,12,NA,"Romania",46.448,24.558,"2008"
"new_RaptorDiets.csv",2072,"Latkova et al 2012","Stomach","Stomach+Pellet+PreyRemains","Strigiformes","Strigidae","Otus","Otus scops",NA,"Insecta","Orthoptera","Tettigonia viridissima","Species",NA,416,NA,"Romania",46.448,24.558,"2008"
"new_RaptorDiets.csv",2072,"Latkova et al 2012","Stomach","Stomach+Pellet+PreyRemains","Strigiformes","Strigidae","Otus","Otus scops",NA,"Insecta","Orthoptera","Tettigonia caudata","Species",NA,1,NA,"Romania",46.448,24.558,"2008"
"new_RaptorDiets.csv",2072,"Latkova et al 2012","Stomach","Stomach+Pellet+PreyRemains","Strigiformes","Strigidae","Otus","Otus scops",NA,"Insecta","Orthoptera","Gryllus campestris","Species",NA,1,NA,"Romania",46.448,24.558,"2008"
"new_RaptorDiets.csv",2072,"Latkova et al 2012","Stomach","Stomach+Pellet+PreyRemains","Strigiformes","Strigidae","Otus","Otus scops",NA,"Insecta","Orthoptera","Acrididae","Family",NA,2,NA,"Romania",46.448,24.558,"2008"
"new_RaptorDiets.csv",2072,"Latkova et al 2012","Stomach","Stomach+Pellet+PreyRemains","Strigiformes","Strigidae","Otus","Otus scops",NA,"Insecta","Mantodea","Mantis religiosa","Species",NA,2,NA,"Romania",46.448,24.558,"2008"
"new_RaptorDiets.csv",2072,"Latkova et al 2012","Stomach","Stomach+Pellet+PreyRemains","Strigiformes","Strigidae","Otus","Otus scops",NA,"Insecta","Coleoptera","Coleoptera","Order",NA,6,NA,"Romania",46.448,24.558,"2008"
"new_RaptorDiets.csv",2072,"Latkova et al 2012","Stomach","Stomach+Pellet+PreyRemains","Strigiformes","Strigidae","Otus","Otus scops",NA,"Insecta","Coleoptera","Prionus coriarius","Species",NA,1,NA,"Romania",46.448,24.558,"2008"
"new_RaptorDiets.csv",2072,"Latkova et al 2012","Stomach","Stomach+Pellet+PreyRemains","Strigiformes","Strigidae","Otus","Otus scops",NA,"Insecta","Coleoptera","Lucanus cervus","Species",NA,1,NA,"Romania",46.448,24.558,"2008"
"new_RaptorDiets.csv",2072,"Latkova et al 2012","Stomach","Stomach+Pellet+PreyRemains","Strigiformes","Strigidae","Otus","Otus scops",NA,"Insecta","Coleoptera","Carabidae","Family",NA,2,NA,"Romania",46.448,24.558,"2008"
"new_RaptorDiets.csv",2072,"Latkova et al 2012","Stomach","Stomach+Pellet+PreyRemains","Strigiformes","Strigidae","Otus","Otus scops",NA,"Insecta","Coleoptera","Carabus sp","Genus",NA,2,NA,"Romania",46.448,24.558,"2008"
"new_RaptorDiets.csv",2072,"Latkova et al 2012","Stomach","Stomach+Pellet+PreyRemains","Strigiformes","Strigidae","Otus","Otus scops",NA,"Insecta","Coleoptera","Curculionidae","Family",NA,1,NA,"Romania",46.448,24.558,"2008"
"new_RaptorDiets.csv",2072,"Latkova et al 2012","Stomach","Stomach+Pellet+PreyRemains","Strigiformes","Strigidae","Otus","Otus scops",NA,"Insecta","Coleoptera","Scarabaeidae","Family",NA,1,NA,"Romania",46.448,24.558,"2008"
"new_RaptorDiets.csv",2072,"Latkova et al 2012","Stomach","Stomach+Pellet+PreyRemains","Strigiformes","Strigidae","Otus","Otus scops",NA,"Insecta","Coleoptera","Onthophagus sp","Genus",NA,12,NA,"Romania",46.448,24.558,"2008"
"new_RaptorDiets.csv",2072,"Latkova et al 2012","Stomach","Stomach+Pellet+PreyRemains","Strigiformes","Strigidae","Otus","Otus scops",NA,"Insecta","Coleoptera","Staphylinidae","Family",NA,1,NA,"Romania",46.448,24.558,"2008"
"new_RaptorDiets.csv",2072,"Latkova et al 2012","Stomach","Stomach+Pellet+PreyRemains","Strigiformes","Strigidae","Otus","Otus scops",NA,"Insecta","Lepidoptera","Lepidoptera","Order",NA,2,NA,"Romania",46.448,24.558,"2008"
"new_RaptorDiets.csv",2072,"Latkova et al 2012","Stomach","Stomach+Pellet+PreyRemains","Strigiformes","Strigidae","Otus","Otus scops",NA,"Insecta","Lepidoptera","Noctuidae","Family",NA,2,NA,"Romania",46.448,24.558,"2008"
"new_RaptorDiets.csv",2072,"Latkova et al 2012","Stomach","Stomach+Pellet+PreyRemains","Strigiformes","Strigidae","Otus","Otus scops",NA,"Insecta","Lepidoptera","Lymantriinae","Subfamily",NA,1,NA,"Romania",46.448,24.558,"2008"
"new_RaptorDiets.csv",2072,"Latkova et al 2012","Stomach","Stomach+Pellet+PreyRemains","Strigiformes","Strigidae","Otus","Otus scops",NA,"Insecta","Hymenoptera","Vespula sp","Genus",NA,1,NA,"Romania",46.448,24.558,"2008"
"new_RaptorDiets.csv",2072,"Latkova et al 2012","Stomach","Stomach+Pellet+PreyRemains","Strigiformes","Strigidae","Otus","Otus scops",NA,"Aves","Passeriformes","Passeriformes","Order",NA,6,NA,"Romania",46.448,24.558,"2008"
"new_RaptorDiets.csv",2072,"Latkova et al 2012","Stomach","Stomach+Pellet+PreyRemains","Strigiformes","Strigidae","Otus","Otus scops",NA,"Mammalia","Rodentia","Rodentia","Order",NA,1,NA,"Romania",46.448,24.558,"2008"
"new_RaptorDiets.csv",2072,"Latkova et al 2012","Stomach","Stomach+Pellet+PreyRemains","Strigiformes","Strigidae","Otus","Otus scops",NA,"Mammalia","Rodentia","Muscardinus avellanarius","Species",NA,4,NA,"Romania",46.448,24.558,"2008"
"new_RaptorDiets.csv",2072,"Latkova et al 2012","Stomach","Stomach+Pellet+PreyRemains","Strigiformes","Strigidae","Otus","Otus scops",NA,"Mammalia","Rodentia","Microtus sp","Genus",NA,3,NA,"Romania",46.448,24.558,"2008"
"new_RaptorDiets.csv",2342,"Akatani et al 2011","Stomach","Stomach","Strigiformes","Strigidae","Otus","Otus elegans",NA,"Reptilia","Squamata","Gekkonidae","Family",NA,2,NA,"Japan",25.851,131.247,"2003.5"
"new_RaptorDiets.csv",2342,"Akatani et al 2011","Stomach","Stomach","Strigiformes","Strigidae","Otus","Otus elegans",NA,"Arachnida","Araneae","Heteropoda sp","Genus",NA,4,NA,"Japan",25.851,131.247,"2003.5"
"new_RaptorDiets.csv",2342,"Akatani et al 2011","Stomach","Stomach","Strigiformes","Strigidae","Otus","Otus elegans",NA,"Insecta","Blattodea","Blattodea","Order",NA,1,NA,"Japan",25.851,131.247,"2003.5"
"new_RaptorDiets.csv",2342,"Akatani et al 2011","Stomach","Stomach","Strigiformes","Strigidae","Otus","Otus elegans",NA,"Insecta","Orthoptera","Orthoptera","Order",NA,16,NA,"Japan",25.851,131.247,"2003.5"
"new_RaptorDiets.csv",2342,"Akatani et al 2011","Stomach","Stomach","Strigiformes","Strigidae","Otus","Otus elegans",NA,"Insecta","Odonata","Odonata","Order",NA,3,NA,"Japan",25.851,131.247,"2003.5"
"new_RaptorDiets.csv",2342,"Akatani et al 2011","Stomach","Stomach","Strigiformes","Strigidae","Otus","Otus elegans",NA,"Insecta","Lepidoptera","Lepidoptera","Order",NA,1,NA,"Japan",25.851,131.247,"2003.5"
"new_RaptorDiets.csv",2498,"EnrÃ­quez and Cheng 2008","Stomach","Stomach","Strigiformes","Strigidae","Megascops","Megascops barbarus",NA,"Arachnida","","Arachnida","Class",NA,1,NA,"Mexico",16.74,-92.67,"2003.5"
"new_RaptorDiets.csv",2498,"EnrÃ­quez and Cheng 2008","Stomach","Stomach","Strigiformes","Strigidae","Megascops","Megascops barbarus",NA,"Insecta","Coleoptera","Chrysomelidae","Family",NA,2,NA,"Mexico",16.74,-92.67,"2003.5"
"new_RaptorDiets.csv",2498,"EnrÃ­quez and Cheng 2008","Stomach","Stomach","Strigiformes","Strigidae","Megascops","Megascops barbarus",NA,"Insecta","Coleoptera","Carabidae","Family",NA,5,NA,"Mexico",16.74,-92.67,"2003.5"
"new_RaptorDiets.csv",2498,"EnrÃ­quez and Cheng 2008","Stomach","Stomach","Strigiformes","Strigidae","Megascops","Megascops barbarus",NA,"Insecta","Coleoptera","Melolonthidae","Family",NA,47,NA,"Mexico",16.74,-92.67,"2003.5"
"new_RaptorDiets.csv",2498,"EnrÃ­quez and Cheng 2008","Stomach","Stomach","Strigiformes","Strigidae","Megascops","Megascops barbarus",NA,"Insecta","Orthoptera","Gryllacrididae","Family",NA,3,NA,"Mexico",16.74,-92.67,"2003.5"
"new_RaptorDiets.csv",2498,"EnrÃ­quez and Cheng 2008","Stomach","Stomach","Strigiformes","Strigidae","Megascops","Megascops barbarus",NA,"Insecta","Blattodea","Blattidae","Family",NA,3,NA,"Mexico",16.74,-92.67,"2003.5"
"new_RaptorDiets.csv",2498,"EnrÃ­quez and Cheng 2008","Stomach","Stomach","Strigiformes","Strigidae","Megascops","Megascops barbarus",NA,"Insecta","Lepidoptera","Noctuidae","Family",NA,2,NA,"Mexico",16.74,-92.67,"2003.5"
"new_RaptorDiets.csv",2498,"EnrÃ­quez and Cheng 2008","Stomach","Stomach","Strigiformes","Strigidae","Megascops","Megascops barbarus",NA,"Unknown","Unknown","Unidentified","Unknown",NA,2,NA,"Mexico",16.74,-92.67,"2003.5"
"new_RaptorDiets.csv",2626,"Hill and Lill 1998","Stomach","Stomach","Strigiformes","Strigidae","Ninox","Ninox natalis",NA,"Arachnida","Araneae","Lycosidae","Family",NA,1,NA,"Australia",-10.482,105.646,"1995.5"
"new_RaptorDiets.csv",2626,"Hill and Lill 1998","Stomach","Stomach","Strigiformes","Strigidae","Ninox","Ninox natalis",NA,"Insecta","Blattodea","Pycnoscelis surinamensis","Species",NA,1,NA,"Australia",-10.482,105.646,"1995.5"
"new_RaptorDiets.csv",2626,"Hill and Lill 1998","Stomach","Stomach","Strigiformes","Strigidae","Ninox","Ninox natalis",NA,"Insecta","Blattodea","Blattodea","Order",NA,1,NA,"Australia",-10.482,105.646,"1995.5"
"new_RaptorDiets.csv",2626,"Hill and Lill 1998","Stomach","Stomach","Strigiformes","Strigidae","Ninox","Ninox natalis",NA,"Insecta","Mantodea","Hierodula dispar","Species",NA,4,NA,"Australia",-10.482,105.646,"1995.5"
"new_RaptorDiets.csv",2626,"Hill and Lill 1998","Stomach","Stomach","Strigiformes","Strigidae","Ninox","Ninox natalis",NA,"Insecta","Orthoptera","Tettigoniidae","Family",NA,3,NA,"Australia",-10.482,105.646,"1995.5"
"new_RaptorDiets.csv",2626,"Hill and Lill 1998","Stomach","Stomach","Strigiformes","Strigidae","Ninox","Ninox natalis",NA,"Insecta","Orthoptera","Gryllidae","Family",NA,2,NA,"Australia",-10.482,105.646,"1995.5"
"new_RaptorDiets.csv",2626,"Hill and Lill 1998","Stomach","Stomach","Strigiformes","Strigidae","Ninox","Ninox natalis",NA,"Insecta","Orthoptera","Gryllidae","Family",NA,1,NA,"Australia",-10.482,105.646,"1995.5"
"new_RaptorDiets.csv",2626,"Hill and Lill 1998","Stomach","Stomach","Strigiformes","Strigidae","Ninox","Ninox natalis",NA,"Insecta","Orthoptera","Gryllacris listeri","Species",NA,1,NA,"Australia",-10.482,105.646,"1995.5"
"new_RaptorDiets.csv",2626,"Hill and Lill 1998","Stomach","Stomach","Strigiformes","Strigidae","Ninox","Ninox natalis",NA,"Insecta","Orthoptera","Tettigoniidae","Family",NA,1,NA,"Australia",-10.482,105.646,"1995.5"
"new_RaptorDiets.csv",2626,"Hill and Lill 1998","Stomach","Stomach","Strigiformes","Strigidae","Ninox","Ninox natalis",NA,"Insecta","Orthoptera","Valanga sp","Species",NA,2,NA,"Australia",-10.482,105.646,"1995.5"
"new_RaptorDiets.csv",2626,"Hill and Lill 1998","Stomach","Stomach","Strigiformes","Strigidae","Ninox","Ninox natalis",NA,"Insecta","Orthoptera","Orthoptera","Order",NA,6,NA,"Australia",-10.482,105.646,"1995.5"
"new_RaptorDiets.csv",2626,"Hill and Lill 1998","Stomach","Stomach","Strigiformes","Strigidae","Ninox","Ninox natalis",NA,"Insecta","Hemiptera","Platypleura calypso","Species",NA,1,NA,"Australia",-10.482,105.646,"1995.5"
"new_RaptorDiets.csv",2626,"Hill and Lill 1998","Stomach","Stomach","Strigiformes","Strigidae","Ninox","Ninox natalis",NA,"Insecta","Coleoptera","Scarabaeidae","Family",NA,3,NA,"Australia",-10.482,105.646,"1995.5"
"new_RaptorDiets.csv",2626,"Hill and Lill 1998","Stomach","Stomach","Strigiformes","Strigidae","Ninox","Ninox natalis",NA,"Insecta","Coleoptera","Cerambycidae","Family",NA,1,NA,"Australia",-10.482,105.646,"1995.5"
"new_RaptorDiets.csv",2626,"Hill and Lill 1998","Stomach","Stomach","Strigiformes","Strigidae","Ninox","Ninox natalis",NA,"Insecta","Coleoptera","Coleoptera","Order",NA,1,NA,"Australia",-10.482,105.646,"1995.5"
"new_RaptorDiets.csv",2626,"Hill and Lill 1998","Stomach","Stomach","Strigiformes","Strigidae","Ninox","Ninox natalis",NA,"Insecta","Lepidoptera","Macroheterocera","Clade",NA,2,NA,"Australia",-10.482,105.646,"1995.5"
"new_RaptorDiets.csv",2626,"Hill and Lill 1998","Stomach","Stomach","Strigiformes","Strigidae","Ninox","Ninox natalis",NA,"Insecta","Lepidoptera","Sphingidae","Family",NA,1,NA,"Australia",-10.482,105.646,"1995.5"
"new_RaptorDiets.csv",2626,"Hill and Lill 1998","Stomach","Stomach","Strigiformes","Strigidae","Ninox","Ninox natalis",NA,"Insecta","Lepidoptera","Lepidoptera","Order",NA,5,NA,"Australia",-10.482,105.646,"1995.5"
"new_RaptorDiets.csv",2626,"Hill and Lill 1998","Stomach","Stomach","Strigiformes","Strigidae","Ninox","Ninox natalis",NA,"Reptilia","Squamata","Gekkonidae","Family",NA,1,NA,"Australia",-10.482,105.646,"1995.5"
"new_RaptorDiets.csv",2626,"Hill and Lill 1998","Stomach","Stomach","Strigiformes","Strigidae","Ninox","Ninox natalis",NA,"Reptilia","","Reptilia","Class",NA,1,NA,"Australia",-10.482,105.646,"1995.5"
"new_RaptorDiets.csv",2626,"Hill and Lill 1998","Stomach","Stomach","Strigiformes","Strigidae","Ninox","Ninox natalis",NA,"Mammalia","Rodentia","Rattus sp","Genus",NA,1,NA,"Australia",-10.482,105.646,"1995.5"
"new_RaptorDiets.csv",2626,"Hill and Lill 1998","Stomach","Stomach","Strigiformes","Strigidae","Ninox","Ninox natalis",NA,"Aves","Strigiformes","Ninox natalis","Species",NA,1,NA,"Australia",-10.482,105.646,"1995.5"
"new_RaptorDiets.csv",3399,"Hanebrink et al 1979","Stomach","Stomach","Accipitriformes","Acciptridae","Accipiter","Accipiter cooperii",NA,"Insecta","Odonata","Anisoptera","Infraorder",NA,1,NA,"USA",35.95909588,-91.11822501,"1975"
"new_RaptorDiets.csv",3399,"Hanebrink et al 1979","Stomach","Stomach","Accipitriformes","Acciptridae","Accipiter","Accipiter cooperii",NA,"Insecta","Orthoptera","Gryllidae","Family",NA,1,NA,"USA",35.95909588,-91.11822501,"1975"
"new_RaptorDiets.csv",3399,"Hanebrink et al 1979","Stomach","Stomach","Accipitriformes","Acciptridae","Accipiter","Accipiter cooperii",NA,"Amphibia","Anura","Bufo sp","Genus",NA,1,NA,"USA",35.95909588,-91.11822501,"1975"
"new_RaptorDiets.csv",3399,"Hanebrink et al 1979","Stomach","Stomach","Accipitriformes","Acciptridae","Accipiter","Accipiter cooperii",NA,"Reptilia","Squamata","Storeria occipitomaculata","Species",NA,1,NA,"USA",35.95909588,-91.11822501,"1975"
"new_RaptorDiets.csv",3399,"Hanebrink et al 1979","Stomach","Stomach","Accipitriformes","Acciptridae","Accipiter","Accipiter cooperii",NA,"Aves","Galliformes","Gallus gallus","Species",NA,1,NA,"USA",35.95909588,-91.11822501,"1975"
"new_RaptorDiets.csv",3399,"Hanebrink et al 1979","Stomach","Stomach","Accipitriformes","Acciptridae","Accipiter","Accipiter cooperii",NA,"Mammalia","Eulipotyphla","Blarina sp","Genus",NA,1,NA,"USA",35.95909588,-91.11822501,"1975"
"new_RaptorDiets.csv",3399,"Hanebrink et al 1979","Stomach","Stomach","Accipitriformes","Acciptridae","Accipiter","Accipiter cooperii",NA,"Insecta","Coleoptera","Coleoptera","Order",NA,2,NA,"USA",35.95909588,-91.11822501,"1975"
"new_RaptorDiets.csv",3399,"Hanebrink et al 1979","Stomach","Stomach","Accipitriformes","Acciptridae","Accipiter","Accipiter cooperii",NA,"Insecta","Lepidoptera","Lepidoptera","Order",NA,2,NA,"USA",35.95909588,-91.11822501,"1975"
"new_RaptorDiets.csv",3399,"Hanebrink et al 1979","Stomach","Stomach","Accipitriformes","Acciptridae","Accipiter","Accipiter cooperii",NA,"Reptilia","Squamata","Diadophis punctatus","Species",NA,2,NA,"USA",35.95909588,-91.11822501,"1975"
"new_RaptorDiets.csv",3399,"Hanebrink et al 1979","Stomach","Stomach","Accipitriformes","Acciptridae","Accipiter","Accipiter cooperii",NA,"Reptilia","Squamata","Scincella laterale","Species",NA,4,NA,"USA",35.95909588,-91.11822501,"1975"
"new_RaptorDiets.csv",3400,"Hanebrink et al 1979","Stomach","Stomach","Accipitriformes","Acciptridae","Buteo","Buteo jamaicensis",NA,"Amphibia","Anura","Bufo sp","Genus",NA,1,NA,"USA",35.95909588,-91.11822501,"1975"
"new_RaptorDiets.csv",3400,"Hanebrink et al 1979","Stomach","Stomach","Accipitriformes","Acciptridae","Buteo","Buteo jamaicensis",NA,"Mammalia","Didelphimorphia","Didelphis marsupialis","Species",NA,1,NA,"USA",35.95909588,-91.11822501,"1975"
"new_RaptorDiets.csv",3400,"Hanebrink et al 1979","Stomach","Stomach","Accipitriformes","Acciptridae","Buteo","Buteo jamaicensis",NA,"Mammalia","Carnivora","Canis familiaris","Species",NA,1,NA,"USA",35.95909588,-91.11822501,"1975"
"new_RaptorDiets.csv",3400,"Hanebrink et al 1979","Stomach","Stomach","Accipitriformes","Acciptridae","Buteo","Buteo jamaicensis",NA,"Mammalia","Rodentia","Sigmodon hispidus","Species",NA,2,NA,"USA",35.95909588,-91.11822501,"1975"
"new_RaptorDiets.csv",3400,"Hanebrink et al 1979","Stomach","Stomach","Accipitriformes","Acciptridae","Buteo","Buteo jamaicensis",NA,"Mammalia","Rodentia","Microtus sp","Genus",NA,2,NA,"USA",35.95909588,-91.11822501,"1975"
"new_RaptorDiets.csv",3400,"Hanebrink et al 1979","Stomach","Stomach","Accipitriformes","Acciptridae","Buteo","Buteo jamaicensis",NA,"Mammalia","Eulipotyphla","Blarina sp","Genus",NA,3,NA,"USA",35.95909588,-91.11822501,"1975"
"new_RaptorDiets.csv",3400,"Hanebrink et al 1979","Stomach","Stomach","Accipitriformes","Acciptridae","Buteo","Buteo jamaicensis",NA,"Mammalia","Rodentia","Peromyscus sp","Genus",NA,4,NA,"USA",35.95909588,-91.11822501,"1975"
"new_RaptorDiets.csv",3401,"Hanebrink et al 1979","Stomach","Stomach","Strigiformes","Strigidae","Megascops","Megascops asio",NA,"Insecta","Hymenoptera","Hymenoptera","Order",NA,1,NA,"USA",35.95909588,-91.11822501,"1975"
"new_RaptorDiets.csv",3401,"Hanebrink et al 1979","Stomach","Stomach","Strigiformes","Strigidae","Megascops","Megascops asio",NA,"Arachnida","","Arachnida","Class",NA,1,NA,"USA",35.95909588,-91.11822501,"1975"
"new_RaptorDiets.csv",3401,"Hanebrink et al 1979","Stomach","Stomach","Strigiformes","Strigidae","Megascops","Megascops asio",NA,"Actinopterygii","Cypriniformes","Notropis sp","Genus",NA,1,NA,"USA",35.95909588,-91.11822501,"1975"
"new_RaptorDiets.csv",3401,"Hanebrink et al 1979","Stomach","Stomach","Strigiformes","Strigidae","Megascops","Megascops asio",NA,"Amphibia","Anura","Rana sp","Genus",NA,1,NA,"USA",35.95909588,-91.11822501,"1975"
"new_RaptorDiets.csv",3401,"Hanebrink et al 1979","Stomach","Stomach","Strigiformes","Strigidae","Megascops","Megascops asio",NA,"Aves","Passeriformes","Turdus migratorius","Species",NA,1,NA,"USA",35.95909588,-91.11822501,"1975"
"new_RaptorDiets.csv",3401,"Hanebrink et al 1979","Stomach","Stomach","Strigiformes","Strigidae","Megascops","Megascops asio",NA,"Mammalia","Eulipotyphla","Blarina sp","Genus",NA,1,NA,"USA",35.95909588,-91.11822501,"1975"
"new_RaptorDiets.csv",3401,"Hanebrink et al 1979","Stomach","Stomach","Strigiformes","Strigidae","Megascops","Megascops asio",NA,"Insecta","Orthoptera","Gryllidae","Family",NA,2,NA,"USA",35.95909588,-91.11822501,"1975"
"new_RaptorDiets.csv",3401,"Hanebrink et al 1979","Stomach","Stomach","Strigiformes","Strigidae","Megascops","Megascops asio",NA,"Insecta","Orthoptera","Gryllacrididae","Family",NA,2,NA,"USA",35.95909588,-91.11822501,"1975"
"new_RaptorDiets.csv",3401,"Hanebrink et al 1979","Stomach","Stomach","Strigiformes","Strigidae","Megascops","Megascops asio",NA,"Insecta","Hemiptera","Cicadidae","Family",NA,2,NA,"USA",35.95909588,-91.11822501,"1975"
"new_RaptorDiets.csv",3401,"Hanebrink et al 1979","Stomach","Stomach","Strigiformes","Strigidae","Megascops","Megascops asio",NA,"Aves","Passeriformes","Passeriformes","Order",NA,2,NA,"USA",35.95909588,-91.11822501,"1975"
"new_RaptorDiets.csv",3401,"Hanebrink et al 1979","Stomach","Stomach","Strigiformes","Strigidae","Megascops","Megascops asio",NA,"Mammalia","Rodentia","Mus musculus","Species",NA,2,NA,"USA",35.95909588,-91.11822501,"1975"
"new_RaptorDiets.csv",3401,"Hanebrink et al 1979","Stomach","Stomach","Strigiformes","Strigidae","Megascops","Megascops asio",NA,"Malacostraca","Decapoda","Decapoda","Order",NA,3,NA,"USA",35.95909588,-91.11822501,"1975"
"new_RaptorDiets.csv",3401,"Hanebrink et al 1979","Stomach","Stomach","Strigiformes","Strigidae","Megascops","Megascops asio",NA,"Insecta","Coleoptera","Coleoptera","Order",NA,4,NA,"USA",35.95909588,-91.11822501,"1975"
"new_RaptorDiets.csv",3401,"Hanebrink et al 1979","Stomach","Stomach","Strigiformes","Strigidae","Megascops","Megascops asio",NA,"Insecta","Orthoptera","Acrididae","Family",NA,5,NA,"USA",35.95909588,-91.11822501,"1975"
"new_RaptorDiets.csv",3401,"Hanebrink et al 1979","Stomach","Stomach","Strigiformes","Strigidae","Megascops","Megascops asio",NA,"Insecta","Lepidoptera","Lepidoptera","Order",NA,6,NA,"USA",35.95909588,-91.11822501,"1975"
